{
    "temp_degf": 80,
    "pres_psig": [
        100,
        180,
        260,
        340,
        420,
        500,
        580,
        660,
        740,
        820,
        900,
        980,
        1060,
        1140,
        1220,
        1300,
        1380,
        1460,
        1540,
        1620,
        1700,
        1780,
        1860,
        1940,
        2020,
        2100,
        2180,
        2260,
        2340,
        2420,
        2500
    ],
    "oil_api": 22,
    "pbub": 1750,
    "gas_sg": 0.55,
    "watercut": 0.3,
    "fgor": 800,
    "mass_fracs": {
        "oil": [
            0.636514179236956,
            0.637491161896771,
            0.63829787123065,
            0.639047816403223,
            0.639771255797561,
            0.640479424358691,
            0.641177252160794,
            0.641867089198367,
            0.642550074901681,
            0.643226727529875,
            0.643897226490976,
            0.64456156165234,
            0.64521961743992,
            0.645871223572477,
            0.646516187151218,
            0.647154313842744,
            0.647785422194509,
            0.648409353547384,
            0.649025978597214,
            0.649635201889966,
            0.650236964288616,
            0.650831244090672,
            0.651418056947692,
            0.651997454828061,
            0.65256952420772,
            0.653134383662094,
            0.65369218102129,
            0.654243090224324,
            0.654787308028663,
            0.655325050641203,
            0.655856550425888
        ],
        "wat": [
            0.298532812490687,
            0.298663627482895,
            0.29871786810905,
            0.298747448688564,
            0.298766007145936,
            0.298778691219937,
            0.298787875678951,
            0.29879480798867,
            0.298800206347932,
            0.298804513531294,
            0.298808017421899,
            0.298810913337785,
            0.298813338501541,
            0.298815392171062,
            0.298817147938532,
            0.298818661535399,
            0.298819975948766,
            0.298821124870727,
            0.298822135081752,
            0.298823028133287,
            0.298823821559161,
            0.298824529762852,
            0.298825164677812,
            0.298825736266046,
            0.298826252899673,
            0.298826721656576,
            0.298827148552148,
            0.298827538722931,
            0.298827896573609,
            0.298828225895704,
            0.298828529964276
        ],
        "gas": [
            0.0649530082723572,
            0.0638452106203342,
            0.0629842606603006,
            0.062204734908211,
            0.0614627370564978,
            0.0607418844213625,
            0.0600348721602399,
            0.0593381028129623,
            0.058649718750387,
            0.0579687589388306,
            0.057294756087123797,
            0.0566275250098733,
            0.0559670440585348,
            0.0553133842564492,
            0.0546666649102183,
            0.0540270246217797,
            0.0533946018565584,
            0.0527695215818894,
            0.052151886321035,
            0.0515417699767463,
            0.0509392141522233,
            0.0503442261464756,
            0.0497567783744966,
            0.0491768089058934,
            0.0486042228926077,
            0.0480388946813306,
            0.0474806704265627,
            0.046929371052745,
            0.0463847953977282,
            0.0458467234630933,
            0.0453149196098338
        ]
    },
    "volm_fracs": {
        "oil": [
            0.05186501574734607,
            0.08571526019413636,
            0.1175898375891587,
            0.14761570676570204,
            0.175909107608041,
            0.20257638648312454,
            0.22771512523599705,
            0.25141519916911514,
            0.2737597163288757,
            0.2948258494087778,
            0.3146855586829057,
            0.3334062249453936,
            0.35105119570028953,
            0.3676802547310746,
            0.38335002080556635,
            0.3981142817172316,
            0.4120242689515703,
            0.4251288791048066,
            0.4374748466737849,
            0.4491068759525,
            0.4600677365705561,
            0.4703983303910663,
            0.4801377359320738,
            0.4893232368150694,
            0.49799034019983757,
            0.5061727905293719,
            0.5139025830820759,
            0.5212099807823761,
            0.5281235369110833,
            0.5346701250822726,
            0.5408749774211634
        ],
        "wat": [
            0.02216448967983801,
            0.03658110600079441,
            0.050117839152984095,
            0.06283088567008979,
            0.0747717200526388,
            0.08598756743044453,
            0.09652191402860694,
            0.10641496685684529,
            0.11570405482635433,
            0.12442397876454758,
            0.1326073122705316,
            0.14028466164255396,
            0.14748488759079292,
            0.15423529346781883,
            0.1605617831495263,
            0.16648899170288134,
            0.17204039159310974,
            0.17723837734544481,
            0.18210433109913793,
            0.18665867230990565,
            0.19092089393852427,
            0.19490958827794605,
            0.1986424650704482,
            0.20213636455681228,
            0.20540726782401936,
            0.2084703064982429,
            0.21133977344705435,
            0.21402913571214974,
            0.21655105052130322,
            0.2189173847632686,
            0.22113923806517405
        ],
        "gas": [
            0.9259704945728159,
            0.8777036338050692,
            0.8322923232578572,
            0.7895534075642082,
            0.7493191723393203,
            0.7114360460864309,
            0.6757629607353961,
            0.6421698339740396,
            0.61053622884477,
            0.5807501718266745,
            0.5527071290465627,
            0.5263091134120523,
            0.5014639167089175,
            0.47808445180110665,
            0.4560881960449074,
            0.43539672657988715,
            0.41593533945531996,
            0.39763274354974854,
            0.3804208222270772,
            0.3642344517375944,
            0.3490113694909197,
            0.33469208133098766,
            0.32121979899747805,
            0.3085403986281184,
            0.2966023919761431,
            0.28535690297238514,
            0.2747576434708699,
            0.2647608835054741,
            0.2553254125676135,
            0.24641249015445882,
            0.23798578451366256
        ]
    },
    "rho_mix": [
        4.66410719801157,
        7.69571691335365,
        10.5433189585636,
        13.2186376711983,
        15.7324122281459,
        18.0944952393348,
        20.3139593936342,
        22.3991935276876,
        24.357986464409,
        26.1976001794434,
        27.9248326916861,
        29.5460723992057,
        31.0673444217611,
        32.4943499373734,
        33.8324991646843,
        35.0869386445161,
        36.262573394058,
        37.3640845421689,
        38.3959429544202,
        39.3624195298769,
        40.2675926587017,
        41.1153535022771,
        41.9094096526982,
        42.6532877272329,
        43.3503353959354,
        44.0037232737655,
        44.6164470283124,
        45.1913299612112,
        45.7310262429933,
        46.2380248831413,
        46.7146544656261
    ]
}