well,pad,date,kind,wt_uid,after_saved,observed_bhp,observed_oil,observed_pf,ppf,pwh,wc,fgor,qtot,predicted_bhp,predicted_oil,predicted_pf,sonic,bhp_error,oil_error_bopd,oil_error_pct,pressure_view_bhp,pf_error_pct,error
MPB-28,B,2026-08-14,test,-3606416,True,1106.43,344.873,,2334.969,186.587,0.8439521874421675,345.4718113624436,2210.047,1250.5761952484365,250.7678515386104,3083.614863030267,False,144.14619524843647,-94.1051484613896,-27.28689936915607,,,
MPB-28,B,2026-09-05,daily,,True,1001.3533333333335,,91407.73,2553.46,159.296,,,,1190.1465126419605,294.23635932691286,3235.363168205656,False,188.79317930862703,,,1001.3533333333335,-96.46051469803959,
MPB-28,B,2026-09-06,daily,,True,978.7745995423344,,3533.981,2557.857,167.585,,,,1196.2851358166056,289.9053980520884,3233.219834621936,False,217.5105362742712,,,978.7745995423344,-8.510548454506806,
MPB-28,B,2026-09-07,daily,,True,986.0709141274237,,3565.774,2607.54,159.505,,,,1181.3639727514822,300.3993705121789,3267.773982927557,False,195.2930586240584,,,986.0709141274237,-8.357232316810958,
MPB-30,B,2026-07-14,test,-3584974,False,1424.11,306.494,1868.228,2529.046,236.383,0.7715348462768395,7102.227123532598,1341.535,1112.681318161196,367.7163265703852,3006.894980872947,True,-311.42868183880387,61.22232657038518,19.97504896356379,,60.94903731626691,
MPB-30,B,2026-07-20,test,-3588151,False,1186.05,337.1506,1970.665,2554.33,218.317,0.7662227854406736,3452.7715507550633,1442.1876,1112.681318161196,367.7163265703852,3014.8847509951634,True,-73.36868183880392,30.56572657038521,9.065897130358124,,52.988191853773394,
MPB-30,B,2026-07-23,test,-3590886,False,1161.31,332.7796,1974.536,2545.978,215.468,0.7639913885617883,3213.6254746384693,1410.0316,1112.681318161196,367.7163265703852,3012.2479193760896,True,-48.628681838803914,34.93672657038519,10.498458009561041,,52.55472269819794,
MPB-30,B,2026-07-25,test,-3591521,False,1176.05,317.8083,1981.259,2578.717,204.788,0.7688642198574778,3138.7726500535073,1374.9853,1112.681318161196,367.7163265703852,3022.570504014432,True,-63.36868183880392,49.90802657038523,15.703814711694196,,52.55807060129101,
MPB-30,B,2026-08-15,test,-3606417,True,1203.93,255.6425,,2355.21,219.753,0.8282626271651283,4036.8209511329296,1488.5665,1112.681318161196,367.7163265703852,2951.3608526847756,True,-91.24868183880403,112.0738265703852,43.840060463493046,,,
MPB-30,B,2026-08-21,test,-3610548,True,1186.63,256.1679,,2451.642,214.915,0.8206822781300376,3873.4806351615484,1428.5699,1112.681318161196,367.7163265703852,2982.2984768257306,True,-73.94868183880408,111.54842657038523,43.54504470325331,,,
MPB-30,B,2026-09-02,test,-3617972,True,1204.32,275.863,,2565.553,221.094,0.8051034559742496,4289.187023993794,1415.433,1112.681318161196,367.7163265703852,3018.4242653957735,True,-91.6386818388039,91.8533265703852,33.29671850533968,,,
MPB-30,B,2026-07-11,daily,,False,1966.5862912873877,,668.6301,2487.0,69.265,,,,1112.681318161196,367.7163265703852,2993.559875205135,True,-853.9049731261916,,,1966.5862912873877,347.7153922931581,
MPB-30,B,2026-07-12,daily,,False,1832.4219730941702,,1801.573,2529.363,232.359,,,,1112.681318161196,367.7163265703852,3006.9952882597495,True,-719.7406549329742,,,1832.4219730941702,66.90943349282819,
MPB-30,B,2026-07-13,daily,,False,1627.48949827784,,1833.478,2546.201,212.184,,,,1112.681318161196,367.7163265703852,3012.3183541101303,True,-514.808180116644,,,1627.48949827784,64.29530946704187,
MPB-30,B,2026-07-14,daily,,False,1424.1138303814719,,1868.228,2529.046,218.471,,,,1112.681318161196,367.7163265703852,3006.894980872947,True,-311.43251222027584,,,1424.1138303814719,60.94903731626691,
MPB-30,B,2026-07-15,daily,,False,1330.6235311812177,,1950.254,2495.164,191.618,,,,1112.681318161196,367.7163265703852,2996.1303586109966,True,-217.94221302002165,,,1330.6235311812177,53.62769970532027,
MPB-30,B,2026-07-16,daily,,False,1267.595970982142,,1916.24,2478.695,190.333,,,,1112.681318161196,367.7163265703852,2990.918676200745,True,-154.914652820946,,,1267.595970982142,56.0826762931963,
MPB-30,B,2026-07-17,daily,,False,1243.090106086956,,1928.339,2490.474,187.809,,,,1112.681318161196,367.7163265703852,2994.6639846781045,True,-130.40878792575995,,,1243.090106086956,55.29758951502326,
MPB-30,B,2026-07-18,daily,,False,1218.5175234042586,,1953.417,2579.608,188.169,,,,1112.681318161196,367.7163265703852,3022.850929267098,True,-105.83620524306252,,,1218.5175234042586,54.74683230805803,
MPB-30,B,2026-07-19,daily,,False,1208.25775174825,,1968.085,2594.115,200.001,,,,1112.681318161196,367.7163265703852,3027.4129742330906,True,-95.576433587054,,,1208.25775174825,53.8253161948336,
MPB-30,B,2026-07-20,daily,,False,1186.0544970364126,,1970.665,2554.33,188.71,,,,1112.681318161196,367.7163265703852,3014.8847509951634,True,-73.37317887521658,,,1186.0544970364126,52.988191853773394,
MPB-30,B,2026-07-21,daily,,False,1190.9878369851021,,1967.984,2581.635,185.884,,,,1112.681318161196,367.7163265703852,3023.4887892509087,True,-78.30651882390612,,,1190.9878369851021,53.633809484777764,
MPB-30,B,2026-07-22,daily,,False,1191.8166115384606,,1967.642,2548.596,194.749,,,,1112.681318161196,367.7163265703852,3013.0747101542775,True,-79.13529337726459,,,1191.8166115384606,53.13124593570768,
MPB-30,B,2026-07-23,daily,,False,1161.3094931129494,,1974.536,2545.978,189.904,,,,1112.681318161196,367.7163265703852,3012.2479193760896,True,-48.62817495175341,,,1161.3094931129494,52.55472269819794,
MPB-30,B,2026-07-24,daily,,False,1181.5359196597353,,1981.376,2568.42,183.14,,,,1112.681318161196,367.7163265703852,3019.327777145747,True,-68.8546014985393,,,1181.5359196597353,52.385401718086165,
MPB-30,B,2026-07-25,daily,,False,1176.046844106465,,1981.259,2578.717,194.151,,,,1112.681318161196,367.7163265703852,3022.570504014432,True,-63.36552594526893,,,1176.046844106465,52.55807060129101,
MPB-30,B,2026-07-26,daily,,False,1157.1158846899218,,1999.003,2589.296,180.869,,,,1112.681318161196,367.7163265703852,3025.89831803429,True,-44.43456652872578,,,1157.1158846899218,51.37037403317004,
MPB-30,B,2026-07-27,daily,,False,1167.222746425167,,1992.842,2569.366,181.731,,,,1112.681318161196,367.7163265703852,3019.625840385847,True,-54.541428263971056,,,1167.222746425167,51.52359496567449,
MPB-30,B,2026-07-28,daily,,False,1214.3188119575696,,1987.943,2594.757,182.268,,,,1112.681318161196,367.7163265703852,3027.6147019596674,True,-101.63749379637352,,,1214.3188119575696,52.2988688287173,
MPB-30,B,2026-07-29,daily,,False,1174.5005845272199,,1990.282,2622.855,192.227,,,,1112.681318161196,367.7163265703852,3036.430092438175,True,-61.81926636602384,,,1174.5005845272199,52.56280730259206,
MPB-30,B,2026-07-30,daily,,False,1228.8785581613506,,1992.713,2585.622,181.822,,,,1112.681318161196,367.7163265703852,3024.743022072253,True,-116.19724000015458,,,1228.8785581613506,51.79019869254895,
MPB-30,B,2026-07-31,daily,,False,1191.7371351094177,,1966.117,2571.219,191.712,,,,1112.681318161196,367.7163265703852,3020.2095912288914,True,-79.05581694822172,,,1191.7371351094177,53.61291272232993,
MPB-30,B,2026-08-01,daily,,False,1206.0075777777777,,1992.823,2598.737,180.568,,,,1112.681318161196,367.7163265703852,3028.8649799514405,True,-93.32625961658164,,,1206.0075777777777,51.988660305076785,
MPB-30,B,2026-08-02,daily,,False,1745.7459694501026,,2009.501,2607.661,180.653,,,,1112.681318161196,367.7163265703852,3031.6664403197187,True,-633.0646512889066,,,1745.7459694501026,50.86663008974461,
MPB-30,B,2026-09-05,daily,,True,1921.651108446298,,51355.57,2548.367,187.245,,,,1112.681318161196,367.7163265703852,3013.002398953106,True,-808.9697902851019,,,1921.651108446298,-94.13305626059042,
MPB-30,B,2026-09-06,daily,,True,1294.3197922746785,,1239.937,1642.986,201.028,,,,,,,,,,,1294.3197922746785,,ValueError: well cannot lift at max suction pressure
MPB-30,B,2026-09-07,daily,,True,1224.425554644811,,2020.797,2603.04,190.161,,,,1112.681318161196,367.7163265703852,3030.2161285872153,True,-111.74423648361494,,,1224.425554644811,49.95153538862218,
MPB-35,B,2026-09-05,test,-3621685,True,290.49,388.9658,82133.56,2548.61,204.213,0.0,389.9540782248722,388.9658,894.0755511555342,281.92442326262847,2642.4483692101176,False,603.5855511555342,-107.04137673737154,-27.519482879310097,,-96.78274219550434,
MPB-35,B,2026-09-05,daily,,True,290.4878355778411,,82133.56,2548.61,181.674,,,,856.7028885903139,291.538117361391,2656.3559668299586,False,566.2150530124728,,,290.4878355778411,-96.76580929058723,
MPB-35,B,2026-09-06,daily,,True,303.42236298288304,,2074.852,1636.063,167.341,,,,1229.9442784919647,180.68270834922194,2129.183403409391,False,926.5219155090817,,,303.42236298288304,2.6185676573264427,
MPB-35,B,2026-09-07,daily,,True,301.9134061302679,,3161.649,2603.17,169.063,,,,812.0127542016766,302.599909257826,2692.7744795208846,False,510.09934807140866,,,301.9134061302679,-14.83006242878685,
MPB-37,B,2026-06-16,test,-3567774,False,584.08,374.7509,1961.71,2388.838,195.787,0.0,339.287510717119,374.7509,559.5745126633467,310.5756418398371,1702.9036200290398,True,-24.505487336653346,-64.17525816016291,-17.12477759497386,,-13.192897011839689,
MPB-37,B,2026-06-19,test,-3567773,False,558.3,425.9373,2015.485,2549.719,196.941,0.0,360.4312183976374,425.9373,559.5745126633467,310.5756418398371,1737.104272517239,True,1.2745126633467407,-115.3616581601629,-27.08418778072803,,-13.812096219161186,
MPB-37,B,2026-06-22,test,-3569975,False,565.37,382.9553,2012.889,2579.999,197.802,0.10123314410087829,357.0949403233223,426.0897,559.5745126633467,310.5756418398371,1743.4645308001027,True,-5.795487336653309,-72.37965816016293,-18.90028892671363,,-13.38496405911589,
MPB-37,B,2026-06-24,test,-3569974,False,537.29,409.6331,2030.684,2627.527,198.733,0.04894452051963924,338.8058728652543,430.7142,559.5745126633467,310.5756418398371,1753.4000610517753,True,22.28451266334673,-99.05745816016292,-24.181995585845705,,-13.65470644119049,
MPB-37,B,2026-06-27,test,-3572250,False,540.37,417.4236,2037.928,2616.402,195.301,0.0,355.44204975473355,417.4236,559.5745126633467,310.5756418398371,1751.079601584205,True,19.20451266334669,-106.84795816016293,-25.59700940726948,,-14.075492285095216,
MPB-37,B,2026-06-30,test,-3574430,False,543.46,430.1522,2043.002,2678.477,198.087,0.008914082748511536,331.3466721778942,434.0211,559.5745126633467,310.5756418398371,1763.9872975450435,True,16.11451266334666,-119.5765581601629,-27.79866246416104,,-13.657093945818776,
MPB-37,B,2026-07-03,test,-3576384,False,533.04,398.3887,2054.0281,2724.238,196.703,0.0645574625495383,348.46947215119303,425.8826,559.5745126633467,310.5756418398371,1773.4410868306263,True,26.53451266334673,-87.81305816016288,-22.042055449906805,,-13.660329825544926,
MPB-37,B,2026-07-08,test,-3588245,False,549.62,380.2052,1998.34,2572.02,194.62,0.08626747531610099,325.44504914714474,416.1012,559.5745126633467,310.5756418398371,1741.7908640922742,True,9.95451266334669,-69.6295581601629,-18.313678550467728,,-12.83811242870211,
MPB-37,B,2026-07-15,test,-3588246,False,572.4,334.3858,2032.267,2501.919,195.818,0.0,450.3935274763462,334.3858,559.5745126633467,310.5756418398371,1727.0151563845054,True,-12.825487336653282,-23.810158160162928,-7.1205649761930445,,-15.02026277135311,
MPB-37,B,2026-07-21,test,-3588749,False,545.67,324.7115,2066.475,2588.132,201.075,0.03946030644479488,373.23223846399037,338.0511,559.5745126633467,310.5756418398371,1745.1688089037623,True,13.904512663346736,-14.135858160162911,-4.3533592620412005,,-15.54851576216686,
MPB-37,B,2026-07-24,test,-3590889,False,551.99,347.9262,2083.939,2575.217,201.371,0.0,325.4227476976439,347.9262,559.5745126633467,310.5756418398371,1742.4616611228741,True,7.584512663346686,-37.350558160162905,-10.73519561336942,,-16.386148485014473,
MPB-37,B,2026-07-27,test,-3592450,False,544.09,302.4864,2087.166,2576.429,193.503,0.0,338.5051360986808,302.4864,559.5745126633467,310.5756418398371,1742.7158947921018,True,15.484512663346663,8.089241839837086,2.674249764563652,,-16.503244361392355,
MPB-37,B,2026-08-13,test,-3606419,True,703.2,245.8633,,2303.562,206.747,0.6457733472586271,279.2901583928956,694.0847,581.962992400614,282.22591832600176,1654.3283721949738,False,-121.23700759938606,36.36261832600175,14.789770708357764,,,
MPB-37,B,2026-08-16,test,-3610549,True,658.3,285.7838,,2473.449,202.768,0.6158094887798718,285.6519508803508,743.8596,559.5745126633467,310.5756418398371,1720.9772397680583,True,-98.72548733665326,24.791841839837105,8.675034008168803,,,
MPB-37,B,2026-09-07,test,-3621686,True,573.96,325.2873,1709.296,2612.054,201.396,0.5685916347540657,242.9796675123806,754.0125,559.5745126633467,310.5756418398371,1750.1718365667307,True,-14.385487336653341,-14.711658160162926,-4.522666012525822,,2.391384322360235,
MPB-37,B,2026-06-10,daily,,False,574.3941542758279,,1995.078,2457.927,168.704,,,,559.5745126633467,310.5756418398371,1717.6761842075423,True,-14.819641612481178,,,574.3941542758279,-13.904309294797379,
MPB-37,B,2026-06-11,daily,,False,582.3364928500034,,1977.568,2414.698,171.126,,,,559.5745126633467,310.5756418398371,1708.4482920477355,True,-22.76198018665673,,,582.3364928500034,-13.608619675898092,
MPB-37,B,2026-06-12,daily,,False,582.0194907714883,,1972.844,2415.015,177.856,,,,559.5745126633467,310.5756418398371,1708.5161461671134,True,-22.44497810814164,,,582.0194907714883,-13.39831501288934,
MPB-37,B,2026-06-13,daily,,False,589.4640715691132,,1963.126,2384.856,170.962,,,,559.5745126633467,310.5756418398371,1702.04819312728,True,-29.889558905766535,,,589.4640715691132,-13.299085584558501,
MPB-37,B,2026-06-14,daily,,False,593.1228641912526,,1955.537,2362.805,169.944,,,,559.5745126633467,310.5756418398371,1697.3031384674969,True,-33.54835152790588,,,593.1228641912526,-13.20526594651511,
MPB-37,B,2026-06-15,daily,,False,594.9854676884447,,1963.567,2418.55,182.518,,,,559.5745126633467,310.5756418398371,1709.2726292040861,True,-35.41095502509802,,,594.9854676884447,-12.950633759678887,
MPB-37,B,2026-06-16,daily,,False,584.0771125000012,,1961.71,2388.838,169.952,,,,559.5745126633467,310.5756418398371,1702.9036200290398,True,-24.502599836654554,,,584.0771125000012,-13.192897011839689,
MPB-37,B,2026-06-17,daily,,False,586.6142707304788,,1970.37,2415.265,169.159,,,,559.5745126633467,310.5756418398371,1708.569656935047,True,-27.039758067132084,,,586.6142707304788,-13.286862013984823,
MPB-37,B,2026-06-18,daily,,False,567.4837188953459,,2002.087,2505.152,173.562,,,,559.5745126633467,310.5756418398371,1727.699445407626,True,-7.909206231999178,,,567.4837188953459,-13.705076482309408,
MPB-37,B,2026-06-19,daily,,False,558.2997610866379,,2015.485,2549.719,183.018,,,,559.5745126633467,310.5756418398371,1737.104272517239,True,1.274751576708809,,,558.2997610866379,-13.812096219161186,
MPB-37,B,2026-06-20,daily,,False,557.9483757869217,,2016.783,2547.505,172.928,,,,559.5745126633467,310.5756418398371,1736.6382901653371,True,1.6261368764249937,,,557.9483757869217,-13.890671918330465,
MPB-37,B,2026-06-21,daily,,False,557.8842545807074,,2016.219,2565.666,182.507,,,,559.5745126633467,310.5756418398371,1740.4568769224138,True,1.690258082639275,,,557.8842545807074,-13.677190973678266,
MPB-37,B,2026-06-22,daily,,False,565.3674339521249,,2012.889,2579.999,175.978,,,,559.5745126633467,310.5756418398371,1743.4645308001027,True,-5.792921288778189,,,565.3674339521249,-13.38496405911589,
MPB-37,B,2026-06-23,daily,,False,552.0940282387188,,2002.429,2538.462,171.373,,,,559.5745126633467,310.5756418398371,1734.7336719971618,True,7.480484424627889,,,552.0940282387188,-13.368530320068196,
MPB-37,B,2026-06-24,daily,,False,537.2908008176981,,2030.684,2627.527,186.674,,,,559.5745126633467,310.5756418398371,1753.4000610517753,True,22.283711845648554,,,537.2908008176981,-13.65470644119049,
MPB-37,B,2026-06-25,daily,,False,543.8078116391885,,2039.414,2639.128,174.211,,,,559.5745126633467,310.5756418398371,1755.816459418121,True,15.766701024158237,,,543.8078116391885,-13.905834743797929,
MPB-37,B,2026-06-26,daily,,False,553.0575264849072,,2042.012,2628.022,171.304,,,,559.5745126633467,310.5756418398371,1753.5032353773722,True,6.516986178439538,,,553.0575264849072,-14.12865177200857,
MPB-37,B,2026-06-27,daily,,False,540.3738095513753,,2037.928,2616.402,184.331,,,,559.5745126633467,310.5756418398371,1751.079601584205,True,19.200703111971393,,,540.3738095513753,-14.075492285095216,
MPB-37,B,2026-06-28,daily,,False,618.2734961498971,,2027.028,2609.042,172.584,,,,559.5745126633467,310.5756418398371,1749.5427155933796,True,-58.698983486550446,,,618.2734961498971,-13.689267459878229,
MPB-37,B,2026-06-29,daily,,False,546.209787761049,,1940.828,2439.555,167.845,,,,559.5745126633467,310.5756418398371,1713.7606116314416,True,13.364724902297667,,,546.209787761049,-11.699511155473763,
MPB-37,B,2026-06-30,daily,,False,543.464034629232,,2043.002,2678.477,186.329,,,,559.5745126633467,310.5756418398371,1763.9872975450435,True,16.11047803411475,,,543.464034629232,-13.657093945818776,
MPB-37,B,2026-07-01,daily,,False,535.7448163618382,,2043.132,2683.155,173.719,,,,559.5745126633467,310.5756418398371,1764.9561090991272,True,23.829696301508534,,,535.7448163618382,-13.615169793281733,
MPB-37,B,2026-07-02,daily,,False,539.1697463390667,,2049.558,2706.952,171.777,,,,559.5745126633467,310.5756418398371,1769.8760441879724,True,20.40476632427999,,,539.1697463390667,-13.645964437797197,
MPB-37,B,2026-07-03,daily,,False,533.0354404844267,,2054.0281,2724.238,185.233,,,,559.5745126633467,310.5756418398371,1773.4410868306263,True,26.539072178920037,,,533.0354404844267,-13.660329825544926,
MPB-37,B,2026-07-04,daily,,False,542.9309821858424,,2055.9048,2699.916,173.926,,,,559.5745126633467,310.5756418398371,1768.4228395270297,True,16.643530477504328,,,542.9309821858424,-13.983233098778214,
MPB-37,B,2026-07-06,daily,,False,539.2578196808449,,2041.5005,2657.187,171.869,,,,559.5745126633467,310.5756418398371,1759.571245159338,True,20.316692982501763,,,539.2578196808449,-13.809903785997701,
MPB-37,B,2026-07-07,daily,,False,549.1571099125349,,2031.607,2671.441,179.23,,,,559.5745126633467,310.5756418398371,1762.5291178665664,True,10.417402750811789,,,549.1571099125349,-13.24458333395354,
MPB-37,B,2026-07-08,daily,,False,549.6215964666012,,1998.34,2572.02,182.947,,,,559.5745126633467,310.5756418398371,1741.7908640922742,True,9.952916196745491,,,549.6215964666012,-12.83811242870211,
MPB-37,B,2026-07-09,daily,,False,547.6830340311593,,2009.096,2547.023,165.444,,,,559.5745126633467,310.5756418398371,1736.5368262701559,True,11.891478632187386,,,547.6830340311593,-13.56625933901835,
MPB-37,B,2026-07-10,daily,,False,560.5042376035069,,2020.731,2538.981,165.401,,,,559.5745126633467,310.5756418398371,1734.843040622583,True,-0.929724940160213,,,560.5042376035069,-14.147749471721715,
MPB-37,B,2026-07-11,daily,,False,554.9725446123842,,2022.148,2537.228,179.691,,,,559.5745126633467,310.5756418398371,1734.4736034083935,True,4.601968050962455,,,554.9725446123842,-14.226179121983474,
MPB-37,B,2026-07-12,daily,,False,554.5660382936488,,2025.96,2534.921,164.963,,,,559.5745126633467,310.5756418398371,1733.987290269298,True,5.008474369697865,,,554.5660382936488,-14.411573265548283,
MPB-37,B,2026-07-13,daily,,False,553.9830746548333,,2033.73,2551.647,171.835,,,,559.5745126633467,310.5756418398371,1737.5099559947814,True,5.591438008513364,,,553.9830746548333,-14.565357446918647,
MPB-37,B,2026-07-14,daily,,False,569.4301710956865,,2036.498,2535.254,165.124,,,,559.5745126633467,310.5756418398371,1734.057494936635,True,-9.855658432339851,,,569.4301710956865,-14.851009186523378,
MPB-37,B,2026-07-15,daily,,False,572.4037782233511,,2032.267,2501.919,181.158,,,,559.5745126633467,310.5756418398371,1727.0151563845054,True,-12.829265560004387,,,572.4037782233511,-15.02026277135311,
MPB-37,B,2026-07-16,daily,,False,562.4924077922052,,2027.746,2484.856,164.379,,,,559.5745126633467,310.5756418398371,1723.3990354831672,True,-2.917895128858504,,,562.4924077922052,-15.009126612348533,
MPB-37,B,2026-07-17,daily,,False,554.3079982960057,,2040.985,2497.083,165.027,,,,559.5745126633467,310.5756418398371,1725.9910618691033,True,5.26651436734096,,,554.3079982960057,-15.433427395639686,
MPB-37,B,2026-07-18,daily,,False,546.4481404554259,,2067.178,2585.988,165.746,,,,559.5745126633467,310.5756418398371,1744.7196970759503,True,13.126372207920781,,,546.4481404554259,-15.598961624206986,
MPB-37,B,2026-07-19,daily,,False,554.7420403799325,,2069.276,2600.662,165.213,,,,559.5745126633467,310.5756418398371,1747.7911521021201,True,4.832472283414177,,,554.7420403799325,-15.536102863894408,
MPB-37,B,2026-07-20,daily,,False,551.9155026881674,,2064.018,2561.267,176.49,,,,559.5745126633467,310.5756418398371,1739.5327175614138,True,7.659009975179288,,,551.9155026881674,-15.721049062488124,
MPB-37,B,2026-07-21,daily,,False,545.6716743011278,,2066.475,2588.132,172.553,,,,559.5745126633467,310.5756418398371,1745.1688089037623,True,13.902838362218858,,,545.6716743011278,-15.54851576216686,
MPB-37,B,2026-07-22,daily,,False,552.3689484923378,,2058.896,2555.362,163.868,,,,559.5745126633467,310.5756418398371,1738.291380843801,True,7.205564171008859,,,552.3689484923378,-15.571676236011879,
MPB-37,B,2026-07-23,daily,,False,559.6829368159208,,2068.823,2553.063,173.042,,,,559.5745126633467,310.5756418398371,1737.8078443426427,True,-0.1084241525741163,,,559.6829368159208,-16.000168001678105,
MPB-37,B,2026-07-24,daily,,False,551.9854554080632,,2083.939,2575.217,174.293,,,,559.5745126633467,310.5756418398371,1742.4616611228741,True,7.589057255283478,,,551.9854554080632,-16.386148485014473,
MPB-37,B,2026-07-25,daily,,False,558.614012892158,,2092.013,2585.29,163.183,,,,559.5745126633467,310.5756418398371,1744.5734588163186,True,0.9604997711886654,,,558.614012892158,-16.60790545678642,
MPB-37,B,2026-07-26,daily,,False,554.4095639231148,,2092.501,2596.834,178.184,,,,559.5745126633467,310.5756418398371,1746.990436112564,True,5.164948740231921,,,554.4095639231148,-16.511847014048552,
MPB-37,B,2026-07-27,daily,,False,544.0910019961071,,2087.166,2576.429,167.123,,,,559.5745126633467,310.5756418398371,1742.7158947921018,True,15.483510667239557,,,544.0910019961071,-16.503244361392355,
MPB-37,B,2026-07-28,daily,,False,534.5909211885025,,2096.534,2601.564,166.471,,,,559.5745126633467,310.5756418398371,1747.9797718751677,True,24.98359147484416,,,534.5909211885025,-16.625259982658637,
MPB-37,B,2026-07-29,daily,,False,540.6652414705887,,2103.973,2629.961,166.095,,,,559.5745126633467,310.5756418398371,1753.9073270573574,True,18.909271192757956,,,540.6652414705887,-16.638315840680583,
MPB-37,B,2026-07-30,daily,,False,546.7302641819924,,2097.016,2592.601,166.049,,,,559.5745126633467,310.5756418398371,1746.104567050444,True,12.84424848135427,,,546.7302641819924,-16.73384623434232,
MPB-37,B,2026-07-31,daily,,False,550.1206288845551,,2107.556,2578.387,165.671,,,,559.5745126633467,310.5756418398371,1743.1265320041143,True,9.453883778791578,,,550.1206288845551,-17.29156748365812,
MPB-37,B,2026-08-01,daily,,False,548.4948723099668,,2101.704,2605.985,179.316,,,,559.5745126633467,310.5756418398371,1748.9039584008708,True,11.079640353379887,,,548.4948723099668,-16.78638103173089,
MPB-37,B,2026-08-02,daily,,False,703.32415091954,,2103.873,2615.754,167.002,,,,559.5745126633467,310.5756418398371,1750.9443442626625,True,-143.7496382561933,,,703.32415091954,-16.775188223687344,
MPB-37,B,2026-09-05,daily,,True,594.1189091841985,,44102.63,2557.681,178.324,,,,559.5745126633467,310.5756418398371,1738.778984361542,True,-34.54439652085182,,,594.1189091841985,-96.05742563570122,
MPB-37,B,2026-09-06,daily,,True,591.7264505226499,,1669.225,2563.824,170.861,,,,559.5745126633467,310.5756418398371,1740.0699634203495,True,-32.15193785930319,,,591.7264505226499,4.244182984340017,
MPB-37,B,2026-09-07,daily,,True,573.962622922778,,1709.296,2612.054,174.306,,,,559.5745126633467,310.5756418398371,1750.1718365667307,True,-14.3881102594313,,,573.962622922778,2.391384322360235,
MPB-39,B,2026-07-28,test,-3593375,False,409.52,506.6816,2008.568,2619.0,188.899,0.43321162657502865,409.5005620886963,893.952,422.4509067790036,386.08687548673834,2254.269034493385,True,12.930906779003635,-120.59472451326167,-23.800888864577217,,12.232647064644308,
MPB-39,B,2026-08-02,test,-3606420,False,534.15,405.5867,2007.235,2608.0,188.572,0.43957552810269923,390.0401566422173,723.7134,422.4509067790036,386.08687548673834,2251.3546307793613,True,-111.69909322099636,-19.49982451326167,-4.807806694169625,,12.161985556218458,
MPB-39,B,2026-08-17,test,-3607223,True,416.66,374.537,,2290.0,198.701,0.3697712588219101,310.1963223927142,594.2874,446.71088743112506,370.54346105670083,2139.484745073171,False,30.050887431125034,-3.993538943299143,-1.0662601941327954,,,
MPB-39,B,2026-08-19,test,-3610550,True,386.61,340.4924,,2495.0,197.764,0.4039868828675925,317.8514410306955,571.2834,422.4509067790036,386.08687548673834,2221.1889552476177,True,35.8409067790036,45.59447548673836,13.3907468967702,,,
MPB-39,B,2026-07-26,daily,,False,524.1896283419934,,1058.805,2604.0,156.993,,,,422.4509067790036,386.08687548673834,2250.293888963614,True,-101.73872156298978,,,524.1896283419934,112.53147548071776,
MPB-39,B,2026-07-27,daily,,False,434.93519962511664,,2004.991,2586.0,188.378,,,,422.4509067790036,386.08687548673834,2245.514199034264,True,-12.484292846113021,,,434.93519962511664,11.996223376277705,
MPB-39,B,2026-07-28,daily,,False,409.5173049999998,,2008.568,2619.0,166.424,,,,422.4509067790036,386.08687548673834,2254.269034493385,True,12.933601779003823,,,409.5173049999998,12.232647064644308,
MPB-39,B,2026-07-29,daily,,False,396.6277048364154,,2015.256,2580.0,173.168,,,,422.4509067790036,386.08687548673834,2243.9186516660175,True,25.82320194258824,,,396.6277048364154,11.346580864466716,
MPB-39,B,2026-07-30,daily,,False,375.7101226711024,,2008.442,2615.0,170.232,,,,422.4509067790036,386.08687548673834,2253.2096981138716,True,46.74078410790122,,,375.7101226711024,12.186943815846885,
MPB-39,B,2026-07-31,daily,,False,367.6956425592412,,2002.248,2569.0,164.73,,,,422.4509067790036,386.08687548673834,2240.990459591373,True,54.75526421976241,,,367.6956425592412,11.923720717482201,
MPB-39,B,2026-08-01,daily,,False,359.8730221482887,,2008.249,2656.0,165.843,,,,422.4509067790036,386.08687548673834,2264.0438255329864,True,62.57788463071489,,,359.8730221482887,12.737206667748179,
MPB-39,B,2026-08-02,daily,,False,534.1457764807361,,2007.235,2608.0,175.884,,,,422.4509067790036,386.08687548673834,2251.3546307793613,True,-111.6948697017325,,,534.1457764807361,12.161985556218458,
MPB-39,B,2026-09-05,daily,,True,355.83176924893814,,53963.65,2661.0,173.786,,,,422.4509067790036,386.08687548673834,2265.36142903203,True,66.61913753006547,,,355.83176924893814,-95.80206040727039,
MPB-39,B,2026-09-06,daily,,True,355.1407830090173,,1943.521,2659.0,167.974,,,,422.4509067790036,386.08687548673834,2264.834481882412,True,67.31012376998632,,,355.1407830090173,16.532544895702816,
MPB-39,B,2026-09-07,daily,,True,329.22939473184647,,1952.316,2557.0,177.553,,,,422.4509067790036,386.08687548673834,2237.7915927028153,True,93.22151204715715,,,329.22939473184647,14.622407064369458,
MPE-24,E,2026-08-12,test,-3606409,False,963.25,242.8834,3065.231,3231.495,254.82,0.9007425163365118,62.73956968652448,2447.0034,957.8336226499405,126.36134656118216,2845.040007408443,False,-5.41637735005952,-116.52205343881784,-47.974482174911024,,-7.183504035798838,
MPE-24,E,2026-08-16,test,-3610539,False,904.11,243.832,3098.148,3316.346,257.794,0.895101658019497,62.73417763049969,2324.46,955.2963000616847,135.32224732473364,2876.428313781827,False,51.18630006168473,-108.50975267526636,-44.50185073135042,,-7.156523388107128,
MPE-24,E,2026-08-18,test,-3610538,False,896.24,235.4387,3112.214,3296.487,255.184,0.8964958435668299,62.719510428829246,2274.6787,955.6739664780804,133.98979958536458,2869.328167765051,False,59.43396647808038,-101.44890041463543,-43.08930537529957,,-7.804277991004116,
MPE-24,E,2026-08-20,test,-3610537,False,891.28,222.2126,3107.831,3292.422,254.492,0.8996508571688172,62.719215742041634,2214.3946,955.734089737354,133.77763525134378,2867.890811655315,False,64.45408973735402,-88.43496474865623,-39.797457366799286,,-7.7205030886391635,
MPE-24,E,2026-09-07,test,-3621677,True,860.75,238.2063,3207.295,3323.022,262.293,0.8861008617614222,63.386652661999285,2091.3793,955.5672692861152,134.36628599597938,2878.3960712915937,False,94.81726928611522,-103.84001400402062,-43.59247173732207,,-10.254713978864006,
MPE-24,E,2026-08-11,daily,,False,1012.1142857142858,,2628.643,2456.139,201.109,,,,981.3710673809225,42.2328266481385,2545.8663945680305,False,-30.743218333363302,,,1012.1142857142858,-3.1490242468060314,
MPE-24,E,2026-08-12,daily,,False,963.2547169811321,,3065.231,3231.495,235.967,,,,955.7319804404354,133.78507878655583,2847.2072647581626,False,-7.5227365406966555,,,963.2547169811321,-7.112799499999756,
MPE-24,E,2026-08-13,daily,,False,939.3032786885246,,3063.796,3204.645,216.98,,,,954.5203221573167,138.05851809991216,2839.331899554999,False,15.217043468792099,,,939.3032786885246,-7.326339627214118,
MPE-24,E,2026-08-14,daily,,False,924.2361111111111,,3100.468,3231.422,216.652,,,,953.5865232250751,141.3486921592179,2849.4759770424644,False,29.350412113964012,,,924.2361111111111,-8.09529474123053,
MPE-24,E,2026-08-15,daily,,False,913.0333333333333,,3042.221,3272.88,216.334,,,,952.1756116153362,146.31453329575723,2865.1012160051187,False,39.14227828200285,,,913.0333333333333,-5.822055136522996,
MPE-24,E,2026-08-16,daily,,False,904.109756097561,,3098.148,3316.346,228.751,,,,952.1094393565052,146.54727331236725,2879.8527496771103,False,47.999683258944174,,,904.109756097561,-7.045991680284147,
MPE-24,E,2026-08-17,daily,,False,900.4722222222222,,3113.861,3281.981,223.355,,,,952.6488028134155,144.6498157117788,2867.6596827396947,False,52.17658059119333,,,900.4722222222222,-7.906625159578584,
MPE-24,E,2026-08-18,daily,,False,896.2434210526316,,3112.214,3296.487,228.578,,,,952.7443854232026,144.31346100820136,2872.4578606319083,False,56.50096437057107,,,896.2434210526316,-7.7037163693785775,
MPE-24,E,2026-08-19,daily,,False,894.5281690140845,,3098.663,3284.776,220.338,,,,952.2243799349081,146.14299697841545,2869.0722846922513,False,57.69621092082366,,,894.5281690140845,-7.409347686655465,
MPE-24,E,2026-08-20,daily,,False,891.276119402985,,3107.831,3292.422,225.566,,,,952.5473829954051,145.00667887384398,2871.300723065015,False,61.27126359242004,,,891.276119402985,-7.610783113206121,
MPE-24,E,2026-08-21,daily,,False,885.7168674698795,,3117.811,3278.764,213.484,,,,951.6678384784296,148.10009850843858,2867.656772155276,False,65.95097100855014,,,885.7168674698795,-8.023392946035667,
MPE-24,E,2026-08-22,daily,,False,879.0909090909091,,3137.905,3315.868,213.595,,,,950.4661616756591,152.32239344803122,2881.526713474513,False,71.37525258475,,,879.0909090909091,-8.17036483021274,
MPE-24,E,2026-08-23,daily,,False,880.2802197802198,,3177.877,3327.799,209.813,,,,949.6657042499506,155.13231752044297,2886.449310295224,False,69.38548446973084,,,880.2802197802198,-9.170515086165254,
MPE-24,E,2026-08-24,daily,,False,881.6538461538462,,3153.165,3268.161,211.732,,,,951.823735964247,147.55198047420302,2863.893839289177,False,70.16988981040083,,,881.6538461538462,-9.173993771680934,
MPE-24,E,2026-08-25,daily,,False,1011.5612244897959,,3141.214,3288.366,222.887,,,,952.3865025183392,145.57269569171265,2870.1070563715616,False,-59.174721971456734,,,1011.5612244897959,-8.630642281246626,
MPE-24,E,2026-08-26,daily,,False,953.2051282051282,,1620.543,3290.962,189.561,,,,948.6390211864983,158.73331843784172,2875.2320307943382,False,-4.56610701862985,,,953.2051282051282,77.42398879846684,
MPE-24,E,2026-08-27,daily,,False,897.2282608695652,,3160.486,3330.029,216.888,,,,950.3654090390139,152.6761904832662,2886.4032124383243,False,53.137148169448665,,,897.2282608695652,-8.672172177370053,
MPE-24,E,2026-08-28,daily,,False,883.3452380952381,,3160.929,3313.115,217.561,,,,950.9898813955298,150.48279568270164,2880.0097962617306,False,67.6446433002917,,,883.3452380952381,-8.887235484829603,
MPE-24,E,2026-08-29,daily,,False,884.0591397849462,,3166.992,3318.269,212.748,,,,950.2954344237442,152.92188970781015,2882.5280548526503,False,66.23629463879797,,,884.0591397849462,-8.982149154382135,
MPE-24,E,2026-08-30,daily,,False,873.9147727272727,,3180.3,3328.125,227.538,,,,951.5906352513194,148.3715069706333,2884.390695097905,False,77.67586252404669,,,873.9147727272727,-9.304446275574485,
MPE-24,E,2026-08-31,daily,,False,876.0357142857143,,3186.865,3326.946,215.321,,,,950.2945226485953,152.9250910838569,2885.447276055856,False,74.25880836288093,,,876.0357142857143,-9.458126526983223,
MPE-24,E,2026-09-01,daily,,False,873.0787037037037,,3195.801,3326.92,226.639,,,,951.5317845105532,148.57838406109778,2884.0508097148154,False,78.45308080684947,,,873.0787037037037,-9.75499382737488,
MPE-24,E,2026-09-02,daily,,True,871.6620370370371,,3218.436,3326.802,224.62,,,,951.3149655370942,149.34046675109636,2884.252404352328,False,79.6529285000571,,,871.6620370370371,-10.38341590908355,
MPE-24,E,2026-09-03,daily,,True,865.6176470588235,,3152.61,3325.515,220.038,,,,950.8562693928352,150.95220123733566,2884.3327750252565,False,85.23862233401167,,,865.6176470588235,-8.50968641775366,
MPE-24,E,2026-09-04,daily,,True,872.3897637795276,,3203.815,3324.883,218.15,,,,950.6705854005949,151.60444917847414,2884.329039827835,False,78.28082162106728,,,872.3897637795276,-9.972047704757149,
MPE-24,E,2026-09-05,daily,,True,863.6684210526316,,3136.404,3294.526,218.5,,,,951.7015318762303,147.98164303739816,2872.9461616905314,False,88.03311082359869,,,863.6684210526316,-8.399996885269523,
MPE-24,E,2026-09-06,daily,,True,867.3563829787234,,3207.563,3324.087,219.215,,,,950.8128793031175,151.104626708129,2883.9012777217954,False,83.45649632439404,,,867.3563829787234,-10.090580365162104,
MPE-24,E,2026-09-07,daily,,True,860.7521739130435,,3207.295,3323.022,230.948,,,,952.130804859928,146.47212846767647,2882.0768926845735,False,91.37863094688453,,,860.7521739130435,-10.139949936486248,
MPE-42,E,2026-08-15,test,-3606412,False,724.53,288.1726,3742.156,3252.384,277.049,0.8804665119690448,62.73184889888907,2410.8106,796.6486737326762,261.8922589925792,3693.082049369034,False,72.11867373267626,-26.280341007420816,-9.11965294667877,,-1.3113817443999087,
MPE-42,E,2026-08-21,test,-3610547,False,858.36,313.6948,3824.087,3258.726,274.89,0.7983180851048782,62.72147322811854,1555.3938,793.7032111543947,264.520645737069,3697.2751768085245,False,-64.65678884560532,-49.17415426293098,-15.675795155970384,,-3.316133319965664,
MPE-42,E,2026-09-05,test,-3621681,False,647.36,347.8811,3779.923,3272.849,272.927,0.7686439451017254,62.73781473037771,1503.6611,789.1486666574543,268.5684560057868,3705.596282544523,False,141.7886666574543,-79.3126439942132,-22.798779236415314,,-1.9663553319863025,
MPE-42,E,2026-09-07,test,-3621682,False,643.03,387.5499,3864.659,3304.051,270.84,0.7452570170354772,62.73746942006694,1521.3369,780.6775491923947,276.04397206241845,3723.1290385529037,False,137.64754919239476,-111.50592793758153,-28.772018245284425,,-3.662159105036078,
MPE-42,E,2026-08-11,daily,,False,1064.4348762109794,,925.7222,1144.526,190.758,,,,,,,,,,,1064.4348762109794,,ValueError: well cannot lift at max suction pressure
MPE-42,E,2026-08-12,daily,,False,933.9188775510198,,3029.646,1986.17,200.478,,,,1043.1975489984966,12.275053119547396,2960.18002300296,False,109.27867144747677,,,933.9188775510198,-2.2928743819258246,
MPE-42,E,2026-08-13,daily,,False,799.376505061266,,3532.785,2761.656,218.152,,,,866.6510522702777,196.96753701435645,3439.1978096772286,False,67.27454720901164,,,799.376505061266,-2.6491051768723906,
MPE-42,E,2026-08-14,daily,,False,758.1867476240753,,3795.168,3202.59,223.776,,,,769.9559733340669,285.40640235477815,3685.1819507115833,False,11.769225709991588,,,758.1867476240753,-2.898054823618268,
MPE-42,E,2026-08-15,daily,,False,724.5345078299777,,3742.156,3252.384,235.522,,,,767.1682680961945,287.8225900579778,3707.9093370131404,False,42.63376026621688,,,724.5345078299777,-0.9151586140946466,
MPE-42,E,2026-08-16,daily,,False,708.2099662162163,,3833.882,3295.18,223.517,,,,748.9112877239403,303.46152174061183,3735.302371314982,False,40.70132150772395,,,708.2099662162163,-2.571274459803885,
MPE-42,E,2026-08-17,daily,,False,698.8283740701376,,3838.155,3261.205,242.044,,,,769.8463592347392,285.5015494841858,3710.322835224854,False,71.01798516460167,,,698.8283740701376,-3.33056285572485,
MPE-42,E,2026-08-18,daily,,False,691.9964996982499,,3841.561,3276.331,221.267,,,,751.5297330538294,301.23827176263194,3725.9900461460575,False,59.53323335557957,,,691.9964996982499,-3.0084372955145766,
MPE-42,E,2026-08-19,daily,,False,686.7723040659989,,3831.14,3264.596,240.184,,,,767.7552011994304,287.3144993038758,3712.8216508188048,False,80.98289713343149,,,686.7723040659989,-3.0883326942162115,
MPE-42,E,2026-08-20,daily,,False,681.6691422594134,,3825.956,3272.349,220.101,,,,751.5846899421548,301.19153865810193,3724.271105690675,False,69.91554768274136,,,681.6691422594134,-2.657764342018698,
MPE-42,E,2026-08-21,daily,,False,858.3586050037902,,3824.087,3258.726,233.985,,,,764.6397556237889,290.0076572588459,3711.8895231946235,False,-93.7188493800013,,,858.3586050037902,-2.9339676844532203,
MPE-42,E,2026-08-22,daily,,False,905.2729501915705,,1024.659,3283.0,190.95,,,,727.9809995086134,320.99560581765854,3740.7034948703827,False,-177.29195068295712,,,905.2729501915705,265.06813436181034,
MPE-42,E,2026-08-24,daily,,False,759.3091007000551,,1945.948,1685.953,201.221,,,,,,,,,,,759.3091007000551,,ValueError: well cannot lift at max suction pressure
MPE-42,E,2026-08-25,daily,,False,709.2791642816255,,3804.677,3270.03,222.426,,,,753.7841809628303,299.31879403659633,3722.176172046246,False,44.50501668120478,,,709.2791642816255,-2.168405569086529,
MPE-42,E,2026-08-26,daily,,False,683.6336464088397,,3853.101,3311.412,234.723,,,,753.3243190322114,299.7107260413965,3739.9547006974417,False,69.69067262337171,,,683.6336464088397,-2.936499699918549,
MPE-42,E,2026-08-27,daily,,False,673.3963615690725,,3863.829,3309.58,222.314,,,,744.8047316056873,306.9349924568022,3743.459801992057,False,71.40837003661477,,,673.3963615690725,-3.1152827417554763,
MPE-42,E,2026-08-28,daily,,False,670.8512114537441,,3842.23,3292.759,232.638,,,,756.0189952064884,297.4112035468692,3730.700674013137,False,85.1677837527443,,,670.8512114537441,-2.902723834514409,
MPE-42,E,2026-08-29,daily,,False,666.4546916890077,,3845.299,3301.241,223.717,,,,747.6922911919481,304.49428652804863,3738.4815528714757,False,81.23759950294038,,,666.4546916890077,-2.7778710349578573,
MPE-42,E,2026-08-30,daily,,False,664.0016995614045,,3850.618,3306.976,236.633,,,,755.6897313972261,297.69255823000475,3736.8900591092197,False,91.68803183582156,,,664.0016995614045,-2.9534983966412742,
MPE-42,E,2026-08-31,daily,,False,659.3887262872621,,3848.899,3305.192,222.414,,,,745.8636979405322,306.0408346546946,3741.07250278426,False,86.47497165327013,,,659.3887262872621,-2.801489392570189,
MPE-42,E,2026-09-01,daily,,False,656.0372380440607,,3854.248,3304.495,223.421,,,,746.7470113723632,305.29416680486264,3740.3335535771357,False,90.7097733283025,,,656.0372380440607,-2.955555699136758,
MPE-42,E,2026-09-02,daily,,False,655.4387622149831,,3870.382,3303.892,222.3,,,,746.0737961808998,305.86330597989365,3740.4170839332082,False,90.6350339659167,,,655.4387622149831,-3.357935109939836,
MPE-42,E,2026-09-03,daily,,False,653.8239537444925,,3797.052,3302.272,242.601,,,,761.0156377094241,293.1287818635944,3732.223860333051,False,107.1916839649316,,,653.8239537444925,-1.707328202693803,
MPE-42,E,2026-09-04,daily,,False,653.0055309734507,,3859.219,3301.6,233.615,,,,754.7334355628848,298.5091176541281,3735.0938408084367,False,101.72790458943405,,,653.0055309734507,-3.216328464167584,
MPE-42,E,2026-09-05,daily,,False,647.3550054406959,,3779.923,3272.849,245.873,,,,769.9606494033534,285.40234318018145,3715.227946698054,False,122.6056439626575,,,647.3550054406959,-1.7115442114018165,
MPE-42,E,2026-09-06,daily,,False,648.3714364035084,,3866.879,3305.459,224.518,,,,747.321349747116,304.80827364327195,3740.452479066808,False,98.94991334360759,,,648.3714364035084,-3.2694718643431098,
MPE-42,E,2026-09-07,daily,,False,643.0289415656006,,3864.659,3304.051,239.146,,,,758.1458602541318,295.5912908845495,3734.4182658131585,False,115.1169186885312,,,643.0289415656006,-3.3700446581921395,
MPE-48,E,2026-07-23,test,-3594705,False,531.31,1429.062,4719.939,3359.924,293.0,0.35499997088824564,0.0,2215.5999,882.259489735339,518.428616809959,4722.465861799625,False,350.94948973533906,-910.633383190041,-63.72245453241644,,0.053535899502610285,
MPE-48,E,2026-08-17,test,-3613016,False,574.27,1021.71,5009.597,3316.114,283.354,0.2932703072469831,62.766734200506995,1445.6871,883.2177172306657,514.440484885302,4697.102422950566,False,308.9477172306657,-507.26951511469804,-49.64907019748246,,-6.237918480257676,
MPE-48,E,2026-06-10,daily,,False,603.2366269165248,,4720.755,3359.413,288.263,,,,880.5263893659397,525.6321288833511,4723.363708978768,False,277.289762449415,,,603.2366269165248,0.055260418699298874,
MPE-48,E,2026-06-11,daily,,False,602.1844974446336,,4722.021,3356.973,234.907,,,,860.407803214433,608.3458118634607,4735.927677565399,False,258.22330576979937,,,602.1844974446336,0.29450689790238016,
MPE-48,E,2026-06-12,daily,,False,597.5087030716737,,4725.436,3357.306,235.721,,,,860.6881292152149,607.2047895441451,4735.918101317328,False,263.17942614354115,,,597.5087030716737,0.2218229453817333,
MPE-48,E,2026-06-13,daily,,False,594.6791095890413,,4724.225,3358.067,239.686,,,,862.1406056580787,601.2875182794152,4735.328748183827,False,267.46149606903737,,,594.6791095890413,0.23503851285293642,
MPE-48,E,2026-06-14,daily,,False,592.5555366269169,,4721.604,3358.719,282.155,,,,878.2906392925627,534.906546152694,4724.5061802660675,False,285.73510266564574,,,592.5555366269169,0.06146598202787512,
MPE-48,E,2026-06-15,daily,,False,591.4436860068266,,4724.815,3359.55,235.44,,,,860.3475723390179,608.5909296870627,4737.414617391044,False,268.9038863321913,,,591.4436860068266,0.2666690101315039,
MPE-48,E,2026-06-16,daily,,False,588.5916666666667,,4723.798,3359.359,234.227,,,,859.8982341876255,610.4191002122559,4737.622255559783,False,271.30656752095877,,,588.5916666666667,0.29265128525359785,
MPE-48,E,2026-06-17,daily,,False,586.8363013698631,,4722.351,3359.164,268.34,,,,873.0031358943735,556.7582094822001,4728.396850178977,False,286.16683452451036,,,586.8363013698631,0.12802627714409986,
MPE-48,E,2026-06-18,daily,,False,583.3869047619042,,4723.233,3358.47,245.914,,,,864.4976895251481,591.666407015689,4733.909332504071,False,281.1107847632438,,,583.3869047619042,0.22603865835268966,
MPE-48,E,2026-06-19,daily,,False,580.898126064736,,4722.129,3356.917,232.705,,,,859.5614575676041,611.7887578613935,4736.489300122061,False,278.6633315028681,,,580.898126064736,0.3041064765926693,
MPE-48,E,2026-06-20,daily,,False,579.6533568904595,,4721.833,3355.702,231.071,,,,859.0539532550788,613.8518737049641,4736.16396019073,False,279.40059636461933,,,579.6533568904595,0.30350417286528764,
MPE-48,E,2026-06-21,daily,,False,576.0003584229394,,4722.896,3357.021,283.673,,,,879.0425393089072,531.7897919491257,4723.0355133131525,False,303.0421808859678,,,576.0003584229394,0.0029539780920906367,
MPE-48,E,2026-06-22,daily,,False,574.1628158844768,,4723.542,3358.847,231.561,,,,858.9190702333979,614.4000237121304,4738.021598121261,False,284.75625434892106,,,574.1628158844768,0.3065411109133942,
MPE-48,E,2026-06-23,daily,,False,572.83082437276,,4726.645,3359.781,231.296,,,,858.7199898314839,615.2089276334352,4738.684661263215,False,285.8891654587238,,,572.83082437276,0.2547189658460569,
MPE-48,E,2026-06-24,daily,,False,568.4539426523309,,4729.747,3357.825,256.716,,,,868.7082372136689,574.422749092953,4730.618426471697,False,300.25429456133804,,,568.4539426523309,0.018424378126269403,
MPE-48,E,2026-06-25,daily,,False,568.9264388489211,,4730.318,3356.159,242.513,,,,863.4279998165213,596.035494946715,4733.359141812045,False,294.5015609676002,,,568.9264388489211,0.06429043062314843,
MPE-48,E,2026-06-26,daily,,False,563.802697841727,,4728.999,3356.92,261.91,,,,870.7873346056765,565.8811180689272,4728.668859777037,False,306.98463676394954,,,563.802697841727,-0.006981186144527918,
MPE-48,E,2026-06-27,daily,,False,562.1116696588869,,4727.341,3357.925,230.773,,,,858.7089137506136,615.2539271825218,4737.652232507208,False,296.5972440917268,,,562.1116696588869,0.2181190759712015,
MPE-48,E,2026-06-28,daily,,False,563.4195340501794,,4727.416,3357.406,230.879,,,,858.8035790608837,614.869307630316,4737.29490425699,False,295.3840450107043,,,563.4195340501794,0.2089704874077114,
MPE-48,E,2026-06-29,daily,,False,562.3577338129497,,4724.284,3358.959,280.812,,,,877.7572694745356,537.1160396809382,4725.007330991491,False,315.3995356615859,,,562.3577338129497,0.015310912542321198,
MPE-48,E,2026-06-30,daily,,False,557.1012589928067,,4725.854,3358.396,305.14,,,,886.984640675878,498.72583663262276,4718.387000230866,False,329.8833816830713,,,557.1012589928067,-0.15800318353327292,
MPE-48,E,2026-07-01,daily,,False,552.8201438848926,,4725.915,3358.395,238.023,,,,861.4648722613215,604.0414852172737,4735.9851685237045,False,308.64472837642893,,,552.8201438848926,0.2130839958760289,
MPE-48,E,2026-07-02,daily,,False,551.8165467625895,,4732.198,3358.606,228.034,,,,857.5762755749017,619.852898490506,4738.828917217422,False,305.75972881231223,,,551.8165467625895,0.1401234102508253,
MPE-48,E,2026-07-03,daily,,False,554.1629496402878,,4728.581,3358.954,226.62,,,,856.9913350402062,622.2259201054364,4739.434835891561,False,302.8283853999184,,,554.1629496402878,0.229536850305867,
MPE-48,E,2026-07-04,daily,,False,546.8862815884478,,4727.148,3358.215,264.612,,,,871.6826830846423,562.1972260506395,4728.776484369583,False,324.79640149619456,,,546.8862815884478,0.03444961675798108,
MPE-48,E,2026-07-05,daily,,False,557.0109909909904,,4690.526,3285.687,223.364,,,,863.3172805761455,596.4874516214951,4693.728487519752,False,306.3062895851551,,,557.0109909909904,0.06827565863087859,
MPE-48,E,2026-07-06,daily,,False,561.1819494584835,,4454.553,2789.29,203.168,,,,909.2273111612417,404.74040469346585,4369.964682494245,False,348.0453617027582,,,561.1819494584835,-1.8989181968596003,
MPE-48,E,2026-07-07,daily,,False,559.334594594594,,4473.996,3308.0,203.059,,,,853.010407065464,638.3384514105217,4713.618025187029,False,293.67581247087,,,559.334594594594,5.355883759999536,
MPE-48,E,2026-07-08,daily,,False,550.79476534296,,4714.931,3333.759,255.407,,,,870.7123507104175,566.1894874407873,4715.694578350953,False,319.9175853674575,,,550.79476534296,0.0161948997971173,
MPE-48,E,2026-07-09,daily,,False,545.9916666666663,,4722.386,3333.0,221.268,,,,857.5867155654151,619.810532079277,4724.450429080616,False,311.5950488987488,,,545.9916666666663,0.04371580554016763,
MPE-48,E,2026-07-10,daily,,False,540.7661870503597,,4717.824,3356.604,220.49,,,,854.8474631367437,630.911226591349,4739.626568060708,False,314.08127608638404,,,540.7661870503597,0.4621318654682405,
MPE-48,E,2026-07-11,daily,,False,539.9100719424458,,4717.146,3356.576,216.872,,,,853.437071237383,636.6146891595465,4740.60516365506,False,313.5269992949371,,,539.9100719424458,0.4973168872674405,
MPE-48,E,2026-07-12,daily,,False,541.4281588447651,,4714.115,3357.833,216.116,,,,853.0120785463188,638.3316999420159,4741.6090507812605,False,311.58391970155367,,,541.4281588447651,0.5832282577166836,
MPE-48,E,2026-07-13,daily,,False,535.7955035971229,,4717.272,3358.526,246.311,,,,864.64454523423,591.0662141373704,4733.8383702311285,False,328.8490416371071,,,535.7955035971229,0.35118539340381894,
MPE-48,E,2026-07-14,daily,,False,534.6769369369373,,4718.078,3358.313,215.682,,,,852.7929170041635,639.216841833859,4742.0325167181045,False,318.11598006722625,,,534.6769369369373,0.5077176917826387,
MPE-48,E,2026-07-15,daily,,False,542.7737410071945,,4716.284,3358.114,217.228,,,,853.4180360188267,636.691609205378,4741.480011594764,False,310.64429501163215,,,542.7737410071945,0.5342344013796518,
MPE-48,E,2026-07-16,daily,,False,535.3083032490982,,4716.192,3360.188,282.273,,,,878.1816447188577,535.3581535414794,4725.406725366348,False,342.87334146975945,,,535.3083032490982,0.19538486487293838,
MPE-48,E,2026-07-17,daily,,False,534.819424460432,,4717.656,3359.304,213.346,,,,851.7763671617429,643.3198534225969,4743.305156834826,False,316.95694270131094,,,534.819424460432,0.5436843388925805,
MPE-48,E,2026-07-18,daily,,False,533.2236036036034,,4719.16,3361.056,211.932,,,,851.042141040876,646.2806918599558,4744.804596197303,False,317.81853743727265,,,533.2236036036034,0.543414425391453,
MPE-48,E,2026-07-19,daily,,False,534.2376130198911,,4718.258,3361.133,210.412,,,,850.4378999744542,648.7156827943662,4745.274881599466,False,316.2002869545631,,,534.2376130198911,0.5726028885971512,
MPE-48,E,2026-07-20,daily,,False,533.9298561151084,,4717.617,3359.613,213.122,,,,851.6568433929185,643.8019963966269,4743.56257174293,False,317.72698727781017,,,533.9298561151084,0.5499719825269755,
MPE-48,E,2026-07-21,daily,,False,537.2821299638986,,4718.081,3360.179,217.742,,,,853.4065174129189,636.7381543951676,4742.644468656295,False,316.12438744902033,,,537.2821299638986,0.5206241405413703,
MPE-48,E,2026-07-22,daily,,False,532.2173285198555,,4720.227,3362.04,232.658,,,,859.0142578356349,614.0131993976308,4739.744106654252,False,326.7969293157794,,,532.2173285198555,0.413478136840717,
MPE-48,E,2026-07-23,daily,,False,531.3050724637682,,4719.939,3359.924,211.031,,,,850.8049453036274,647.2367309882013,4744.3387411278145,False,319.4998728398592,,,531.3050724637682,0.5169503488882787,
MPE-48,E,2026-07-24,daily,,False,619.3714843749992,,4720.981,3360.147,210.461,,,,850.5583473230283,648.2304203573658,4744.637924002323,False,231.1868629480291,,,619.3714843749992,0.5011018684956348,
MPE-48,E,2026-07-25,daily,,False,628.8775423728811,,3772.385,2708.99,238.994,,,,933.2237853507921,301.05306099197225,4303.766270245445,False,304.34624297791106,,,628.8775423728811,14.086082683645639,
MPE-48,E,2026-07-26,daily,,False,542.9685454545453,,3174.634,1955.785,188.705,,,,,,,,,,,542.9685454545453,,ValueError: well cannot lift at max suction pressure
MPE-48,E,2026-07-27,daily,,False,547.5635869565217,,4729.368,3360.736,205.857,,,,848.6880374070095,655.7588311816814,4746.291377250913,False,301.12445045048776,,,547.5635869565217,0.35783591488149913,
MPE-48,E,2026-07-28,daily,,False,540.4970909090908,,4734.469,3360.379,234.916,,,,860.0593317616961,609.7637569050753,4738.081120104861,False,319.5622408526052,,,540.4970909090908,0.07629409137246412,
MPE-48,E,2026-07-29,daily,,False,540.9061371841156,,4732.995,3359.374,205.996,,,,848.8824215703848,654.9770646841988,4745.391624466504,False,307.9762843862693,,,540.9061371841156,0.26191923859002486,
MPE-48,E,2026-07-30,daily,,False,548.883394160584,,4730.575,3359.438,205.9,,,,848.838062043501,655.1554818079269,4745.458862931422,False,299.9546678829171,,,548.883394160584,0.3146311586101458,
MPE-48,E,2026-07-31,daily,,False,543.3610909090912,,4729.01,3359.869,236.331,,,,860.6589633954512,607.3235194930716,4737.375440119581,False,317.29787248636,,,543.3610909090912,0.17689622393652904,
MPE-48,E,2026-08-01,daily,,False,542.9220000000004,,4728.077,3359.598,209.167,,,,850.106544866788,650.0503485467201,4744.650278085985,False,307.18454486678763,,,542.9220000000004,0.350528937789818,
MPE-48,E,2026-08-02,daily,,False,632.3683544303798,,4733.664,3357.565,209.449,,,,850.4260265017716,648.7635158067441,4743.286297681363,False,218.05767207139183,,,632.3683544303798,0.2032737786493266,
MPE-48,E,2026-08-09,daily,,False,665.952777777778,,1722.118,3215.0,149.721,,,,840.958934546319,686.7169652327804,4669.628197729691,False,175.00615676854102,,,665.952777777778,171.156111121868,
MPE-48,E,2026-08-10,daily,,False,612.2918644067803,,4057.007,3366.0,194.47,,,,843.6494538458633,675.9683584628577,4752.811521479941,False,231.35758943908297,,,612.2918644067803,17.150685751341843,
MPE-48,E,2026-08-11,daily,,False,594.9870805369126,,5024.787,3346.579,221.933,,,,856.443915257521,624.4454452444176,4732.881367230777,False,261.4568347206084,,,594.9870805369126,-5.809313564320706,
MPE-48,E,2026-08-12,daily,,False,593.2793677204654,,4997.466,3297.782,229.122,,,,864.3045853188662,592.4554799216684,4699.873814713147,False,271.0252175984008,,,593.2793677204654,-5.954861629610953,
MPE-48,E,2026-08-13,daily,,False,589.7405676126881,,4970.96,3238.726,231.937,,,,871.588043051943,562.5867769101479,4661.2403931251665,False,281.84747543925494,,,589.7405676126881,-6.230579342316844,
MPE-48,E,2026-08-14,daily,,False,585.9777408637872,,4988.542,3264.635,229.502,,,,867.91582737701,577.6735363345656,4678.559393503722,False,281.93808651322286,,,585.9777408637872,-6.213891884568234,
MPE-48,E,2026-08-15,daily,,False,574.3311447811449,,4900.087,3306.856,240.211,,,,867.6643490991759,578.704660351346,4702.645258350633,False,293.333204318031,,,574.3311447811449,-4.029351757415068,
MPE-48,E,2026-08-16,daily,,False,584.4146666666668,,5004.369,3350.324,229.93,,,,859.1670893996338,613.3920427094987,4733.0681450885395,False,274.75242273296703,,,584.4146666666668,-5.421279983779382,
MPE-48,E,2026-08-17,daily,,False,574.2749169435217,,5009.597,3316.114,245.715,,,,868.825172328189,573.9428141405238,4707.060991629714,False,294.55025538466725,,,574.2749169435217,-6.039128663848315,
MPE-48,E,2026-08-18,daily,,False,583.8524999999998,,5009.684,3332.107,225.421,,,,859.2985304080969,612.8577469674623,4722.743316995568,False,275.44603040809704,,,583.8524999999998,-5.727720211582843,
MPE-48,E,2026-08-19,daily,,False,571.9591362126248,,4996.58,3320.285,243.581,,,,867.5667660676877,579.104704917495,4710.291962892122,False,295.6076298550629,,,571.9591362126248,-5.729679843170288,
MPE-48,E,2026-08-20,daily,,False,576.4352649006623,,4994.003,3328.445,224.938,,,,859.4895307703856,612.081220693504,4720.54921799969,False,283.0542658697233,,,576.4352649006623,-5.475643126371965,
MPE-48,E,2026-08-21,daily,,False,575.2074999999996,,4993.393,3315.251,233.533,,,,864.2013621561032,592.8772128568289,4709.808079588726,False,288.99386215610355,,,575.2074999999996,-5.679202906946712,
MPE-48,E,2026-08-22,daily,,False,577.062396006656,,5010.752,3351.925,224.195,,,,856.7733990988985,623.1096942907379,4735.648145859953,False,279.71100309224255,,,577.062396006656,-5.490270804463037,
MPE-48,E,2026-08-23,daily,,False,579.7216442953021,,5032.715,3365.518,245.312,,,,863.5362843030024,595.5934279823082,4738.53147883073,False,283.8146400077003,,,579.7216442953021,-5.845423815361506,
MPE-48,E,2026-08-24,daily,,False,572.7516666666671,,5006.967,3305.634,233.588,,,,865.2237927450044,588.697986291666,4703.664238833758,False,292.4721260783373,,,572.7516666666671,-6.057614543220313,
MPE-48,E,2026-08-25,daily,,False,575.6429765886284,,4991.726,3325.321,225.827,,,,860.1595000175198,609.3562194077149,4718.319954127121,False,284.51652342889145,,,575.6429765886284,-5.47718456247156,
MPE-48,E,2026-08-26,daily,,True,573.7806666666667,,5026.173,3368.077,228.478,,,,856.7722569704497,623.1143253351917,4744.697367458135,False,282.991590303783,,,573.7806666666667,-5.600197855144751,
MPE-48,E,2026-08-27,daily,,True,577.0715719063543,,5033.098,3366.79,239.424,,,,861.1376378309739,605.3744588851199,4740.918729369439,False,284.0660659246196,,,577.0715719063543,-5.805157591419075,
MPE-48,E,2026-08-28,daily,,True,572.119,,4999.297,3350.162,239.453,,,,862.8691071602855,598.3163812360699,4730.383947229328,False,290.75010716028544,,,572.119,-5.379017345252168,
MPE-48,E,2026-08-29,daily,,True,569.4202341137127,,4999.741,3350.71,225.737,,,,857.4986259081705,620.1679936281665,4734.456715605537,False,288.07839179445784,,,569.4202341137127,-5.305960536645049,
MPE-48,E,2026-08-30,daily,,True,573.5235392320536,,5006.463,3365.774,232.168,,,,858.439305346976,616.3491273602476,4742.238599159388,False,284.91576611492235,,,573.5235392320536,-5.277666105604128,
MPE-48,E,2026-08-31,daily,,True,573.3720735785959,,5003.263,3364.871,238.619,,,,861.0254353846748,605.8314083206686,4739.922176536677,False,287.6533618060789,,,573.3720735785959,-5.263381586443138,
MPE-48,E,2026-09-01,daily,,True,568.3469696969696,,5001.217,3365.231,241.779,,,,862.2063594554417,601.0194364910132,4739.298683598669,False,293.85938975847205,,,568.3469696969696,-5.237091619926315,
MPE-48,E,2026-09-02,daily,,True,570.8523489932884,,5022.209,3365.013,228.216,,,,856.9863250928437,622.2462386550167,4742.831930953442,False,286.1339760995553,,,570.8523489932884,-5.562832392012318,
MPE-48,E,2026-09-03,daily,,True,572.9595959595958,,4919.431,3363.977,241.651,,,,862.2867389273919,600.6917007803399,4738.539848976469,False,289.327142967796,,,572.9595959595958,-3.6770746662272535,
MPE-48,E,2026-09-04,daily,,True,574.4391525423728,,5001.989,3363.765,242.563,,,,862.6599227674353,599.169747935279,4738.160465999963,False,288.22077022506255,,,574.4391525423728,-5.274472494842286,
MPE-48,E,2026-09-05,daily,,True,573.4632107023411,,4895.282,3334.717,241.495,,,,865.2597839502063,588.550792113987,4720.032384445741,False,291.7965732478651,,,573.4632107023411,-3.5799697658737473,
MPE-48,E,2026-09-06,daily,,True,569.5991610738257,,5003.621,3367.02,240.268,,,,861.439238641205,604.145918497251,4740.836784586005,False,291.84007756737924,,,569.5991610738257,-5.251880896134919,
MPE-48,E,2026-09-07,daily,,True,574.694406779661,,5000.639,3365.98,236.748,,,,860.1887252485013,609.2373078862332,4741.128672328998,False,285.49431846884033,,,574.694406779661,-5.189543329782498,
MPF-107,F,2026-06-16,test,-3565677,False,800.05,313.2909,3006.418,1966.057,454.075,0.5478004536849344,147.63020566508635,692.8156,984.2745907680419,142.41642124265928,2934.6056625048195,False,184.22459076804194,-170.87447875734074,-54.54179446557201,,-2.3886344977704588,
MPF-107,F,2026-06-21,test,-3568170,False,821.73,319.7875,3016.651,1977.834,442.485,0.563073931928138,157.78728061603408,731.903,974.3529785471379,154.41002042693054,2947.7190866189017,False,152.6229785471379,-165.37747957306948,-51.71480422876738,,-2.285047669786733,
MPF-107,F,2026-06-23,test,-3573589,False,814.43,269.4036,3004.539,1979.29,453.144,0.5688464861138096,115.03372634961077,624.8438,980.3282528049309,147.19966292766748,2944.445935434303,False,165.89825280493096,-122.20393707233251,-45.360914654567544,,-2.000076037145704,
MPF-107,F,2026-06-25,test,-3573588,False,831.18,256.1624,3009.913,1981.418,435.746,0.6191675165542239,155.76290665609005,672.638,969.4140597829327,160.34062278809202,2953.037328294099,False,138.23405978293272,-95.82177721190797,-37.40665187861606,,-1.8896118162186393,
MPF-107,F,2026-06-26,test,-3573587,False,836.2,265.4689,3000.673,1982.197,433.247,0.6044742407325131,167.96280091566283,671.1798,967.7208890077144,162.3676846914185,2954.622173188768,False,131.52088900771435,-103.10121530858152,-38.83739877197725,,-1.5346832797586307,
MPF-107,F,2026-06-27,test,-3573586,False,844.48,259.6721,2991.99,1984.429,434.986,0.6004370890845595,160.07033485692148,649.8904,968.1945558882916,161.8009240602347,2955.4998261004084,False,123.71455588829156,-97.8711759397653,-37.69029323510893,,-1.2195954498374406,
MPF-107,F,2026-06-29,test,-3573585,False,849.0,244.1675,2981.99,1986.943,438.331,0.6089123786257703,183.21725864416845,624.3294,969.5549026049014,160.17186608206407,2955.920669258386,False,120.55490260490137,-83.99563391793592,-34.40082480999147,,-0.8742259612411041,
MPF-107,F,2026-07-03,test,-3584423,False,813.34,228.5908,3071.1582,2127.843,436.826,0.6931034371650316,75.16750455398905,744.8464,933.6110717102864,202.54268906207372,3055.5609915735035,False,120.27107171028638,-26.048110937926282,-11.395082802075274,,-0.5078607942272773,
MPF-107,F,2026-07-08,test,-3584424,False,805.42,244.6432,3126.564,2234.14,438.61,0.6647564630899145,167.63106434186602,729.7477,909.0323312000995,230.71083879587866,3127.691317000144,False,103.61233120009956,-13.93236120412135,-5.694971780994262,,0.03605609864836268,
MPF-107,F,2026-07-19,test,-3588158,False,745.94,270.3558,3304.828,2710.534,450.257,0.6585022217405441,480.6595604754919,791.6766,805.2016374967885,342.48572689582915,3435.0170343588024,False,59.26163749678847,72.12992689582916,26.67962991577364,,3.939358851922181,
MPF-107,F,2026-08-29,test,-3615464,False,868.0,289.4907,3348.705,2613.737,455.944,0.6134709501069098,152.8456699990708,748.9494,830.4475966206585,316.3823630733249,3370.7343015504166,False,-37.55240337934151,26.891663073324878,9.289301201497956,,0.6578453924850569,
MPF-107,F,2026-09-03,test,-3621643,False,871.72,273.4903,3341.385,2614.459,460.733,0.5478925258611341,323.16722019025906,604.9232,833.0095734192587,313.69480224917737,3369.1644722421865,False,-38.71042658074134,40.20450224917738,14.700522193722176,,0.8313759785893104,
MPF-107,F,2026-06-11,daily,,False,773.5330645161287,,3014.615,1966.923,415.486,,,,960.9163521000839,170.48275992757206,2951.0942155886405,False,187.38328758395528,,,773.5330645161287,-2.107094418735367,
MPF-107,F,2026-06-12,daily,,False,773.5323129251695,,3017.062,1963.932,410.886,,,,958.8918149288091,172.88754021202212,2950.8930061303176,False,185.3595020036396,,,773.5323129251695,-2.1931598975984623,
MPF-107,F,2026-06-13,daily,,False,779.4815331010453,,3014.408,1961.972,409.477,,,,958.5349612613776,173.3109570523871,2950.0841811054897,False,179.05342816033226,,,779.4815331010453,-2.1338789870021024,
MPF-107,F,2026-06-14,daily,,False,781.3996503496503,,3013.393,1960.226,409.222,,,,958.8234392305231,172.9686805670602,2948.9388826183454,False,177.42378888087285,,,781.3996503496503,-2.1389217198571453,
MPF-107,F,2026-06-15,daily,,False,800.1708333333332,,3013.67,1964.646,406.016,,,,955.7576908005855,176.60155313121828,2953.4755836919035,False,155.58685746725223,,,800.1708333333332,-1.997379152597878,
MPF-107,F,2026-06-16,daily,,False,800.0546558704453,,3006.418,1966.057,433.902,,,,972.2234145430275,156.97041804588898,2942.8041717957176,False,172.16875867258216,,,800.0546558704453,-2.115934251467444,
MPF-107,F,2026-06-17,daily,,False,815.433783783784,,3007.062,1973.667,434.215,,,,970.470135395703,159.07471837890174,2948.1254745047904,False,155.03635161191903,,,815.433783783784,-1.959937157770919,
MPF-107,F,2026-06-18,daily,,False,811.466519823788,,2978.003,1917.417,421.328,,,,977.133267518073,151.0598581024179,2912.953001312265,False,165.66674769428505,,,811.466519823788,-2.184349669484398,
MPF-107,F,2026-06-19,daily,,False,798.2444043321302,,2994.553,1944.427,422.107,,,,970.6537012923742,158.85455706451697,2932.149490996052,False,172.40929696024398,,,798.2444043321302,-2.0839006357191825,
MPF-107,F,2026-06-20,daily,,False,808.1637130801688,,3016.538,1979.033,424.329,,,,963.1743811384243,167.79539814430797,2956.057812111595,False,155.01066805825553,,,808.1637130801688,-2.0049536219469144,
MPF-107,F,2026-06-21,daily,,False,821.7293814432993,,3016.651,1977.834,426.818,,,,964.9739382048997,165.64972686341872,2954.1648211229176,False,143.2445567616004,,,821.7293814432993,-2.07137580307043,
MPF-107,F,2026-06-22,daily,,False,816.8007782101166,,3010.656,1979.505,434.135,,,,968.936493808572,160.912678489978,2952.333143318034,False,152.13571559845536,,,816.8007782101166,-1.9372142377596657,
MPF-107,F,2026-06-23,daily,,False,814.4262295081969,,3004.539,1979.29,426.063,,,,964.1511363186286,166.63121585023467,2955.5195327311753,False,149.72490681043166,,,814.4262295081969,-1.631513761972303,
MPF-107,F,2026-06-24,daily,,False,828.0474885844746,,3009.107,1979.715,413.451,,,,956.4477135426398,175.78477261954043,2961.111277451586,False,128.40022495816515,,,828.0474885844746,-1.5950154829460716,
MPF-107,F,2026-06-25,daily,,False,831.1827160493825,,3009.913,1981.418,419.588,,,,959.7177702830502,171.90699216291546,2959.7448567397973,False,128.53505423366767,,,831.1827160493825,-1.666763898498147,
MPF-107,F,2026-06-26,daily,,False,836.1991304347824,,3000.673,1982.197,415.389,,,,956.9903114840087,175.1421368458271,2962.067155805936,False,120.79118104922622,,,836.1991304347824,-1.2865728519590003,
MPF-107,F,2026-06-27,daily,,False,844.4837004405285,,2991.99,1984.429,418.607,,,,958.3657609911833,173.51166970451163,2962.307456865442,False,113.88206055065473,,,844.4837004405285,-0.9920669231701207,
MPF-107,F,2026-06-28,daily,,False,847.0082031250005,,2990.415,1987.284,422.987,,,,960.2787249359468,171.24062331975162,2962.5111634655314,False,113.27052181094632,,,847.0082031250005,-0.933109168274926,
MPF-107,F,2026-06-29,daily,,False,849.0045081967213,,2981.99,1986.943,421.698,,,,959.590219335855,172.05846484222678,2962.8066304035324,False,110.58571113913365,,,849.0045081967213,-0.6433076434349982,
MPF-107,F,2026-06-30,daily,,False,836.3360294117653,,3004.319,2011.667,425.48,,,,955.6300565816726,176.7525773603211,2978.823972335906,False,119.2940271699074,,,836.3360294117653,-0.8486125362883845,
MPF-107,F,2026-07-01,daily,,False,824.612878787879,,3045.239,2074.06,418.753,,,,936.1058067382068,199.64706050500288,3025.6324412264794,False,111.49292795032773,,,824.612878787879,-0.6438430209753876,
MPF-107,F,2026-07-02,daily,,False,821.2516014234872,,3050.069,2086.838,412.651,,,,929.3343476289464,207.49098494857472,3037.149799366279,False,108.08274620545922,,,821.2516014234872,-0.423570766225978,
MPF-107,F,2026-07-03,daily,,False,813.3362638704073,,3071.1582,2127.843,416.451,,,,921.594941003786,216.3953538927507,3064.0717172326144,False,108.25867713337868,,,813.3362638704073,-0.23074300657600633,
MPF-107,F,2026-07-04,daily,,False,815.3456521296846,,3092.1936,2168.685,417.025,,,,912.0690943160864,227.266015360322,3092.01613123672,False,96.72344218640183,,,815.3456521296846,-0.00573925136123643,
MPF-107,F,2026-07-05,daily,,False,801.8108395022952,,3092.6091,2176.182,416.954,,,,910.2262402806633,229.3576913181126,3097.196171773219,False,108.41540077836817,,,801.8108395022952,0.1483236847883207,
MPF-107,F,2026-07-06,daily,,False,796.3500000000001,,3125.2502,2213.482,415.627,,,,900.5294654806903,240.30313774142388,3123.274805317488,False,104.17946548069017,,,796.3500000000001,-0.06320756918957171,
MPF-107,F,2026-07-07,daily,,False,813.8827004219407,,3135.702,2239.828,413.722,,,,893.15666355137,248.5572083526243,3142.004073095578,False,79.27396312942926,,,813.8827004219407,0.2009780615497725,
MPF-107,F,2026-07-08,daily,,False,805.4207142857142,,3126.564,2234.14,419.479,,,,897.8773207045549,243.27907131020967,3135.698228039794,False,92.45660641884069,,,805.4207142857142,0.29214908250059235,
MPF-107,F,2026-07-09,daily,,False,809.1291228070177,,3126.597,2226.246,408.141,,,,893.0966888186676,248.62411048331305,3135.1610065941486,False,83.96756601164998,,,809.1291228070177,0.2739082329493714,
MPF-107,F,2026-07-10,daily,,False,820.9068085106385,,3126.373,2225.571,409.514,,,,894.0643682293576,247.54418341247813,3134.11376678388,False,73.15755971871909,,,820.9068085106385,0.2475957534139317,
MPF-107,F,2026-07-11,daily,,False,826.5181069958845,,3123.409,2221.77,412.925,,,,896.9714383347433,244.2938037618063,3130.0703594970173,False,70.45333133885879,,,826.5181069958845,0.2132720849884695,
MPF-107,F,2026-07-12,daily,,False,830.8945378151254,,3116.541,2224.536,419.444,,,,900.1381493521008,240.74270696205784,3129.185173315761,False,69.24361153697532,,,830.8945378151254,0.4057117591509618,
MPF-107,F,2026-07-13,daily,,False,830.7734177215192,,3112.593,2224.626,420.17,,,,900.5419498023765,240.28911125171578,3128.9394624275837,False,69.76853208085731,,,830.7734177215192,0.5251718559922125,
MPF-107,F,2026-07-14,daily,,False,832.2296747967475,,3114.617,2222.679,418.12,,,,899.803870318742,241.11807453064193,3128.482030255457,False,67.57419552199451,,,832.2296747967475,0.44516003911418967,
MPF-107,F,2026-07-15,daily,,False,741.0646258503401,,3250.226,2548.048,419.234,,,,824.354876137254,322.7451884914912,3344.243769487326,False,83.29025028691387,,,741.0646258503401,2.892653295103975,
MPF-107,F,2026-07-16,daily,,False,744.9723905723907,,3310.683,2710.313,423.792,,,,790.0156077002155,357.8550600811132,3446.7198599811977,False,45.04321712782473,,,744.9723905723907,4.109027049137537,
MPF-107,F,2026-07-17,daily,,False,747.4035483870966,,3309.448,2710.621,425.071,,,,790.6867118806985,357.1811295090698,3446.3331383689488,False,43.28316349360182,,,747.4035483870966,4.136192451700382,
MPF-107,F,2026-07-18,daily,,False,755.1258503401363,,3307.023,2710.753,423.687,,,,789.8547972796921,358.0164753291775,3447.0492846331445,False,34.72894693955584,,,755.1258503401363,4.23420957861933,
MPF-107,F,2026-07-19,daily,,False,745.9356435643564,,3304.828,2710.534,427.892,,,,792.339238666902,355.51956395863755,3444.9942801747948,False,46.40359510254564,,,745.9356435643564,4.241257946700849,
MPF-107,F,2026-07-20,daily,,False,748.4852842809365,,3307.985,2711.013,418.146,,,,786.5792265126086,361.29827139876494,3449.759374035035,False,38.09394223167203,,,748.4852842809365,4.285822760231217,
MPF-107,F,2026-07-21,daily,,False,742.5039999999997,,3293.865,2710.368,419.06,,,,787.2570113862065,360.6201517149163,3448.9251509916726,False,44.75301138620682,,,742.5039999999997,4.707544206932357,
MPF-107,F,2026-07-22,daily,,False,734.9423076923075,,3298.874,2710.647,410.416,,,,782.1602278295969,365.70725826787464,3453.111987624918,False,47.21792013728941,,,734.9423076923075,4.675473741189218,
MPF-107,F,2026-07-24,daily,,False,715.8496815286627,,3306.916,2708.588,414.899,,,,785.2413046835837,362.63539394160296,3449.706335990158,False,69.39162315492104,,,715.8496815286627,4.317930542842885,
MPF-107,F,2026-07-25,daily,,False,751.2672932330825,,3306.856,2708.743,364.877,,,,755.666484327256,391.6975398334851,3474.072033754091,False,4.399191094173489,,,751.2672932330825,5.056646970841516,
MPF-107,F,2026-07-26,daily,,False,780.6193308550182,,3307.274,2684.965,391.26,,,,776.7734789073792,371.053203312523,3445.63499076987,False,-3.845851947639062,,,780.6193308550182,4.1835357690312325,
MPF-107,F,2026-07-28,daily,,False,783.3954887218046,,3265.095,2611.451,417.696,,,,808.977385435934,338.6256392896937,3385.970804439108,False,25.58189671412947,,,783.3954887218046,3.702060872320967,
MPF-107,F,2026-07-29,daily,,False,795.3848888888886,,3270.662,2611.221,405.656,,,,802.0234770504405,345.7229123861527,3391.2698810576935,False,6.638588161551979,,,795.3848888888886,3.687567870287234,
MPF-107,F,2026-07-30,daily,,False,787.8637096774194,,3268.36,2611.305,415.467,,,,807.7167835018552,339.9161162425045,3386.8777715319657,False,19.853073824435796,,,787.8637096774194,3.626215335274119,
MPF-107,F,2026-08-02,daily,,False,820.930923694779,,3275.658,2611.431,402.384,,,,800.064053353926,347.71327612798024,3392.9034065676374,False,-20.866870340852984,,,820.930923694779,3.57929327688169,
MPF-107,F,2026-08-03,daily,,False,976.0616,,3095.18,2501.892,383.868,,,,814.2540448981002,333.2052512701321,3330.044098930482,False,-161.80755510189977,,,976.0616,7.588059464408614,
MPF-107,F,2026-08-10,daily,,False,1052.8740506329113,,2252.278,1887.693,290.487,,,,902.6127197200274,237.96020673933558,2950.9128816507064,False,-150.26133091288398,,,1052.8740506329113,31.019034135693136,
MPF-107,F,2026-08-11,daily,,False,935.7018957345967,,2014.693,1651.621,363.603,,,,1012.5678291604584,107.62912656837966,2738.5547414178855,False,76.86593342586161,,,935.7018957345967,35.929133690238935,
MPF-107,F,2026-08-12,daily,,False,893.3922155688623,,3325.289,2610.847,408.224,,,,803.6067683118391,344.1115833310246,3389.8579352500496,False,-89.78544725702318,,,893.3922155688623,1.9417540926532917,
MPF-107,F,2026-08-13,daily,,False,877.6955465587046,,3332.531,2612.375,412.492,,,,805.7435479594864,341.9326605145909,3388.910343250141,False,-71.9519985992182,,,877.6955465587046,1.6917875107580693,
MPF-107,F,2026-08-14,daily,,False,868.7435555555552,,3334.293,2612.274,411.465,,,,805.1690387445966,342.51898659468503,3389.309665580129,False,-63.574516810958585,,,868.7435555555552,1.6500249252278998,
MPF-107,F,2026-08-15,daily,,False,948.741287878788,,3333.712,2613.094,414.43,,,,806.7063287867393,340.94927523638125,3388.4998457139186,False,-142.03495909204867,,,948.741287878788,1.6434486756480071,
MPF-107,F,2026-08-16,daily,,False,898.5376344086019,,3009.083,2362.18,402.783,,,,858.1725482468694,286.92064643902205,3228.867811355403,False,-40.365086161732506,,,898.5376344086019,7.304046161418709,
MPF-107,F,2026-08-17,daily,,False,875.2693333333336,,3347.454,2613.399,429.946,,,,815.620511691105,331.79664891239753,3381.7788576583466,False,-59.648821642228654,,,875.2693333333336,1.0254019221278776,
MPF-107,F,2026-08-18,daily,,False,869.8418699186993,,3345.973,2613.343,427.531,,,,814.2393768050749,333.22036069098834,3382.8095151679377,False,-55.602493113624405,,,869.8418699186993,1.1009208731791231,
MPF-107,F,2026-08-19,daily,,False,866.9336099585067,,3345.203,2613.03,435.386,,,,818.8385667574079,328.47137578807235,3379.1517108885937,False,-48.09504320109886,,,866.9336099585067,1.0148475559956571,
MPF-107,F,2026-08-20,daily,,False,862.2130952380959,,3334.524,2611.614,434.039,,,,818.3861644568738,328.93952851780614,3378.8302589114605,False,-43.82693078122213,,,862.2130952380959,1.3287131510062888,
MPF-107,F,2026-08-21,daily,,False,857.061467889908,,3342.153,2611.193,426.421,,,,814.0883611820642,333.37590646554605,3381.9155321402486,False,-42.97310670784384,,,857.061467889908,1.189728062726303,
MPF-107,F,2026-08-22,daily,,False,855.8476190476188,,3314.226,2613.216,424.45,,,,812.4876398034792,335.0231279005784,3384.0938774091455,False,-43.359979244139595,,,855.8476190476188,2.1081204905502915,
MPF-107,F,2026-08-23,daily,,False,864.2232804232801,,3339.995,2613.288,423.977,,,,812.1976109214584,335.32128504753865,3384.350560864301,False,-52.02566950182177,,,864.2232804232801,1.3280127923634977,
MPF-107,F,2026-08-24,daily,,False,923.0522556390978,,3301.928,2613.344,438.861,,,,820.7646321554892,326.4757738535528,3377.836686654579,False,-102.28762348360863,,,923.0522556390978,2.298920105301483,
MPF-107,F,2026-08-25,daily,,False,869.0930232558139,,3198.189,2480.588,403.198,,,,830.5015557648919,316.32583221116164,3307.3285616704184,False,-38.591467490922014,,,869.0930232558139,3.4125425880214832,
MPF-107,F,2026-08-26,daily,,False,870.6376744186045,,3328.716,2613.576,423.126,,,,811.6395141620866,335.89476658054394,3384.914907985564,False,-58.99816025651796,,,870.6376744186045,1.6883058808730977,
MPF-107,F,2026-08-27,daily,,False,870.4612612612613,,3328.666,2613.463,430.71,,,,816.0465505784427,331.35705945503423,3381.4833566580924,False,-54.41471068281851,,,870.4612612612613,1.58674245653041,
MPF-107,F,2026-08-28,daily,,False,874.5616161616157,,3337.442,2613.282,434.51,,,,818.277015538509,329.05244427978926,3379.697448677551,False,-56.28460062310671,,,874.5616161616157,1.2661028619389114,
MPF-107,F,2026-08-29,daily,,False,867.9982905982909,,3348.705,2613.737,439.189,,,,820.8634280462452,326.373302831006,3377.946605325076,False,-47.13486255204566,,,867.9982905982909,0.8732212997285771,
MPF-107,F,2026-08-30,daily,,False,871.1361607142856,,3328.432,2614.144,433.828,,,,817.68789841494,329.6616697256398,3380.551183615181,False,-53.448262299345515,,,871.1361607142856,1.5658779754305074,
MPF-107,F,2026-08-31,daily,,False,867.9850806451607,,3337.497,2609.645,435.275,,,,819.5464754748476,327.7383764247837,3377.0216533940193,False,-48.43860517031305,,,867.9850806451607,1.184260342227117,
MPF-107,F,2026-09-01,daily,,False,868.661777777778,,3342.089,2614.264,429.721,,,,815.2935159133826,332.1339117763755,3382.435140795344,False,-53.36826186439532,,,868.661777777778,1.2072132368510902,
MPF-107,F,2026-09-02,daily,,False,875.1527918781728,,3306.074,2614.23,432.601,,,,816.9616160307031,330.4122250247915,3381.1452133469215,False,-58.19117584746971,,,875.1527918781728,2.2707057781199635,
MPF-107,F,2026-09-03,daily,,False,871.7187772925761,,3341.385,2614.459,440.105,,,,821.2247315269656,325.99846912965745,3378.0123360091698,False,-50.49404576561051,,,871.7187772925761,1.0961722761420711,
MPF-107,F,2026-09-04,daily,,False,873.1626086956522,,3337.375,2614.607,435.856,,,,818.749449362009,328.56361334323253,3379.9607474221616,False,-54.41315933364319,,,873.1626086956522,1.2760252420588536,
MPF-107,F,2026-09-05,daily,,False,868.200847457627,,3322.74,2614.338,435.027,,,,818.3338240594543,328.9936768471305,3380.150520129466,False,-49.867023398172705,,,868.200847457627,1.7278065731735293,
MPF-107,F,2026-09-06,daily,,False,862.0498023715414,,3337.329,2613.956,424.334,,,,812.2518279315118,335.26555548968804,3384.622400439885,False,-49.797974440029634,,,862.0498023715414,1.4171033314331671,
MPF-107,F,2026-09-07,daily,,False,859.3742307692307,,3334.756,2613.091,418.322,,,,808.9665216677075,338.636767869549,3386.748451730126,False,-50.40770910152321,,,859.3742307692307,1.5591081245562188,
MPF-73,F,2026-06-20,test,-3568169,False,359.18,220.1063,1999.846,2706.269,450.483,0.0,251.16273364278987,220.1063,,,,,,,,,,ValueError: well cannot lift at max suction pressure
MPF-73,F,2026-06-22,test,-3568688,False,359.79,227.8093,1964.701,2706.641,454.743,0.0,200.92243819721145,227.8093,,,,,,,,,,ValueError: well cannot lift at max suction pressure
MPF-73,F,2026-06-23,test,-3573584,False,361.21,219.0801,1952.502,2706.609,454.264,0.0,368.63320767153203,219.0801,,,,,,,,,,ValueError: well cannot lift at max suction pressure
MPF-73,F,2026-06-24,test,-3573583,False,361.72,222.4581,1958.769,2706.911,439.254,0.0,347.85741674499604,222.4581,,,,,,,,,,ValueError: well cannot lift at max suction pressure
MPF-73,F,2026-06-27,test,-3573582,False,362.68,229.391,1969.873,2706.964,434.189,0.0,246.77864432344774,229.391,,,,,,,,,,ValueError: well cannot lift at max suction pressure
MPF-73,F,2026-06-28,test,-3573581,False,364.03,240.1938,1975.045,2707.129,450.748,0.0,337.1802269667244,240.1938,,,,,,,,,,ValueError: well cannot lift at max suction pressure
MPF-73,F,2026-06-30,test,-3575499,False,366.15,241.7118,1976.407,2707.07,451.38,0.0,264.3478721353281,241.7118,,,,,,,,,,ValueError: well cannot lift at max suction pressure
MPF-73,F,2026-07-01,test,-3575495,False,371.49,227.0555,1967.594,2707.085,446.322,0.0,361.1689652970309,227.0555,,,,,,,,,,ValueError: well cannot lift at max suction pressure
MPF-73,F,2026-07-07,test,-3584421,False,374.82,210.8867,2036.117,2705.858,442.649,0.0,179.30338897616588,210.8867,,,,,,,,,,ValueError: well cannot lift at max suction pressure
MPF-73,F,2026-07-12,test,-3584422,False,376.51,217.4537,2014.708,2705.758,451.165,0.0,254.21457533258803,217.4537,,,,,,,,,,ValueError: well cannot lift at max suction pressure
MPF-73,F,2026-08-23,test,-3612999,False,350.4,286.244,1988.117,2673.642,452.936,0.0,302.0702617347438,286.244,,,,,,,,,,ValueError: well cannot lift at max suction pressure
MPF-73,F,2026-06-11,daily,,False,357.1000969932107,,1972.476,2706.29,414.996,,,,,,,,,,,357.1000969932107,,ValueError: well cannot lift at max suction pressure
MPF-73,F,2026-06-12,daily,,False,355.40990291262153,,1963.893,2705.752,415.698,,,,,,,,,,,355.40990291262153,,ValueError: well cannot lift at max suction pressure
MPF-73,F,2026-06-13,daily,,False,355.61781609195407,,1954.278,2705.869,414.769,,,,,,,,,,,355.61781609195407,,ValueError: well cannot lift at max suction pressure
MPF-73,F,2026-06-14,daily,,False,357.83654205607496,,1964.908,2705.982,410.29,,,,,,,,,,,357.83654205607496,,ValueError: well cannot lift at max suction pressure
MPF-73,F,2026-06-15,daily,,False,358.5290047393365,,1932.736,2705.455,415.79,,,,,,,,,,,358.5290047393365,,ValueError: well cannot lift at max suction pressure
MPF-73,F,2026-06-16,daily,,False,359.09463937621837,,1958.585,2705.516,432.776,,,,,,,,,,,359.09463937621837,,ValueError: well cannot lift at max suction pressure
MPF-73,F,2026-06-17,daily,,False,359.8457578646332,,1953.832,2707.531,445.395,,,,,,,,,,,359.8457578646332,,ValueError: well cannot lift at max suction pressure
MPF-73,F,2026-06-18,daily,,False,360.19853801169586,,1984.037,2628.085,419.141,,,,,,,,,,,360.19853801169586,,ValueError: well cannot lift at max suction pressure
MPF-73,F,2026-06-19,daily,,False,359.1314229249013,,1993.774,2662.824,426.281,,,,,,,,,,,359.1314229249013,,ValueError: well cannot lift at max suction pressure
MPF-73,F,2026-06-20,daily,,False,359.18146341463404,,1999.846,2706.269,434.554,,,,,,,,,,,359.18146341463404,,ValueError: well cannot lift at max suction pressure
MPF-73,F,2026-06-21,daily,,False,359.99356725146237,,1975.594,2706.467,424.274,,,,,,,,,,,359.99356725146237,,ValueError: well cannot lift at max suction pressure
MPF-73,F,2026-06-22,daily,,False,359.7888779527561,,1964.701,2706.641,438.585,,,,,,,,,,,359.7888779527561,,ValueError: well cannot lift at max suction pressure
MPF-73,F,2026-06-23,daily,,False,361.20940000000013,,1952.502,2706.609,437.214,,,,,,,,,,,361.20940000000013,,ValueError: well cannot lift at max suction pressure
MPF-73,F,2026-06-24,daily,,False,361.71928071928056,,1958.769,2706.911,424.525,,,,,,,,,,,361.71928071928056,,ValueError: well cannot lift at max suction pressure
MPF-73,F,2026-06-25,daily,,False,362.56039215686303,,1992.589,2706.92,415.825,,,,,,,,,,,362.56039215686303,,ValueError: well cannot lift at max suction pressure
MPF-73,F,2026-06-26,daily,,False,363.0573182247405,,1959.466,2706.971,421.266,,,,,,,,,,,363.0573182247405,,ValueError: well cannot lift at max suction pressure
MPF-73,F,2026-06-27,daily,,False,362.68394024276375,,1969.873,2706.964,417.444,,,,,,,,,,,362.68394024276375,,ValueError: well cannot lift at max suction pressure
MPF-73,F,2026-06-28,daily,,False,364.0329988851726,,1975.045,2707.129,430.255,,,,,,,,,,,364.0329988851726,,ValueError: well cannot lift at max suction pressure
MPF-73,F,2026-06-29,daily,,False,365.3939866369711,,1951.372,2702.208,426.381,,,,,,,,,,,365.3939866369711,,ValueError: well cannot lift at max suction pressure
MPF-73,F,2026-06-30,daily,,False,366.14735376044564,,1976.407,2707.07,427.897,,,,,,,,,,,366.14735376044564,,ValueError: well cannot lift at max suction pressure
MPF-73,F,2026-07-01,daily,,False,371.48771929824574,,1967.594,2707.085,429.29,,,,,,,,,,,371.48771929824574,,ValueError: well cannot lift at max suction pressure
MPF-73,F,2026-07-02,daily,,False,372.8298672566374,,1985.295,2706.99,409.07,,,,,,,,,,,372.8298672566374,,ValueError: well cannot lift at max suction pressure
MPF-73,F,2026-07-03,daily,,False,373.55459772453463,,1963.6971,2706.233,413.351,,,,,,,,,,,373.55459772453463,,ValueError: well cannot lift at max suction pressure
MPF-73,F,2026-07-04,daily,,False,374.3957547860775,,1961.9857,2706.168,421.259,,,,,,,,,,,374.3957547860775,,ValueError: well cannot lift at max suction pressure
MPF-73,F,2026-07-05,daily,,False,374.85943133168894,,1955.9885,2706.428,421.191,,,,,,,,,,,374.85943133168894,,ValueError: well cannot lift at max suction pressure
MPF-73,F,2026-07-06,daily,,False,374.02968906720156,,1992.0024,2705.658,419.297,,,,,,,,,,,374.02968906720156,,ValueError: well cannot lift at max suction pressure
MPF-73,F,2026-07-07,daily,,False,374.8233104799223,,2036.117,2705.858,424.111,,,,,,,,,,,374.8233104799223,,ValueError: well cannot lift at max suction pressure
MPF-73,F,2026-07-08,daily,,False,374.0705140640159,,2028.732,2705.892,416.857,,,,,,,,,,,374.0705140640159,,ValueError: well cannot lift at max suction pressure
MPF-73,F,2026-07-09,daily,,False,375.00187376725864,,2033.692,2705.86,412.39,,,,,,,,,,,375.00187376725864,,ValueError: well cannot lift at max suction pressure
MPF-73,F,2026-07-10,daily,,False,375.1944664031619,,2031.36,2705.771,413.643,,,,,,,,,,,375.1944664031619,,ValueError: well cannot lift at max suction pressure
MPF-73,F,2026-07-11,daily,,False,375.2489855072466,,2027.315,2705.835,416.933,,,,,,,,,,,375.2489855072466,,ValueError: well cannot lift at max suction pressure
MPF-73,F,2026-07-12,daily,,False,376.5119502868069,,2014.708,2705.758,430.158,,,,,,,,,,,376.5119502868069,,ValueError: well cannot lift at max suction pressure
MPF-73,F,2026-07-13,daily,,False,377.09708097928444,,2002.518,2705.556,424.637,,,,,,,,,,,377.09708097928444,,ValueError: well cannot lift at max suction pressure
MPF-73,F,2026-07-14,daily,,False,378.95134615384626,,2027.325,2705.718,428.645,,,,,,,,,,,378.95134615384626,,ValueError: well cannot lift at max suction pressure
MPF-73,F,2026-07-15,daily,,False,380.41520302171864,,1974.784,2705.754,419.505,,,,,,,,,,,380.41520302171864,,ValueError: well cannot lift at max suction pressure
MPF-73,F,2026-07-16,daily,,False,380.9087160262418,,1934.744,2706.766,426.8,,,,,,,,,,,380.9087160262418,,ValueError: well cannot lift at max suction pressure
MPF-73,F,2026-07-17,daily,,False,379.9073601570167,,1942.468,2733.225,433.577,,,,,,,,,,,379.9073601570167,,ValueError: well cannot lift at max suction pressure
MPF-73,F,2026-07-18,daily,,False,381.2003883495144,,1951.232,2771.86,426.845,,,,,,,,,,,381.2003883495144,,ValueError: well cannot lift at max suction pressure
MPF-73,F,2026-07-19,daily,,False,381.04808061420385,,1944.589,2771.672,422.514,,,,,,,,,,,381.04808061420385,,ValueError: well cannot lift at max suction pressure
MPF-73,F,2026-07-20,daily,,False,380.8516409266414,,1974.414,2772.709,427.617,,,,,,,,,,,380.8516409266414,,ValueError: well cannot lift at max suction pressure
MPF-73,F,2026-07-21,daily,,False,381.8263057929722,,2009.176,2772.859,413.757,,,,,,,,,,,381.8263057929722,,ValueError: well cannot lift at max suction pressure
MPF-73,F,2026-07-22,daily,,False,382.0511197663093,,1961.901,2772.84,413.724,,,,,,,,,,,382.0511197663093,,ValueError: well cannot lift at max suction pressure
MPF-73,F,2026-07-24,daily,,False,384.00189393939417,,1963.52,2772.06,418.691,,,,,,,,,,,384.00189393939417,,ValueError: well cannot lift at max suction pressure
MPF-73,F,2026-07-25,daily,,False,384.1439189189191,,1966.036,2771.789,372.254,,,,523.6875951782479,30.310671301629302,1943.8624583752612,False,139.54367625932878,,,384.1439189189191,-1.1278298884017768,
MPF-73,F,2026-07-26,daily,,False,386.15680529300596,,1985.195,2746.586,391.789,,,,,,,,,,,386.15680529300596,,ValueError: well cannot lift at max suction pressure
MPF-73,F,2026-07-28,daily,,False,386.7840975609757,,1964.548,2671.289,431.277,,,,,,,,,,,386.7840975609757,,ValueError: well cannot lift at max suction pressure
MPF-73,F,2026-07-29,daily,,False,386.4969782813975,,1947.193,2670.906,409.61,,,,,,,,,,,386.4969782813975,,ValueError: well cannot lift at max suction pressure
MPF-73,F,2026-07-30,daily,,False,387.06790243902435,,1957.945,2670.986,408.943,,,,,,,,,,,387.06790243902435,,ValueError: well cannot lift at max suction pressure
MPF-73,F,2026-08-02,daily,,False,777.3188353048226,,1959.634,2671.564,405.92,,,,,,,,,,,777.3188353048226,,ValueError: well cannot lift at max suction pressure
MPF-73,F,2026-08-03,daily,,False,1934.5678571428568,,1855.14,2560.175,405.474,,,,,,,,,,,1934.5678571428568,,ValueError: well cannot lift at max suction pressure
MPF-73,F,2026-08-11,daily,,False,268.53902261123295,,1243.434,2650.0,368.074,,,,,,,,,,,268.53902261123295,,ValueError: well cannot lift at max suction pressure
MPF-73,F,2026-08-12,daily,,False,288.70772413793094,,1972.507,2671.457,408.622,,,,,,,,,,,288.70772413793094,,ValueError: well cannot lift at max suction pressure
MPF-73,F,2026-08-13,daily,,False,306.0284390591587,,1963.215,2673.483,414.025,,,,,,,,,,,306.0284390591587,,ValueError: well cannot lift at max suction pressure
MPF-73,F,2026-08-14,daily,,False,321.7594223826715,,1981.084,2673.478,413.01,,,,,,,,,,,321.7594223826715,,ValueError: well cannot lift at max suction pressure
MPF-73,F,2026-08-15,daily,,False,1121.2529291553135,,1999.891,2673.686,415.787,,,,,,,,,,,1121.2529291553135,,ValueError: well cannot lift at max suction pressure
MPF-73,F,2026-08-16,daily,,False,305.8321830985923,,1811.823,2451.375,399.866,,,,,,,,,,,305.8321830985923,,ValueError: well cannot lift at max suction pressure
MPF-73,F,2026-08-17,daily,,False,323.1344169611307,,2032.87,2673.568,430.842,,,,,,,,,,,323.1344169611307,,ValueError: well cannot lift at max suction pressure
MPF-73,F,2026-08-18,daily,,False,328.58140703517574,,2014.482,2673.452,428.711,,,,,,,,,,,328.58140703517574,,ValueError: well cannot lift at max suction pressure
MPF-73,F,2026-08-19,daily,,False,331.57165814463116,,1999.416,2673.541,436.902,,,,,,,,,,,331.57165814463116,,ValueError: well cannot lift at max suction pressure
MPF-73,F,2026-08-20,daily,,False,329.3073888091821,,1987.167,2671.861,432.444,,,,,,,,,,,329.3073888091821,,ValueError: well cannot lift at max suction pressure
MPF-73,F,2026-08-21,daily,,False,339.48443968593807,,2016.186,2670.934,427.625,,,,,,,,,,,339.48443968593807,,ValueError: well cannot lift at max suction pressure
MPF-73,F,2026-08-22,daily,,False,346.86619318181823,,1960.937,2673.023,425.928,,,,,,,,,,,346.86619318181823,,ValueError: well cannot lift at max suction pressure
MPF-73,F,2026-08-23,daily,,False,350.39831625183024,,1988.117,2673.642,434.039,,,,,,,,,,,350.39831625183024,,ValueError: well cannot lift at max suction pressure
MPF-73,F,2026-08-24,daily,,False,1171.296368527236,,1961.61,2673.826,426.692,,,,,,,,,,,1171.296368527236,,ValueError: well cannot lift at max suction pressure
MPF-73,F,2026-08-25,daily,,False,821.1540540540541,,1788.501,2221.583,403.414,,,,,,,,,,,821.1540540540541,,ValueError: well cannot lift at max suction pressure
MPF-73,F,2026-08-26,daily,,False,444.4354609929081,,1809.172,2097.715,416.446,,,,,,,,,,,444.4354609929081,,ValueError: well cannot lift at max suction pressure
MPF-73,F,2026-08-27,daily,,False,399.291397058824,,1926.687,2400.844,424.941,,,,,,,,,,,399.291397058824,,ValueError: well cannot lift at max suction pressure
MPF-73,F,2026-08-28,daily,,False,400.5720577617327,,1984.798,2641.736,428.768,,,,,,,,,,,400.5720577617327,,ValueError: well cannot lift at max suction pressure
MPF-73,F,2026-08-29,daily,,False,400.6963583394026,,1984.151,2673.136,429.383,,,,,,,,,,,400.6963583394026,,ValueError: well cannot lift at max suction pressure
MPF-73,F,2026-08-30,daily,,False,397.40125276344924,,1981.363,2673.283,436.023,,,,,,,,,,,397.40125276344924,,ValueError: well cannot lift at max suction pressure
MPF-73,F,2026-08-31,daily,,False,394.09317507418433,,1997.107,2669.115,436.813,,,,,,,,,,,394.09317507418433,,ValueError: well cannot lift at max suction pressure
MPF-73,F,2026-09-01,daily,,False,392.5708182476469,,2044.576,2673.661,431.336,,,,,,,,,,,392.5708182476469,,ValueError: well cannot lift at max suction pressure
MPF-73,F,2026-09-02,daily,,False,393.54548517520254,,2021.323,2673.764,434.852,,,,,,,,,,,393.54548517520254,,ValueError: well cannot lift at max suction pressure
MPF-73,F,2026-09-03,daily,,False,398.1911516853934,,2032.097,2673.93,433.486,,,,,,,,,,,398.1911516853934,,ValueError: well cannot lift at max suction pressure
MPF-73,F,2026-09-04,daily,,False,400.3916957431957,,2016.412,2674.191,437.917,,,,,,,,,,,400.3916957431957,,ValueError: well cannot lift at max suction pressure
MPF-73,F,2026-09-05,daily,,False,402.9342318059301,,1993.516,2673.607,436.959,,,,,,,,,,,402.9342318059301,,ValueError: well cannot lift at max suction pressure
MPF-73,F,2026-09-06,daily,,False,405.27257717157227,,2009.588,2672.789,426.445,,,,,,,,,,,405.27257717157227,,ValueError: well cannot lift at max suction pressure
MPF-73,F,2026-09-07,daily,,False,406.13789546079795,,1974.862,2672.43,419.255,,,,,,,,,,,406.13789546079795,,ValueError: well cannot lift at max suction pressure
MPH-08,H,2026-06-16,test,-3573601,False,789.74,382.9,4957.703,3124.539,312.0,0.0,0.0,382.9,840.6718740869443,60.585514763868005,4449.474103543534,False,50.931874086944276,-322.314485236132,-84.17719645759519,,-10.251297757378097,
MPH-08,H,2026-07-15,test,-3585149,False,798.98,300.0,4849.927,3127.082,308.0,0.0,0.0,300.0,840.4747955963544,61.47502240529751,4451.867176366882,False,41.49479559635438,-238.52497759470248,-79.50832586490083,,-8.20754258018972,
MPH-08,H,2026-08-25,test,-3614257,False,817.38,166.1255,4687.905,3128.327,314.0,0.9640000208902184,0.0,4614.5999,840.7056212048011,60.43317963960012,4451.455985413561,False,23.32562120480111,-105.69232036039986,-63.62197276179749,,-5.043809859338843,
MPH-08,H,2026-06-10,daily,,False,788.4177215189874,,4933.056,3125.329,278.114,,,,839.2738965472215,66.89124359020401,4456.9445398870475,False,50.856175028234134,,,788.4177215189874,-9.651450543293084,
MPH-08,H,2026-06-11,daily,,False,788.6518072289153,,4882.077,3125.591,280.329,,,,839.3609054645929,66.49905219242407,4456.6380873213875,False,50.709098235677516,,,788.6518072289153,-8.71430157038926,
MPH-08,H,2026-06-12,daily,,False,789.9809523809523,,4892.306,3125.36,280.25,,,,839.3605837863513,66.5005022187311,4456.5092056306885,False,49.37963140539898,,,789.9809523809523,-8.907799192636578,
MPH-08,H,2026-06-13,daily,,False,790.111111111111,,4926.512,3125.316,279.242,,,,839.3200369784538,66.68327077649282,4456.695869745231,False,49.20892586734283,,,790.111111111111,-9.536486062649773,
MPH-08,H,2026-06-14,daily,,False,789.7325000000004,,4939.592,3125.327,278.058,,,,839.2716394521102,66.9014169327916,4456.955231262164,False,49.539139452109794,,,789.7325000000004,-9.77078205523525,
MPH-08,H,2026-06-15,daily,,False,790.2888888888889,,4928.487,3124.757,277.207,,,,839.2441049744211,67.02552037107353,4456.777441529324,False,48.95521608553224,,,790.2888888888889,-9.571082534471042,
MPH-08,H,2026-06-16,daily,,False,789.7384615384617,,4957.703,3124.539,275.89,,,,839.1931806810082,67.25503690307379,4456.9218204986655,False,49.45471914254654,,,789.7384615384617,-10.101072603609673,
MPH-08,H,2026-06-17,daily,,False,791.7739130434779,,4981.235,3124.438,273.157,,,,839.0831640055691,67.75084148132719,4457.445530941116,False,47.30925096209114,,,791.7739130434779,-10.51525312616015,
MPH-08,H,2026-06-18,daily,,False,792.6982758620692,,4927.463,3124.461,276.775,,,,839.2302113985295,67.08814014557039,4456.683078992033,False,46.53193553646031,,,792.6982758620692,-9.55420509515681,
MPH-08,H,2026-06-19,daily,,False,792.1090909090908,,4900.282,3124.725,277.076,,,,839.239168136427,67.04777131264818,4456.785262222949,False,47.13007722733619,,,792.1090909090908,-9.050432970532118,
MPH-08,H,2026-06-20,daily,,False,791.5955056179776,,4901.749,3124.297,275.483,,,,839.1796324573982,67.31609686333857,4456.856380195722,False,47.584126839420605,,,791.5955056179776,-9.07620157222,
MPH-08,H,2026-06-21,daily,,False,791.3581395348841,,4893.925,3123.938,274.489,,,,839.1436436213486,67.47828929707548,4456.843232840991,False,47.78550408646447,,,791.3581395348841,-8.93110881672705,
MPH-08,H,2026-06-22,daily,,False,792.4153846153844,,4910.65,3124.477,274.173,,,,839.1240348885732,67.56665821849894,4457.251378329848,False,46.70865027318882,,,792.4153846153844,-9.232965527377257,
MPH-08,H,2026-06-23,daily,,False,792.0454545454547,,4916.34,3124.519,275.008,,,,839.1575089487366,67.41580256113832,4457.098427408877,False,47.11205440328183,,,792.0454545454547,-9.341127191998988,
MPH-08,H,2026-06-24,daily,,False,793.6136363636363,,4913.664,3124.002,274.991,,,,839.1632862968927,67.3897655721146,4456.775791651187,False,45.54964993325643,,,793.6136363636363,-9.29832012015499,
MPH-08,H,2026-06-25,daily,,False,791.9289719626171,,4900.234,3123.414,274.608,,,,839.1550462619252,67.42690119470794,4456.486920618983,False,47.22607429930815,,,791.9289719626171,-9.055630391957138,
MPH-08,H,2026-06-26,daily,,False,790.978260869565,,4867.66,3126.105,272.214,,,,839.0239722885658,68.01757285820584,4458.701330109169,False,48.04571141900078,,,790.978260869565,-8.401545504222375,
MPH-08,H,2026-06-27,daily,,False,821.7919642857141,,4881.819,3127.976,270.911,,,,838.9476509092917,68.3614697618579,4460.1643911276415,False,17.155686623577594,,,821.7919642857141,-8.63724379933707,
MPH-08,H,2026-06-28,daily,,False,803.7906666666665,,4817.938,3128.147,292.637,,,,839.8313695170436,64.37781770272953,4455.665617815355,False,36.0407028503771,,,803.7906666666665,-7.519241264305288,
MPH-08,H,2026-06-29,daily,,False,798.8574712643679,,4824.882,3128.116,279.062,,,,839.2775917390733,66.87458830141762,4458.499947209113,False,40.42012047470541,,,798.8574712643679,-7.593596129208679,
MPH-08,H,2026-06-30,daily,,False,799.2743902439028,,4828.195,3127.533,280.098,,,,839.3271188189347,66.65134927769823,4457.911698719756,False,40.05272857503189,,,799.2743902439028,-7.669186958692508,
MPH-08,H,2026-07-01,daily,,False,800.430612244898,,4827.208,3127.275,281.625,,,,839.3926111519204,66.35613031300326,4457.424728171423,False,38.96199890702235,,,800.430612244898,-7.660396482367782,
MPH-08,H,2026-07-02,daily,,False,800.0957746478873,,4835.452,3127.216,283.83,,,,839.4833004323353,65.94729764388363,4456.921077723097,False,39.38752578444803,,,800.0957746478873,-7.8282427842713105,
MPH-08,H,2026-07-03,daily,,False,800.6854166666667,,4854.6685,3127.062,282.483,,,,839.4302804893977,66.18631945741346,4457.108705591969,False,38.74486382273096,,,800.6854166666667,-8.189226399455096,
MPH-08,H,2026-07-04,daily,,False,801.2757575757576,,4857.27,3126.636,283.389,,,,839.4725987453564,65.99554352436752,4456.648655102092,False,38.19684116959888,,,801.2757575757576,-8.247870612461504,
MPH-08,H,2026-07-05,daily,,False,800.7787878787875,,4860.0034,3126.553,282.625,,,,839.4424698910484,66.13136900170085,4456.757826161867,False,38.66368201226089,,,800.7787878787875,-8.29722822494594,
MPH-08,H,2026-07-06,daily,,False,801.3350649350651,,4844.5005,3126.359,282.114,,,,839.424061637168,66.2143540935352,4456.743684743556,False,38.08899670210292,,,801.3350649350651,-8.004061827559816,
MPH-08,H,2026-07-07,daily,,False,802.2076923076927,,4857.581,3126.023,279.838,,,,839.3354642349285,66.61373188722851,4457.014890527512,False,37.12777192723581,,,802.2076923076927,-8.246205456429612,
MPH-08,H,2026-07-08,daily,,False,801.588679245283,,4850.909,3126.162,284.116,,,,839.5082313059248,65.83490091639852,4456.196507315801,False,37.91955206064188,,,801.588679245283,-8.136876875740173,
MPH-08,H,2026-07-09,daily,,False,801.0552238805974,,4842.944,3125.769,282.757,,,,839.4577110241268,66.06266018627561,4456.235717146705,False,38.402487143529356,,,801.0552238805974,-7.984983573076532,
MPH-08,H,2026-07-10,daily,,False,795.5774193548388,,4859.627,3125.548,275.72,,,,839.1736266591819,67.34316388117942,4457.594950868904,False,43.596207304343125,,,795.5774193548388,-8.272899321925253,
MPH-08,H,2026-07-11,daily,,False,795.8933333333334,,4838.67,3125.603,272.968,,,,839.0609159794888,67.85109811903594,4458.221664405778,False,43.167582646155324,,,795.8933333333334,-7.862663409453885,
MPH-08,H,2026-07-12,daily,,False,795.911111111111,,4849.029,3124.842,274.145,,,,839.118330499128,67.59236533600375,4457.487774650796,False,43.20721938801694,,,795.911111111111,-8.074631546835542,
MPH-08,H,2026-07-13,daily,,False,796.1559748427673,,4892.937,3125.142,273.813,,,,839.101065148519,67.67017156083242,4457.748576898499,False,42.945090305751705,,,796.1559748427673,-8.894216767996422,
MPH-08,H,2026-07-14,daily,,False,823.9921568627453,,4879.891,3125.946,284.603,,,,839.5308300361143,65.73301571363025,4455.957760334609,False,15.53867317336892,,,823.9921568627453,-8.687350591752786,
MPH-08,H,2026-07-15,daily,,False,798.9777777777776,,4849.927,3127.082,282.934,,,,839.4484271856599,66.10451295066234,4457.025905958168,False,40.470649407882206,,,798.9777777777776,-8.101175420616268,
MPH-08,H,2026-07-16,daily,,False,797.1177419354839,,4829.335,3126.836,270.302,,,,838.937108374294,68.40897124410779,4459.576833673639,False,41.81936643881011,,,797.1177419354839,-7.656502734359094,
MPH-08,H,2026-07-17,daily,,False,796.5613636363639,,4845.015,3126.768,271.341,,,,838.980195435756,68.21483060310848,4459.308687202361,False,42.418831799392024,,,796.5613636363639,-7.9608899621082525,
MPH-08,H,2026-07-18,daily,,False,795.3450000000001,,4843.105,3126.735,271.552,,,,838.98918669898,68.17431687093374,4459.242177297897,False,43.644186698979865,,,795.3450000000001,-7.925965319812445,
MPH-08,H,2026-07-19,daily,,False,794.9555555555559,,4842.712,3126.777,270.687,,,,838.9534940512525,68.3351420988464,4459.456076056444,False,43.997938495696644,,,794.9555555555559,-7.914076326313779,
MPH-08,H,2026-07-20,daily,,False,794.0529411764709,,4833.329,3126.604,271.887,,,,839.0044442129496,68.10556715870797,4459.087005208249,False,44.9515030364787,,,794.0529411764709,-7.742944765228077,
MPH-08,H,2026-07-21,daily,,False,793.9862745098038,,4833.153,3126.305,272.296,,,,839.0248109339191,68.0137938475518,4458.809854403774,False,45.03853642411525,,,793.9862745098038,-7.745319579086907,
MPH-08,H,2026-07-22,daily,,False,793.5411764705883,,4856.602,3125.941,273.029,,,,839.0591757991588,67.85893982219906,4458.421845289664,False,45.517999328570454,,,793.5411764705883,-8.198739668400579,
MPH-08,H,2026-07-23,daily,,False,793.6500000000001,,4852.244,3126.125,272.519,,,,839.0361293277473,67.96279182911609,4458.648064818954,False,45.3861293277472,,,793.6500000000001,-8.111627015892974,
MPH-08,H,2026-07-24,daily,,False,786.723170731707,,4857.657,3125.805,273.002,,,,839.059776059891,67.85623489354069,4458.3418299523555,False,52.336605328183964,,,786.723170731707,-8.220324531922374,
MPH-08,H,2026-07-25,daily,,False,788.8642857142858,,4865.003,3126.141,243.456,,,,837.8587301323695,73.26502091118653,4465.117795276806,False,48.99444441808373,,,788.8642857142858,-8.21962914972908,
MPH-08,H,2026-07-26,daily,,False,790.25,,4831.637,3125.849,251.121,,,,838.171812025196,71.8557512838001,4463.194155182695,False,47.921812025196004,,,790.25,-7.6256317438024634,
MPH-08,H,2026-07-27,daily,,False,795.9672413793103,,4849.665,3125.948,268.14,,,,838.8603121510993,68.75497587985443,4459.486191042991,False,42.893070771788985,,,795.9672413793103,-8.045479614715845,
MPH-08,H,2026-07-28,daily,,False,798.7934782608696,,4858.978,3126.255,272.984,,,,839.0534229415707,67.88486358542549,4458.629739082783,False,40.259944680701096,,,798.7934782608696,-8.239351174613606,
MPH-08,H,2026-07-29,daily,,False,798.6540540540541,,4849.232,3125.685,275.202,,,,839.1508199462501,67.44594793786803,4457.7925745072735,False,40.49676589219598,,,798.6540540540541,-8.072194225657315,
MPH-08,H,2026-07-30,daily,,False,799.9254901960785,,4851.792,3125.305,274.326,,,,839.1199092341928,67.58525070266718,4457.741048581678,False,39.19441903811435,,,799.9254901960785,-8.12176101981128,
MPH-08,H,2026-07-31,daily,,False,801.7944444444447,,4902.357,3124.815,273.789,,,,839.1041761446095,67.65615197584877,4457.5473523682,False,37.309731700164775,,,801.7944444444447,-9.07338342825298,
MPH-08,H,2026-08-01,daily,,False,799.666666666667,,4852.057,3124.239,273.887,,,,839.1153674546212,67.60571838369526,4457.162690120134,False,39.44870078795418,,,799.666666666667,-8.13869890398784,
MPH-08,H,2026-08-02,daily,,False,821.2833333333332,,4846.453,3124.493,266.291,,,,838.8033081168408,69.01178883151407,4458.970561213595,False,17.519974783507564,,,821.2833333333332,-7.995175828310009,
MPH-08,H,2026-08-12,daily,,False,823.3420454545455,,4744.046,3126.291,287.39,,,,839.6403081349471,65.23940493834215,4455.589879711994,False,16.298262680401535,,,823.3420454545455,-6.0803820259754175,
MPH-08,H,2026-08-13,daily,,False,823.5017857142858,,4732.428,3126.427,283.823,,,,839.4929384711447,65.90384648827673,4456.425317015249,False,15.991152756858924,,,823.5017857142858,-5.832158101185081,
MPH-08,H,2026-08-14,daily,,False,819.9302325581397,,4724.986,3126.873,280.714,,,,839.3605116529465,66.50082737380653,4457.364636053933,False,19.430279094806792,,,819.9302325581397,-5.663960992605411,
MPH-08,H,2026-08-15,daily,,False,818.5372549019609,,4751.964,3126.697,281.252,,,,839.3846584353563,66.3919797634114,4457.1394667799295,False,20.847403533395436,,,818.5372549019609,-6.204266977192385,
MPH-08,H,2026-08-16,daily,,False,816.3816666666668,,4714.575,3125.611,277.862,,,,839.2600927696304,66.95346059679592,4457.1762248487885,False,22.878426102963658,,,816.3816666666668,-5.459638995057059,
MPH-08,H,2026-08-17,daily,,False,819.1562500000001,,4651.356,3127.411,281.964,,,,839.4047278201343,66.30150992012082,4457.438597962367,False,20.248477820134212,,,819.1562500000001,-4.169050961432175,
MPH-08,H,2026-08-18,daily,,False,817.8806451612902,,4670.157,3130.168,283.263,,,,839.4230710354386,66.21881971712615,4458.9010063577125,False,21.54242587414842,,,817.8806451612902,-4.523530871495063,
MPH-08,H,2026-08-19,daily,,False,817.6657534246576,,4678.887,3129.645,281.046,,,,839.3392626348037,66.59661029515789,4459.041496916346,False,21.673509210146108,,,817.6657534246576,-4.69867092502243,
MPH-08,H,2026-08-20,daily,,False,816.8977777777778,,4672.632,3129.511,278.896,,,,839.2533507530609,66.98384818682632,4459.414907502741,False,22.355572975283053,,,816.8977777777778,-4.563104744761814,
MPH-08,H,2026-08-21,daily,,False,850.6336956521737,,4671.838,3129.556,280.862,,,,839.3328806368544,66.62537762347368,4459.024507954991,False,-11.300815015319358,,,850.6336956521737,-4.555241257188469,
MPH-08,H,2026-08-22,daily,,False,822.3142857142858,,4021.335,2743.805,271.631,,,,,,,,,,,822.3142857142858,,ValueError: well cannot lift at max suction pressure
MPH-08,H,2026-08-23,daily,,False,818.2093750000001,,4680.308,3128.482,284.49,,,,839.4943098161575,65.89766401968933,4457.579575624378,False,21.284934816157374,,,818.2093750000001,-4.758841178307538,
MPH-08,H,2026-08-24,daily,,False,816.2782608695654,,4727.28,3128.038,283.389,,,,839.454972832481,66.07500435691128,4457.532221064646,False,23.176711962915533,,,816.2782608695654,-5.7061942371798064,
MPH-08,H,2026-08-25,daily,,False,817.3799999999999,,4687.905,3128.327,279.882,,,,839.3083579794136,66.7359135122801,4458.458260329288,False,21.928357979413704,,,817.3799999999999,-4.894440899948083,
MPH-08,H,2026-08-26,daily,,False,860.186390532544,,4717.483,3127.271,280.853,,,,839.3611833746605,66.49779945915033,4457.586034130188,False,-20.825207157883483,,,860.186390532544,-5.509229516456394,
MPH-08,H,2026-08-27,daily,,False,834.3744791666664,,4387.642,2941.492,288.857,,,,842.4196415109577,52.68892331993298,4336.449737340169,False,8.04516234429127,,,834.3744791666664,-1.1667374562425725,
MPH-08,H,2026-08-28,daily,,False,825.0488888888888,,4744.687,3128.14,282.887,,,,839.4332141268745,66.17309453199037,4457.7026424021,False,14.384325237985763,,,825.0488888888888,-6.048541402159935,
MPH-08,H,2026-08-29,daily,,False,824.6689655172414,,4723.889,3127.688,287.904,,,,839.6436925037681,65.22414471229565,4456.362217145612,False,14.974726986526662,,,824.6689655172414,-5.66327411279961,
MPH-08,H,2026-08-30,daily,,False,822.7945205479454,,4735.865,3127.242,287.053,,,,839.6145531359442,65.35553325554315,4456.259540293244,False,16.820032587998867,,,822.7945205479454,-5.903999791099535,
MPH-08,H,2026-08-31,daily,,False,822.6351351351353,,4754.671,3127.4,287.059,,,,839.6128069910127,65.36340644265425,4456.357807494384,False,16.97767185587736,,,822.6351351351353,-6.274107977305176,
MPH-08,H,2026-09-01,daily,,False,822.2847222222222,,4766.746,3126.804,287.77,,,,839.649364778146,65.1985681253575,4455.8334790304125,False,17.364642555923865,,,822.2847222222222,-6.5225317432392576,
MPH-08,H,2026-09-02,daily,,False,821.6552631578949,,4764.496,3126.67,287.706,,,,839.6484397399363,65.2027391823188,4455.762468124506,False,17.99317658204143,,,821.6552631578949,-6.479878078929946,
MPH-08,H,2026-09-03,daily,,False,822.2108108108106,,4768.874,3126.463,287.501,,,,839.6426743792392,65.22873547373422,4455.674987547115,False,17.43186356842864,,,822.2108108108106,-6.567567363970717,
MPH-08,H,2026-09-04,daily,,False,822.2176470588236,,4777.707,3126.753,284.977,,,,839.5359405078085,65.70997507975855,4456.387552071981,False,17.318293448984946,,,822.2176470588236,-6.725390400207032,
MPH-08,H,2026-09-05,daily,,False,822.0852272727275,,4737.951,3127.221,287.651,,,,839.6392450707237,65.24419831728225,4456.121040911515,False,17.554017797996266,,,822.0852272727275,-5.9483510717710075,
MPH-08,H,2026-09-06,daily,,False,822.2111111111111,,4710.819,3124.489,286.138,,,,839.6118744876417,65.36761099807218,4454.716937242408,False,17.400763376530563,,,822.2111111111111,-5.436465777131161,
MPH-08,H,2026-09-07,daily,,False,822.2788732394372,,4751.843,3126.411,286.815,,,,839.6153051183381,65.35214264013706,4455.785948999798,False,17.336431878900953,,,822.2788732394372,-6.230362640352416,
MPH-19,H,2026-06-12,test,-3566640,False,631.68,66.7009,2460.205,3271.192,297.93,0.7722989541255152,1790.0448119890436,292.9319,507.2918905043079,106.37957188418122,2386.8728246304618,True,-124.38810949569205,39.67867188418121,59.48746101504059,,-2.980734344070435,
MPH-19,H,2026-06-15,test,-3566642,False,630.93,91.6072,2462.688,3272.052,294.823,0.6931611464018771,1319.7357849601342,298.5515,507.2918905043079,106.37957188418122,2387.0877584626764,True,-123.63810949569205,14.772371884181211,16.125776013436944,,-3.069826203616688,
MPH-19,H,2026-06-16,test,-3566643,False,630.74,60.3292,2455.406,3271.851,293.217,0.7951964737885013,2032.330944219383,294.5711,507.2918905043079,106.37957188418122,2387.0375257078063,True,-123.44810949569211,46.05037188418122,76.3318125951964,,-2.7844060938269966,
MPH-19,H,2026-06-17,test,-3566645,False,630.63,60.1681,2453.928,3271.64,291.088,0.7932930281517883,2066.516974941871,291.0792,507.2918905043079,106.37957188418122,2386.984792642536,True,-123.3381094956921,46.211471884181215,76.80394076625522,,-2.7280020993877607,
MPH-19,H,2026-06-18,test,-3566646,False,630.59,59.9306,2456.218,3272.013,294.077,0.7958954033162493,2072.9126689871287,293.6269,507.2918905043079,106.37957188418122,2387.078011893657,True,-123.29810949569213,46.44897188418122,77.50460012778318,,-2.8148962391100096,
MPH-19,H,2026-06-19,test,-3567203,False,630.55,74.1411,2462.594,3273.765,295.202,0.7345813148590732,1697.5726014315946,279.3364,507.2918905043079,106.37957188418122,2387.515817437304,True,-123.25810949569205,32.23847188418122,43.48259182043592,,-3.048743827147149,
MPH-19,H,2026-06-20,test,-3568937,False,630.42,70.5007,2468.96,3274.284,293.608,0.7492550637526008,1737.361473006651,281.165,507.2918905043079,106.37957188418122,2387.6454939993923,True,-123.12810949569206,35.87887188418122,50.89151155120619,,-3.293471988230179,
MPH-19,H,2026-06-21,test,-3568940,False,630.13,76.9811,2468.467,3274.249,293.283,0.71876255832543,1615.422486818193,273.7228,507.2918905043079,106.37957188418122,2387.636749179365,True,-122.8381094956921,29.39847188418122,38.1892073303463,,-3.2745121089581164,
MPH-19,H,2026-06-22,test,-3568941,False,629.87,68.3928,2459.306,3274.604,293.282,0.7536053422832526,1808.7868898480542,277.5742,507.2918905043079,106.37957188418122,2387.7254451140707,True,-122.5781094956921,37.98677188418122,55.542062737863084,,-2.9105997743237078,
MPH-19,H,2026-06-23,test,-3569445,False,629.63,62.4757,2462.865,3274.584,293.985,0.773445457990423,2106.620654110318,275.7645,507.2918905043079,106.37957188418122,2387.7204482499765,True,-122.3381094956921,43.903871884181214,70.27351735823882,,-3.051103156284385,
MPH-19,H,2026-06-24,test,-3570620,False,629.19,62.2545,2466.817,3274.338,294.315,0.7712158529889729,2089.111630484543,272.1102,507.2918905043079,106.37957188418122,2387.6589859428914,True,-121.89810949569215,44.12507188418122,70.87852586428487,,-3.208913107746081,
MPH-19,H,2026-06-25,test,-3570619,False,628.92,70.5191,2476.381,3274.34,293.449,0.7334132498934887,1839.0506969033922,264.5259,507.2918905043079,106.37957188418122,2387.6594856429983,True,-121.62810949569206,35.86047188418122,50.852140603299276,,-3.5827085717828333,
MPH-19,H,2026-07-03,test,-3576561,False,626.33,47.0487,2458.8206,3271.639,302.434,0.8290800766527106,2889.690894753734,275.2675,507.2918905043079,106.37957188418122,2386.984542719946,True,-119.03810949569214,59.33087188418122,126.10523114173446,,-2.9215656189009453,
MPH-19,H,2026-07-04,test,-3576562,False,626.07,49.9053,2463.7212,3271.036,301.901,0.8121333177233578,2699.701234137456,265.6421,507.2918905043079,106.37957188418122,2386.8338345025227,True,-118.77810949569215,56.47427188418122,113.16287425219609,,-3.1207819089869915,
MPH-19,H,2026-07-17,test,-3588144,False,623.24,127.8253,2445.186,3272.192,288.578,0.6318406340995562,669.5763671198112,347.201,507.2918905043079,106.37957188418122,2387.122745809555,True,-115.94810949569211,-21.44572811581878,-16.77737358396091,,-2.374594578508349,
MPH-19,H,2026-07-18,test,-3588143,False,622.99,124.535,2436.798,3272.283,289.39,0.6369261035947916,702.4515196531096,343.0018,507.2918905043079,106.37957188418122,2387.1454873025327,True,-115.69810949569211,-18.15542811581878,-14.578574790877086,,-2.037612994489779,
MPH-19,H,2026-07-19,test,-3587558,False,622.63,126.691,2440.197,3272.009,288.573,0.6384927816118717,687.8799599024399,350.4522,507.2918905043079,106.37957188418122,2387.077012243242,True,-115.3381094956921,-20.311428115818785,-16.032258105010445,,-2.176872922831985,
MPH-19,H,2026-07-20,test,-3588142,False,622.26,129.7045,2443.839,3271.855,289.068,0.6283927325652188,672.3930164335085,349.0365,507.2918905043079,106.37957188418122,2387.03852537521,True,-114.96810949569209,-23.32492811581878,-17.983129433303226,,-2.324231449976444,
MPH-19,H,2026-07-21,test,-3592417,False,621.85,127.8547,2438.124,3271.809,289.363,0.6298310198019372,672.1583172147758,345.3955,507.2918905043079,106.37957188418122,2387.0270291740994,True,-114.55810949569212,-21.475128115818777,-16.79651050436064,,-2.09574947073653,
MPH-19,H,2026-07-22,test,-3592416,False,621.6,131.5147,2444.148,3271.563,290.456,0.6203145118916329,651.0382489562003,346.378,507.2918905043079,106.37957188418122,2386.965548524447,True,-114.30810949569212,-25.135128115818787,-19.112029389732697,,-2.339565831347079,
MPH-19,H,2026-07-23,test,-3592415,False,621.4,135.2474,2443.731,3271.507,290.303,0.6198779145244279,627.334055959671,355.7999,507.2918905043079,106.37957188418122,2386.9515527020917,True,-114.10810949569208,-28.86782811581878,-21.344460681550093,,-2.3234737087637125,
MPH-19,H,2026-07-24,test,-3592414,False,620.98,137.6509,2454.418,3271.305,291.58,0.6005276541012903,608.940442815848,344.5818,507.2918905043079,106.37957188418122,2386.9010670709254,True,-113.68810949569212,-31.27132811581879,-22.71785227399079,,-2.7508326996084076,
MPH-19,H,2026-07-25,test,-3592413,False,620.5,132.1158,2452.309,3271.611,268.098,0.5941260068065622,694.0585456092307,325.5094,507.2918905043079,106.37957188418122,2386.9775448765113,True,-113.2081094956921,-25.73622811581879,-19.48005319259225,,-2.6640792462731655,
MPH-19,H,2026-07-26,test,-3592412,False,620.5,141.2186,2452.938,3271.649,251.974,0.5851446103516876,691.3678509771376,340.4044,507.2918905043079,106.37957188418122,2386.987041944636,True,-113.2081094956921,-34.83902811581879,-24.670282891785355,,-2.688651651829932,
MPH-19,H,2026-07-27,test,-3592411,False,620.68,144.757,2454.26,3271.498,285.025,0.5640948351274091,619.0843966094903,332.0837,507.2918905043079,106.37957188418122,2386.9493033656354,True,-113.38810949569205,-38.37742811581879,-26.511621625081194,,-2.742606595648578,
MPH-19,H,2026-08-11,test,-3605795,False,728.75,95.1913,2430.459,3273.534,309.969,0.5341134057905403,2718.3303516182677,204.3229,507.2918905043079,106.37957188418122,2387.4580977965347,True,-221.4581094956921,11.18827188418122,11.753460541227213,,-1.769250261101507,
MPH-19,H,2026-08-12,test,-3605796,False,713.12,30.9121,2443.942,3274.21,312.623,0.8864626463241335,3444.08500231301,272.2637,507.2918905043079,106.37957188418122,2387.627004912576,True,-205.8281094956921,75.46747188418122,244.13570053209335,,-2.304268885571914,
MPH-19,H,2026-09-05,test,-3621221,False,621.69,66.1971,2379.084,3274.96,313.497,0.8227246908994599,1912.5852945219654,373.4141,507.2918905043079,106.37957188418122,2387.8143874975467,True,-114.39810949569215,40.18247188418121,60.70125713087311,,0.3669642390746519,
MPH-19,H,2026-09-07,test,-3621222,False,619.85,62.9699,2390.931,3276.291,312.205,0.8242582595539664,2016.0695824512982,358.3093,507.2918905043079,106.37957188418122,2388.146891937408,True,-112.55810949569212,43.409671884181215,68.93717773758765,,-0.11644451732786276,
MPH-19,H,2026-06-10,daily,,False,632.2380303797466,,2459.373,3270.871,294.233,,,,507.2918905043079,106.37957188418122,2386.7925942320917,True,-124.94613987543875,,,632.2380303797466,-2.951175188469113,
MPH-19,H,2026-06-11,daily,,False,631.9271533834585,,2462.091,3271.042,297.56,,,,507.2918905043079,106.37957188418122,2386.835334134926,True,-124.63526287915062,,,631.9271533834585,-3.0565753201272305,
MPH-19,H,2026-06-12,daily,,False,631.684761328125,,2460.205,3271.192,297.645,,,,507.2918905043079,106.37957188418122,2386.8728246304618,True,-124.39287082381708,,,631.684761328125,-2.980734344070435,
MPH-19,H,2026-06-13,daily,,False,631.3841693548388,,2457.476,3271.384,287.444,,,,507.2918905043079,106.37957188418122,2386.9208115820456,True,-124.09227885053093,,,631.3841693548388,-2.8710428267846533,
MPH-19,H,2026-06-14,daily,,False,631.1883555102039,,2454.153,3272.056,282.155,,,,507.2918905043079,106.37957188418122,2387.0887581084694,True,-123.896465005896,,,631.1883555102039,-2.732683817656456,
MPH-19,H,2026-06-15,daily,,False,630.9308943548389,,2462.688,3272.052,294.984,,,,507.2918905043079,106.37957188418122,2387.0877584626764,True,-123.63900385053097,,,630.9308943548389,-3.069826203616688,
MPH-19,H,2026-06-16,daily,,False,630.7426511811021,,2455.406,3271.851,293.615,,,,507.2918905043079,106.37957188418122,2387.0375257078063,True,-123.45076067679423,,,630.7426511811021,-2.7844060938269966,
MPH-19,H,2026-06-17,daily,,False,630.6272502202644,,2453.928,3271.64,290.701,,,,507.2918905043079,106.37957188418122,2386.984792642536,True,-123.33535971595649,,,630.6272502202644,-2.7280020993877607,
MPH-19,H,2026-06-18,daily,,False,630.5933521276595,,2456.218,3272.013,294.792,,,,507.2918905043079,106.37957188418122,2387.078011893657,True,-123.3014616233516,,,630.5933521276595,-2.8148962391100096,
MPH-19,H,2026-06-19,daily,,False,630.5461996197719,,2462.594,3273.765,295.114,,,,507.2918905043079,106.37957188418122,2387.515817437304,True,-123.25430911546397,,,630.5461996197719,-3.048743827147149,
MPH-19,H,2026-06-20,daily,,False,630.4154142394823,,2468.96,3274.284,293.487,,,,507.2918905043079,106.37957188418122,2387.6454939993923,True,-123.12352373517439,,,630.4154142394823,-3.293471988230179,
MPH-19,H,2026-06-21,daily,,False,630.1349426356587,,2468.467,3274.249,293.228,,,,507.2918905043079,106.37957188418122,2387.636749179365,True,-122.84305213135082,,,630.1349426356587,-3.2745121089581164,
MPH-19,H,2026-06-22,daily,,False,629.874695608108,,2459.306,3274.604,293.124,,,,507.2918905043079,106.37957188418122,2387.7254451140707,True,-122.58280510380013,,,629.874695608108,-2.9105997743237078,
MPH-19,H,2026-06-23,daily,,False,629.6308457564573,,2462.865,3274.584,294.618,,,,507.2918905043079,106.37957188418122,2387.7204482499765,True,-122.33895525214945,,,629.6308457564573,-3.051103156284385,
MPH-19,H,2026-06-24,daily,,False,629.1917463829786,,2466.817,3274.338,294.518,,,,507.2918905043079,106.37957188418122,2387.6589859428914,True,-121.89985587867073,,,629.1917463829786,-3.208913107746081,
MPH-19,H,2026-06-25,daily,,False,628.9161418867923,,2476.381,3274.34,293.757,,,,507.2918905043079,106.37957188418122,2387.6594856429983,True,-121.62425138248437,,,628.9161418867923,-3.5827085717828333,
MPH-19,H,2026-06-26,daily,,False,628.0204790513837,,2465.947,3274.942,274.539,,,,507.2918905043079,106.37957188418122,2387.8098904924345,True,-120.72858854707584,,,628.0204790513837,-3.1686451293383655,
MPH-19,H,2026-06-27,daily,,False,627.6430417266184,,2452.961,3275.439,260.289,,,,507.2918905043079,106.37957188418122,2387.9340546039857,True,-120.35115122231053,,,627.6430417266184,-2.6509571654834363,
MPH-19,H,2026-06-28,daily,,False,627.587962195122,,2446.455,3273.546,263.799,,,,507.2918905043079,106.37957188418122,2387.461096254732,True,-120.29607169081413,,,627.587962195122,-2.41140359194294,
MPH-19,H,2026-06-29,daily,,False,627.5586700704223,,2447.487,3274.154,294.071,,,,507.2918905043079,106.37957188418122,2387.6130130734314,True,-120.2667795661144,,,627.5586700704223,-2.446345452562926,
MPH-19,H,2026-06-30,daily,,False,627.5070022950816,,2454.899,3272.759,298.43,,,,507.2918905043079,106.37957188418122,2387.2644391775557,True,-120.21511179077373,,,627.5070022950816,-2.755085273261515,
MPH-19,H,2026-07-01,daily,,False,627.3388103333334,,2462.037,3272.002,300.532,,,,507.2918905043079,106.37957188418122,2387.075262853978,True,-120.04691982902551,,,627.3388103333334,-3.044703923865555,
MPH-19,H,2026-07-02,daily,,False,626.5752835877864,,2453.814,3271.762,303.314,,,,507.2918905043079,106.37957188418122,2387.0152829968274,True,-119.28339308347853,,,626.5752835877864,-2.7222404388911436,
MPH-19,H,2026-07-03,daily,,False,626.3255344322341,,2458.8206,3271.639,301.704,,,,507.2918905043079,106.37957188418122,2386.984542719946,True,-119.03364392792622,,,626.3255344322341,-2.9215656189009453,
MPH-19,H,2026-07-04,daily,,False,626.0658677147023,,2463.7212,3271.036,303.045,,,,507.2918905043079,106.37957188418122,2386.8338345025227,True,-118.77397721039443,,,626.0658677147023,-3.1207819089869915,
MPH-19,H,2026-07-05,daily,,False,625.8837290076332,,2463.8081,3270.682,301.99,,,,507.2918905043079,106.37957188418122,2386.7453544773743,True,-118.59183850332528,,,625.8837290076332,-3.127790087329685,
MPH-19,H,2026-07-06,daily,,False,625.6439151202748,,2476.4551,3270.581,301.587,,,,507.2918905043079,106.37957188418122,2386.720109558569,True,-118.35202461596685,,,625.6439151202748,-3.623525839068553,
MPH-19,H,2026-07-07,daily,,False,625.4287408668731,,2480.265,3270.711,298.727,,,,507.2918905043079,106.37957188418122,2386.75260296773,True,-118.13685036256521,,,625.4287408668731,-3.770258300313467,
MPH-19,H,2026-07-08,daily,,False,625.3531744604314,,2480.206,3270.372,303.6,,,,507.2918905043079,106.37957188418122,2386.6678692019855,True,-118.06128395612353,,,625.3531744604314,-3.771385554184392,
MPH-19,H,2026-07-09,daily,,False,625.0756116197177,,2480.483,3270.527,301.793,,,,507.2918905043079,106.37957188418122,2386.7066121627113,True,-117.78372111540983,,,625.0756116197177,-3.780569664750333,
MPH-19,H,2026-07-10,daily,,False,624.6859029032258,,2483.097,3271.225,293.723,,,,507.2918905043079,106.37957188418122,2386.881072458298,True,-117.39401239891794,,,624.6859029032258,-3.874835640399954,
MPH-19,H,2026-07-11,daily,,False,624.5099189999999,,2480.572,3271.373,291.467,,,,507.2918905043079,106.37957188418122,2386.9180623563752,True,-117.21802849569195,,,624.5099189999999,-3.7754976531068185,
MPH-19,H,2026-07-12,daily,,False,624.4586732673267,,2472.3,3270.976,292.958,,,,507.2918905043079,106.37957188418122,2386.818838125243,True,-117.16678276301883,,,624.4586732673267,-3.457556197660361,
MPH-19,H,2026-07-13,daily,,False,623.6489598746081,,2470.966,3270.416,276.221,,,,507.2918905043079,106.37957188418122,2386.6788672694097,True,-116.35706937030017,,,623.6489598746081,-3.4111004655907884,
MPH-19,H,2026-07-14,daily,,False,623.2478734513273,,2468.142,3270.984,261.587,,,,507.2918905043079,106.37957188418122,2386.8208376478055,True,-115.95598294701944,,,623.2478734513273,-3.2948332126836455,
MPH-19,H,2026-07-15,daily,,False,623.7680357357358,,2454.354,3272.291,279.718,,,,507.2918905043079,106.37957188418122,2387.1474865440196,True,-116.47614523142789,,,623.7680357357358,-2.738256724823729,
MPH-19,H,2026-07-16,daily,,False,623.6242321311477,,2443.787,3271.99,288.252,,,,507.2918905043079,106.37957188418122,2387.0722638978923,True,-116.33234162683976,,,623.6242321311477,-2.320772477392974,
MPH-19,H,2026-07-17,daily,,False,623.2441172043007,,2445.186,3272.192,289.19,,,,507.2918905043079,106.37957188418122,2387.122745809555,True,-115.95222669999276,,,623.2441172043007,-2.374594578508349,
MPH-19,H,2026-07-18,daily,,False,622.9947404682275,,2436.798,3272.283,289.245,,,,507.2918905043079,106.37957188418122,2387.1454873025327,True,-115.70284996391962,,,622.9947404682275,-2.037612994489779,
MPH-19,H,2026-07-19,daily,,False,622.6319137195121,,2440.197,3272.009,288.084,,,,507.2918905043079,106.37957188418122,2387.077012243242,True,-115.34002321520421,,,622.6319137195121,-2.176872922831985,
MPH-19,H,2026-07-20,daily,,False,622.2574700636944,,2443.839,3271.855,289.243,,,,507.2918905043079,106.37957188418122,2387.03852537521,True,-114.96557955938653,,,622.2574700636944,-2.324231449976444,
MPH-19,H,2026-07-21,daily,,False,621.8513581395348,,2438.124,3271.809,289.829,,,,507.2918905043079,106.37957188418122,2387.0270291740994,True,-114.5594676352269,,,621.8513581395348,-2.09574947073653,
MPH-19,H,2026-07-22,daily,,False,621.6036496969697,,2444.148,3271.563,290.821,,,,507.2918905043079,106.37957188418122,2386.965548524447,True,-114.31175919266178,,,621.6036496969697,-2.339565831347079,
MPH-19,H,2026-07-23,daily,,False,621.4036677852353,,2443.731,3271.507,290.619,,,,507.2918905043079,106.37957188418122,2386.9515527020917,True,-114.11177728092736,,,621.4036677852353,-2.3234737087637125,
MPH-19,H,2026-07-24,daily,,False,620.9792697452228,,2454.418,3271.305,291.697,,,,507.2918905043079,106.37957188418122,2386.9010670709254,True,-113.68737924091494,,,620.9792697452228,-2.7508326996084076,
MPH-19,H,2026-07-25,daily,,False,620.5036246105917,,2452.309,3271.611,253.881,,,,507.2918905043079,106.37957188418122,2386.9775448765113,True,-113.21173410628381,,,620.5036246105917,-2.6640792462731655,
MPH-19,H,2026-07-26,daily,,False,620.498619551282,,2452.938,3271.649,263.241,,,,507.2918905043079,106.37957188418122,2386.987041944636,True,-113.20672904697409,,,620.498619551282,-2.688651651829932,
MPH-19,H,2026-07-27,daily,,False,620.6756364285712,,2454.26,3271.498,285.297,,,,507.2918905043079,106.37957188418122,2386.9493033656354,True,-113.38374592426334,,,620.6756364285712,-2.742606595648578,
MPH-19,H,2026-07-28,daily,,False,620.7468465798047,,2448.927,3271.523,291.013,,,,507.2918905043079,106.37957188418122,2386.9555515170814,True,-113.4549560754968,,,620.7468465798047,-2.530555156724501,
MPH-19,H,2026-07-29,daily,,False,620.5846042704629,,2451.214,3271.297,293.453,,,,507.2918905043079,106.37957188418122,2386.8990676174053,True,-113.29271376615503,,,620.5846042704629,-2.6237991616641643,
MPH-19,H,2026-07-30,daily,,False,620.5047280276816,,2451.569,3271.143,292.662,,,,507.2918905043079,106.37957188418122,2386.8605778017836,True,-113.21283752337371,,,620.5047280276816,-2.639469751747403,
MPH-19,H,2026-07-31,daily,,False,620.3205789999997,,2435.014,3270.586,291.668,,,,507.2918905043079,106.37957188418122,2386.721359313479,True,-113.02868849569182,,,620.3205789999997,-1.9832592620215417,
MPH-19,H,2026-08-01,daily,,False,620.0054103806231,,2440.295,3270.123,291.723,,,,507.2918905043079,106.37957188418122,2386.605629157589,True,-112.71351987631516,,,620.0054103806231,-2.200118053039113,
MPH-19,H,2026-08-02,daily,,False,635.606091954023,,2456.147,3269.97,283.349,,,,507.2918905043079,106.37957188418122,2386.5673844478056,True,-128.31420144971509,,,635.606091954023,-2.832876678480334,
MPH-19,H,2026-08-03,daily,,False,731.6677249999999,,2082.981,1174.0,254.826,,,,,,,,,,,731.6677249999999,,ValueError: well cannot lift at max suction pressure
MPH-19,H,2026-08-10,daily,,False,759.3983356756754,,1610.584,2075.142,241.769,,,,562.7218815019952,89.74339203706208,2010.3568195277685,False,-196.6764541736802,,,759.3983356756754,24.821606294845132,
MPH-19,H,2026-08-11,daily,,False,728.7494457236845,,2430.459,3273.534,315.231,,,,507.2918905043079,106.37957188418122,2387.4580977965347,True,-221.45755521937662,,,728.7494457236845,-1.769250261101507,
MPH-19,H,2026-08-12,daily,,False,713.1224296577946,,2443.942,3274.21,312.082,,,,507.2918905043079,106.37957188418122,2387.627004912576,True,-205.83053915348665,,,713.1224296577946,-2.304268885571914,
MPH-19,H,2026-08-13,daily,,False,700.727754181819,,2447.212,3274.489,308.2,,,,507.2918905043079,106.37957188418122,2387.6967129988207,True,-193.43586367751112,,,700.727754181819,-2.4319628622767153,
MPH-19,H,2026-08-14,daily,,False,689.486586065574,,2447.076,3274.011,304.337,,,,507.2918905043079,106.37957188418122,2387.57728353057,True,-182.1946955612661,,,689.486586065574,-2.4314208659408143,
MPH-19,H,2026-08-15,daily,,False,678.6239722727274,,2451.183,3273.921,305.102,,,,507.2918905043079,106.37957188418122,2387.554796124048,True,-171.33208176841953,,,678.6239722727274,-2.5958161375936317,
MPH-19,H,2026-08-16,daily,,False,668.8883408759128,,2449.372,3273.771,301.393,,,,507.2918905043079,106.37957188418122,2387.517316629652,True,-161.59645037160493,,,668.8883408759128,-2.5253282625239293,
MPH-19,H,2026-08-17,daily,,False,659.678601554404,,2450.928,3274.75,307.131,,,,507.2918905043079,106.37957188418122,2387.761921896514,True,-152.38671105009615,,,659.678601554404,-2.577231077513731,
MPH-19,H,2026-08-18,daily,,False,651.9329248648646,,2441.021,3275.234,307.582,,,,507.2918905043079,106.37957188418122,2387.882840834481,True,-144.64103436055672,,,651.9329248648646,-2.176882507996414,
MPH-19,H,2026-08-19,daily,,False,645.7017952173912,,2443.724,3274.616,305.442,,,,507.2918905043079,106.37957188418122,2387.7284432273714,True,-138.40990471308334,,,645.7017952173912,-2.2914026613737426,
MPH-19,H,2026-08-20,daily,,False,640.1004347368424,,2457.386,3274.149,303.131,,,,507.2918905043079,106.37957188418122,2387.611763797983,True,-132.80854423253453,,,640.1004347368424,-2.8393681823700945,
MPH-19,H,2026-08-21,daily,,False,693.1311154838709,,2464.993,3273.647,305.731,,,,507.2918905043079,106.37957188418122,2387.4863331245897,True,-185.83922497956297,,,693.1311154838709,-3.144295617691828,
MPH-19,H,2026-08-22,daily,,False,656.8113973544972,,2047.111,2795.132,292.756,,,,507.2918905043079,106.37957188418122,2264.680058796121,True,-149.51950685018932,,,656.8113973544972,10.628102667423555,
MPH-19,H,2026-08-23,daily,,False,643.2084424731183,,2377.92,3275.046,309.569,,,,507.2918905043079,106.37957188418122,2387.8358730685522,True,-135.91655196881044,,,643.2084424731183,0.4169977572227923,
MPH-19,H,2026-08-24,daily,,False,636.6603639344264,,2379.483,3274.61,308.34,,,,507.2918905043079,106.37957188418122,2387.726944171204,True,-129.3684734301185,,,636.6603639344264,0.3464594691873879,
MPH-19,H,2026-08-25,daily,,False,633.2693715976329,,2386.29,3273.876,304.803,,,,507.2918905043079,106.37957188418122,2387.5435523391934,True,-125.97748109332503,,,633.2693715976329,0.05253143327899057,
MPH-19,H,2026-08-26,daily,,False,674.1081144329899,,2386.009,3273.353,290.097,,,,507.2918905043079,106.37957188418122,2387.412870582792,True,-166.81622392868195,,,674.1081144329899,0.05883760634566304,
MPH-19,H,2026-08-27,daily,,False,649.547021969697,,2202.78,3032.979,277.456,,,,507.2918905043079,106.37957188418122,2326.5526617662526,True,-142.25513146538907,,,649.547021969697,5.618929796268923,
MPH-19,H,2026-08-28,daily,,False,635.2353620437957,,2369.26,3273.846,308.738,,,,507.2918905043079,106.37957188418122,2387.536056452402,True,-127.9434715394878,,,635.2353620437957,0.7713824760643417,
MPH-19,H,2026-08-29,daily,,False,631.0473751515152,,2373.692,3273.434,312.62,,,,507.2918905043079,106.37957188418122,2387.4331104944367,True,-123.75548464720731,,,631.0473751515152,0.5788918905416773,
MPH-19,H,2026-08-30,daily,,False,629.3948580110501,,2369.679,3273.232,312.178,,,,507.2918905043079,106.37957188418122,2387.3826353247046,True,-122.10296750674223,,,629.3948580110501,0.7470900204080255,
MPH-19,H,2026-08-31,daily,,False,627.7640413612565,,2383.711,3273.086,311.719,,,,507.2918905043079,106.37957188418122,2387.3461525887756,True,-120.47215085694864,,,627.7640413612565,0.15249971950357377,
MPH-19,H,2026-09-01,daily,,False,626.4134373134328,,2381.589,3273.23,313.068,,,,507.2918905043079,106.37957188418122,2387.382135565068,True,-119.12154680912494,,,626.4134373134328,0.24324665444239724,
MPH-19,H,2026-09-02,daily,,False,625.0973791262134,,2379.924,3273.426,312.938,,,,507.2918905043079,106.37957188418122,2387.431111498662,True,-117.80548862190545,,,625.0973791262134,0.31543492559686914,
MPH-19,H,2026-09-03,daily,,False,623.7845085227273,,2382.346,3273.728,312.761,,,,507.2918905043079,106.37957188418122,2387.506572396455,True,-116.49261801841936,,,623.7845085227273,0.21661725024220146,
MPH-19,H,2026-09-04,daily,,False,622.6457589595376,,2382.087,3274.714,308.888,,,,507.2918905043079,106.37957188418122,2387.752927674566,True,-115.3538684552297,,,622.6457589595376,0.2378556146171773,
MPH-19,H,2026-09-05,daily,,False,621.6933360946745,,2379.084,3274.96,313.053,,,,507.2918905043079,106.37957188418122,2387.8143874975467,True,-114.40144559036656,,,621.6933360946745,0.3669642390746519,
MPH-19,H,2026-09-06,daily,,False,620.8288842424244,,2388.515,3273.508,311.852,,,,507.2918905043079,106.37957188418122,2387.4516011238343,True,-113.53699373811645,,,620.8288842424244,-0.044521339667769055,
MPH-19,H,2026-09-07,daily,,False,619.8450698795181,,2390.931,3276.291,312.72,,,,507.2918905043079,106.37957188418122,2388.146891937408,True,-112.55317937521016,,,619.8450698795181,-0.11644451732786276,
MPH-22,H,2026-06-14,test,-3564685,False,620.49,567.4588,2872.956,3290.988,301.072,0.21741392169323379,1258.8494530351807,725.1072,495.2351472476475,1044.1934829577292,2988.617888203313,False,-125.25485275235252,476.7346829577292,84.01221074688227,,4.02588442716536,
MPH-22,H,2026-06-17,test,-3574111,False,616.92,740.1,2872.86,3290.845,311.2,0.0,0.0,740.1,499.41026331179177,1027.6087820200823,2986.227293897414,False,-117.50973668820819,287.5087820200823,38.84728847724392,,3.94614752885325,
MPH-22,H,2026-07-14,test,-3585150,False,591.05,703.0,2870.417,3291.049,293.0,0.6610087761597068,0.0,2073.8,491.905552888824,1057.3349866743833,2990.5120014079976,False,-99.14444711117596,354.33498667438334,50.403269797209575,,4.183886919844659,
MPH-22,H,2026-08-02,test,-3614810,False,575.94,796.0335,2867.735,3289.451,311.0,0.031,0.0,821.5,499.5426539100491,1027.0809607039362,2985.699741176836,False,-76.39734608995093,231.04746070393617,29.02484137965753,,4.113516108595672,
MPH-22,H,2026-08-25,test,-3614267,False,555.25,796.0335,2878.297,3290.678,311.0,0.031,0.0,821.5,499.3540481688211,1027.8328674260213,2986.2045053044835,False,-55.89595183117888,231.79936742602126,29.119298047886332,,3.7490052383226447,
MPH-22,H,2026-06-10,daily,,False,625.3761347497089,,2871.984,3290.613,260.74,,,,478.6241396369195,1109.0085737852214,2997.8760348222436,False,-146.75199511278936,,,625.3761347497089,4.383451816662065,
MPH-22,H,2026-06-11,daily,,False,624.1965297281322,,2871.355,3291.012,264.315,,,,480.05115084503956,1103.5137873072124,2997.1913364028755,False,-144.14537888309263,,,624.1965297281322,4.382472261454096,
MPH-22,H,2026-06-12,daily,,False,622.8772163372097,,2872.081,3290.928,264.358,,,,480.08211363317093,1103.3944106031427,2997.146320202423,False,-142.79510270403875,,,622.8772163372097,4.354519256330969,
MPH-22,H,2026-06-13,daily,,False,621.5952249273673,,2871.718,3290.902,277.164,,,,485.39107878809955,1082.8298211579802,2994.1433608562347,False,-136.20414613926778,,,621.5952249273673,4.263140073511229,
MPH-22,H,2026-06-14,daily,,False,620.4900703872436,,2872.956,3290.988,277.766,,,,485.6269446700223,1081.9117552541193,2994.037778942867,False,-134.8631257172213,,,620.4900703872436,4.214536489346399,
MPH-22,H,2026-06-15,daily,,False,619.3122491954031,,2873.208,3290.723,261.429,,,,478.8941501650103,1107.969940262822,2997.757657209689,False,-140.4180990303928,,,619.3122491954031,4.334863929436672,
MPH-22,H,2026-06-16,daily,,False,618.0981385920269,,2871.848,3290.647,259.876,,,,478.25870385138415,1110.4134882217365,2998.0958127055,False,-139.83943474064273,,,618.0981385920269,4.396047865538155,
MPH-22,H,2026-06-17,daily,,False,616.9193291291294,,2872.86,3290.845,257.044,,,,477.0456233006917,1115.0706853732574,2998.8533620348694,False,-139.87370582843772,,,616.9193291291294,4.385642253185651,
MPH-22,H,2026-06-18,daily,,False,615.91318048,,2873.074,3291.001,261.704,,,,478.9654842180052,1107.6954613871053,2997.807420752791,False,-136.94769626199485,,,615.91318048,4.341462167448218,
MPH-22,H,2026-06-19,daily,,False,614.9061395437267,,2872.015,3290.925,261.296,,,,478.8073049526016,1108.3040564297594,2997.8729976880504,False,-136.09883459112507,,,614.9061395437267,4.382219371697249,
MPH-22,H,2026-06-20,daily,,False,613.2934205167177,,2872.453,3290.842,259.676,,,,478.14497853106985,1110.8505197501458,2998.2242387629103,False,-135.14844198564782,,,613.2934205167177,4.378530780587542,
MPH-22,H,2026-06-21,daily,,False,612.0545643168607,,2873.139,3290.688,259.059,,,,477.91167129768917,1111.7468149535348,2998.3073949535947,False,-134.14289301917154,,,612.0545643168607,4.3565032862522335,
MPH-22,H,2026-06-22,daily,,False,611.0432632846712,,2873.446,3290.92,259.871,,,,478.21414011454226,1110.5847512619123,2998.2101201314294,False,-132.82912317012892,,,611.0432632846712,4.341968498152715,
MPH-22,H,2026-06-23,daily,,False,609.8838293731781,,2871.887,3290.832,261.404,,,,478.86677591783405,1108.0752616351624,2997.8087683083954,False,-131.017053455344,,,609.8838293731781,4.384635200075593,
MPH-22,H,2026-06-24,daily,,False,608.5908833914868,,2871.367,3290.76,261.422,,,,478.88547729407316,1108.0033093519314,2997.7746533024597,False,-129.7054060974137,,,608.5908833914868,4.402350981343006,
MPH-22,H,2026-06-25,daily,,False,607.5343777617323,,2872.239,3290.533,260.775,,,,478.65117335088235,1108.9046070242225,2997.8345562890877,False,-128.88320441085,,,607.5343777617323,4.372740440091771,
MPH-22,H,2026-06-26,daily,,False,606.7073246525237,,2871.887,3290.766,286.084,,,,489.09834323192376,1068.3564071539643,2992.0036497127544,False,-117.60898142059989,,,606.7073246525237,4.1824991621451035,
MPH-22,H,2026-06-27,daily,,False,608.0569448504984,,2868.736,3290.919,277.186,,,,485.39756279956316,1082.8045883319232,2994.145203971574,False,-122.65938205093528,,,608.0569448504984,4.3715839997676476,
MPH-22,H,2026-06-28,daily,,False,608.2215576114374,,2870.456,3290.998,269.803,,,,482.335735876219,1094.688171736659,2995.8840432949387,False,-125.88582173521843,,,608.2215576114374,4.369620830102905,
MPH-22,H,2026-06-29,daily,,False,607.1651142233854,,2870.297,3291.123,261.734,,,,478.95900469641924,1107.7203946855916,2997.8508320947203,False,-128.2061095269662,,,607.1651142233854,4.443924517035014,
MPH-22,H,2026-06-30,daily,,False,605.6228924060141,,2871.012,3291.097,264.384,,,,480.0666550588649,1103.4540117848492,2997.210164119933,False,-125.55623734714919,,,605.6228924060141,4.395598629331143,
MPH-22,H,2026-07-01,daily,,False,604.1782997497922,,2870.645,3291.128,266.809,,,,481.0708720568861,1099.5788511147011,2996.6474288539416,False,-123.10742769290613,,,604.1782997497922,4.389342076569602,
MPH-22,H,2026-07-02,daily,,False,602.6922454102358,,2871.099,3291.045,269.962,,,,482.3944957026815,1094.4607098111935,2995.8658687999655,False,-120.29774970755432,,,602.6922454102358,4.345613606495813,
MPH-22,H,2026-07-03,daily,,False,601.6319992274688,,2872.484,3291.078,268.977,,,,481.9800457682466,1096.0645652773935,2996.112812410724,False,-119.65195345922217,,,601.6319992274688,4.3038990786623765,
MPH-22,H,2026-07-04,daily,,False,600.239954581359,,2872.912,3290.944,269.894,,,,482.38193834434384,1094.5093218721506,2995.840125249027,False,-117.85801623701519,,,600.239954581359,4.278868452950424,
MPH-22,H,2026-07-05,daily,,False,599.0557539137378,,2874.66,3291.054,268.998,,,,481.992503977085,1096.016370933106,2996.0978947213293,False,-117.06324993665282,,,599.0557539137378,4.224426357250222,
MPH-22,H,2026-07-06,daily,,False,597.9829798841059,,2872.491,3290.975,268.258,,,,481.69718629675276,1097.1585191072693,2996.2405001876296,False,-116.28579358735317,,,597.9829798841059,4.308090092802019,
MPH-22,H,2026-07-07,daily,,False,596.5075799170124,,2871.95,3290.863,265.456,,,,480.54919838551405,1101.5927830679773,2996.858675091648,False,-115.95838153149839,,,596.5075799170124,4.349263569757422,
MPH-22,H,2026-07-08,daily,,False,595.3074449563139,,2871.15,3290.645,270.44,,,,482.65524028165083,1093.4510739390148,2995.586996309186,False,-112.6522046746631,,,595.3074449563139,4.334047204401914,
MPH-22,H,2026-07-09,daily,,False,594.0440462698411,,2872.179,3290.671,268.356,,,,481.78517879793037,1096.8182677412838,2996.0913266458606,False,-112.25886747191078,,,594.0440462698411,4.31422716501515,
MPH-22,H,2026-07-10,daily,,False,593.1420842578705,,2873.451,3290.811,260.175,,,,478.35783197727267,1110.0324804036982,2998.0925724163467,False,-114.7842522805978,,,593.1420842578705,4.3376961157975735,
MPH-22,H,2026-07-11,daily,,False,591.7455525398027,,2870.693,3290.841,257.36,,,,477.17914422526417,1114.5585663900742,2998.775749783228,False,-114.56640831453853,,,591.7455525398027,4.4617362352305845,
MPH-22,H,2026-07-12,daily,,False,590.838776984764,,2873.877,3290.893,259.022,,,,477.864339859982,1111.9286029476843,2998.4011516264763,False,-112.97443712478196,,,590.838776984764,4.332967333900384,
MPH-22,H,2026-07-13,daily,,False,589.8622015636631,,2873.159,3291.044,287.485,,,,489.63353560282883,1066.2592964155976,2991.7917481042246,False,-100.22866596083429,,,589.8622015636631,4.129000452262632,
MPH-22,H,2026-07-14,daily,,False,591.048399045802,,2870.417,3291.049,262.007,,,,479.0842542306659,1107.2383822183333,2997.7552370715725,False,-111.96414481513602,,,591.048399045802,4.4362278049347115,
MPH-22,H,2026-07-15,daily,,False,588.2004338412187,,2874.158,3291.074,256.33,,,,476.71192720207137,1116.3500478831456,2999.1186100346104,False,-111.48850663914732,,,588.2004338412187,4.347729318799121,
MPH-22,H,2026-07-16,daily,,False,587.20567131783,,2873.384,3291.076,253.788,,,,475.64996458924986,1120.4165070613594,2999.7264833867034,False,-111.55570672858016,,,587.20567131783,4.396992653495091,
MPH-22,H,2026-07-17,daily,,False,586.3670409090907,,2874.353,3291.139,254.996,,,,476.1447799319761,1118.5227135234027,2999.4640045228293,False,-110.22226097711467,,,586.3670409090907,4.35266665308085,
MPH-22,H,2026-07-18,daily,,False,585.4993151832459,,2874.504,3291.075,255.01,,,,476.16059729494026,1118.462148822024,2999.4341395716306,False,-109.33871788830567,,,585.4993151832459,4.346145963673398,
MPH-22,H,2026-07-19,daily,,False,584.2103600813005,,2874.27,3290.978,253.638,,,,475.6025586440701,1120.5978555885558,2999.7217193817373,False,-108.60780143723036,,,584.2103600813005,4.364646306079023,
MPH-22,H,2026-07-20,daily,,False,583.3038668358713,,2873.858,3291.148,254.888,,,,476.09827034491315,1118.7007889778508,2999.493526873326,False,-107.20559649095816,,,583.3038668358713,4.371667872014751,
MPH-22,H,2026-07-21,daily,,False,582.3393757281557,,2874.079,3291.073,255.236,,,,476.2552943024688,1118.0995184557457,2999.3793425825006,False,-106.08408142568686,,,582.3393757281557,4.359669396091781,
MPH-22,H,2026-07-22,daily,,False,581.147498057354,,2874.222,3290.971,256.09,,,,476.62777586226593,1116.6725579911792,2999.1332031054353,False,-104.5197221950881,,,581.147498057354,4.345913541314306,
MPH-22,H,2026-07-23,daily,,False,580.2786739252334,,2873.892,3290.956,256.152,,,,476.65599661868356,1116.5644072503296,2999.1121900078897,False,-103.62267730654986,,,580.2786739252334,4.357164082988851,
MPH-22,H,2026-07-24,daily,,False,598.8817670769238,,2872.153,3290.752,256.924,,,,477.0100240960157,1115.207205610802,2998.8434476270822,False,-121.8717429809081,,,598.8817670769238,4.41099229835884,
MPH-22,H,2026-07-25,daily,,False,579.3189358819986,,2812.193,3233.71,218.446,,,,469.73590244226756,1142.922983115792,2984.4959602939466,False,-109.58303343973108,,,579.3189358819986,6.126996272800134,
MPH-22,H,2026-07-26,daily,,False,577.4024901147959,,2871.021,3290.895,228.595,,,,465.121981648668,1160.3172876474332,3005.6757054964014,False,-112.28050846612791,,,577.4024901147959,4.6901330744846925,
MPH-22,H,2026-07-27,daily,,False,575.4670254043125,,2872.246,3290.659,250.692,,,,474.42068066172027,1125.114140852517,3000.2941836684377,False,-101.04634474259223,,,575.4670254043125,4.458120358368944,
MPH-22,H,2026-07-28,daily,,False,573.8498846483172,,2870.267,3290.927,257.452,,,,477.20414555672943,1114.462660470113,2998.7894457717052,False,-96.64573909158781,,,573.8498846483172,4.4777174308768375,
MPH-22,H,2026-07-29,daily,,False,572.5899871262975,,2870.455,3290.837,259.115,,,,477.9118369413838,1111.7461787316802,2998.3557923175053,False,-94.6781501849137,,,572.5899871262975,4.4557671977963675,
MPH-22,H,2026-07-30,daily,,False,571.3416627551022,,2870.851,3290.644,257.498,,,,477.2673875959917,1114.2200430681871,2998.6612139947238,False,-94.07427515911053,,,571.3416627551022,4.451997473735969,
MPH-22,H,2026-07-31,daily,,False,569.76799169329,,2867.986,3290.061,257.121,,,,477.2008282589242,1114.475385975703,2998.5095341681376,False,-92.5671634343658,,,569.76799169329,4.551051998445521,
MPH-22,H,2026-08-01,daily,,False,568.2878394132658,,2867.457,3289.361,257.496,,,,477.4662535314766,1113.4569511151465,2998.130020097282,False,-90.82158588178925,,,568.2878394132658,4.557104782993493,
MPH-22,H,2026-08-02,daily,,False,575.9372219910849,,2867.735,3289.451,248.671,,,,473.7634208037474,1127.6216236502994,3000.277579368245,False,-102.17380118733752,,,575.9372219910849,4.6218559025936745,
MPH-22,H,2026-08-03,daily,,False,780.5830777777778,,2430.845,3006.39,223.957,,,,507.4802082903316,995.2183765207551,2887.547983103144,False,-273.10286948744624,,,780.5830777777778,18.787828228584893,
MPH-22,H,2026-08-10,daily,,False,602.6136053394359,,2021.336,2154.352,211.881,,,,641.439814748337,393.16191216656864,2504.8096872051538,False,38.826209408901036,,,602.6136053394359,23.918521572126238,
MPH-22,H,2026-08-11,daily,,False,581.2070782211139,,2872.293,3290.965,274.426,,,,484.26026543385535,1087.226080994596,2994.803944919994,False,-96.94681278725852,,,581.2070782211139,4.2652662844631095,
MPH-22,H,2026-08-12,daily,,False,576.983250804163,,2873.513,3290.814,271.711,,,,483.15685813537965,1091.5074523595483,2995.356289659774,False,-93.8263926687834,,,576.983250804163,4.240220582255039,
MPH-22,H,2026-08-13,daily,,False,576.5559675478579,,2875.132,3290.92,267.651,,,,481.4533669232832,1098.1010515384335,2996.3615910252056,False,-95.10260062457468,,,576.5559675478579,4.216487835174365,
MPH-22,H,2026-08-14,daily,,False,575.1340364485987,,2875.532,3290.813,263.891,,,,479.90558595509356,1104.0749242578893,2997.2096091992626,False,-95.22845049350519,,,575.1340364485987,4.231481659715919,
MPH-22,H,2026-08-15,daily,,False,573.0031198244332,,2875.988,3290.841,264.781,,,,480.2717114388227,1102.6632767523365,2997.0098157290154,False,-92.73140838561045,,,573.0031198244332,4.208008368915839,
MPH-22,H,2026-08-16,daily,,False,570.9038477321816,,2875.662,3290.713,260.919,,,,478.68318172915247,1108.7815022115954,2997.8748683564795,False,-92.22066600302912,,,570.9038477321816,4.249903791074194,
MPH-22,H,2026-08-17,daily,,False,569.5828459207466,,2874.447,3290.739,265.858,,,,480.7357442823115,1100.8728303375772,2996.7118876807926,False,-88.84710163843516,,,569.5828459207466,4.253509898801133,
MPH-22,H,2026-08-18,daily,,False,568.2202335707923,,2871.069,3290.83,266.738,,,,481.0876697634975,1099.5139726152365,2996.5408061178605,False,-87.13256380729479,,,568.2202335707923,4.370212144600516,
MPH-22,H,2026-08-19,daily,,False,566.5571649908594,,2870.989,3290.826,264.921,,,,480.3323115830277,1102.4295369992797,2996.970357594664,False,-86.22485340783169,,,566.5571649908594,4.388082211205413,
MPH-22,H,2026-08-20,daily,,False,564.8910787083756,,2873.718,3290.846,262.838,,,,479.4619773223846,1105.7841032825938,2997.4735315844077,False,-85.42910138599103,,,564.8910787083756,4.3064605359470765,
MPH-22,H,2026-08-21,daily,,False,603.5298223897263,,2873.016,3290.757,265.546,,,,480.6031298626514,1101.3846648504732,2996.7933943446387,False,-122.92669252707492,,,603.5298223897263,4.308273756381409,
MPH-22,H,2026-08-22,daily,,False,572.268520311284,,2453.911,2753.425,261.367,,,,562.8611596112311,761.0446780974298,2769.009681367024,False,-9.407360700052891,,,572.268520311284,12.840672761441784,
MPH-22,H,2026-08-23,daily,,False,561.5206752304612,,2877.514,3290.873,269.874,,,,482.38466230877304,1094.4987769483594,2995.815445646921,False,-79.13601292168812,,,561.5206752304612,4.111237882662633,
MPH-22,H,2026-08-24,daily,,False,558.1147171549887,,2877.9,3290.85,268.9,,,,481.98347919018875,1096.0512832546683,2996.036593754066,False,-76.1312379648,,,558.1147171549887,4.10495825963606,
MPH-22,H,2026-08-25,daily,,False,555.2522556142667,,2878.297,3290.678,269.126,,,,482.10414042551366,1095.58446057457,2995.911796963099,False,-73.14811518875302,,,555.2522556142667,4.086263403780044,
MPH-22,H,2026-08-26,daily,,False,587.7108937305715,,2876.583,3290.67,289.115,,,,490.3632842678541,1063.3967080012512,2991.258581188865,False,-97.34760946271734,,,587.7108937305715,3.9865208543909514,
MPH-22,H,2026-08-27,daily,,False,567.0602327417929,,2735.063,3039.187,265.889,,,,519.7390200951465,945.1718069485121,2891.565580714022,False,-47.32121264664636,,,567.0602327417929,5.722083210296147,
MPH-22,H,2026-08-28,daily,,False,553.8067340681362,,2875.719,3291.15,268.67,,,,481.8412518679297,1096.6014158083296,2996.2153735084753,False,-71.96548220020645,,,553.8067340681362,4.190130312053264,
MPH-22,H,2026-08-29,daily,,False,551.1827661264186,,2875.745,3290.789,273.042,,,,483.7133008828578,1089.349408213631,2995.0312495569597,False,-67.46946524356082,,,551.1827661264186,4.148012064941775,
MPH-22,H,2026-08-30,daily,,False,549.2203792546582,,2876.282,3290.643,272.453,,,,483.49149289252523,1090.2098942129214,2995.109987890663,False,-65.72888636213293,,,549.2203792546582,4.131305202016455,
MPH-22,H,2026-08-31,daily,,False,547.0977387205396,,2876.623,3290.578,272.38,,,,483.4712862930378,1090.2882675188441,2995.1003171920306,False,-63.62645242750182,,,547.0977387205396,4.118625109791263,
MPH-22,H,2026-09-01,daily,,False,545.0106210526322,,2876.803,3290.751,273.289,,,,483.821717807658,1088.9286924524288,2994.982953470293,False,-61.188903244974256,,,545.0106210526322,4.108030806082064,
MPH-22,H,2026-09-02,daily,,False,543.0749659742421,,2876.882,3290.827,273.234,,,,483.78708547812954,1089.0630930948535,2995.001618562181,False,-59.287880496112564,,,543.0749659742421,4.1058207657519885,
MPH-22,H,2026-09-03,daily,,False,541.3765024196906,,2877.61,3290.651,273.248,,,,483.8202363062866,1088.9344420076668,2994.9513757343957,False,-57.556266113404035,,,541.3765024196906,4.0777372797007105,
MPH-22,H,2026-09-04,daily,,False,539.1980912146673,,2879.274,3290.558,269.167,,,,482.1398301880159,1095.4463626270772,2995.8523678560214,False,-57.05826102665145,,,539.1980912146673,4.048880650331355,
MPH-22,H,2026-09-05,daily,,False,538.7399180098374,,2880.414,3290.438,273.656,,,,484.02264047091165,1088.1487945418594,2994.7676759904816,False,-54.71727753892577,,,538.7399180098374,3.970043055980188,
MPH-22,H,2026-09-06,daily,,False,538.1974912260968,,2872.113,3287.175,272.304,,,,483.95303801219256,1088.4189931624758,2993.749084671849,False,-54.244453213904194,,,538.1974912260968,4.235073086325247,
MPH-22,H,2026-09-07,daily,,False,537.1071447031435,,2878.594,3290.246,273.546,,,,484.006818962708,1088.2102169424086,2994.7143921443903,False,-53.100325740435494,,,537.1071447031435,4.033927401515824,
MPH-32,H,2026-06-16,test,-3573598,False,717.35,1942.8,5610.944,3274.123,467.0,0.0,669.1373275684579,1942.8,847.4743451989477,1009.9147566747203,4590.023911499501,False,130.1243451989477,-932.8852433252797,-48.01756451128679,,-18.195157330041067,
MPH-32,H,2026-07-14,test,-3585151,False,660.69,1379.0,5648.682,3273.504,454.0,0.1498150431565968,362.58158085569255,1622.0,836.802323812506,1040.7726384106318,4596.186757263407,False,176.1123238125059,-338.22736158936823,-24.527002290744615,,-18.632580887658268,
MPH-32,H,2026-08-02,test,-3614811,False,715.21,1557.285,5654.252,3272.906,438.0,0.07,0.0,1674.5,823.5865221803418,1078.522790574465,4603.917351771056,False,108.3765221803418,-478.76220942553505,-30.743390543512273,,-18.576014090439273,
MPH-32,H,2026-08-26,test,-3614270,False,637.25,1557.285,5677.779,3273.802,438.0,0.07,0.0,1674.5,823.3404108593478,1079.2209338483578,4604.563758586496,False,186.0904108593478,-478.06406615164224,-30.698559746715738,,-18.90202562328517,
MPH-32,H,2026-06-10,daily,,False,724.77225,,5609.273,3274.347,288.07,,,,695.5459333127822,1417.7370783323747,4682.8014980964335,False,-29.22631668721783,,,724.77225,-16.516783938017753,
MPH-32,H,2026-06-11,daily,,False,723.5087666666668,,5609.52,3274.593,291.075,,,,698.0819443642129,1411.4852928109106,4681.392681384817,False,-25.426822302453957,,,723.5087666666668,-16.545574641238183,
MPH-32,H,2026-06-12,daily,,False,722.6929833333334,,5609.776,3274.547,290.189,,,,697.3270734169907,1413.3481758794717,4681.826866913325,False,-25.365909916342616,,,722.6929833333334,-16.541643250758586,
MPH-32,H,2026-06-13,daily,,False,721.7532666666666,,5609.879,3274.536,290.831,,,,697.8863757738435,1411.9680806498095,4681.48063443246,False,-23.866890892823108,,,721.7532666666666,-16.549347420283755,
MPH-32,H,2026-06-14,daily,,False,720.4414999999999,,5610.62,3274.555,289.878,,,,697.0553580874797,1414.0183103881425,4681.99651058644,False,-23.386141912520202,,,720.4414999999999,-16.5511741913293,
MPH-32,H,2026-06-15,daily,,False,718.8024333333333,,5611.037,3274.305,288.896,,,,696.2736492253609,1415.9450398443948,4682.33598994712,False,-22.528784107972342,,,718.8024333333333,-16.551325718452404,
MPH-32,H,2026-06-16,daily,,False,717.3454666666667,,5610.944,3274.123,286.376,,,,694.1390940840269,1421.1970892826698,4683.535329462559,False,-23.2063725826398,,,717.3454666666667,-16.528567573254005,
MPH-32,H,2026-06-17,daily,,False,714.1070142857143,,5611.311,3274.119,283.071,,,,691.2722068461442,1428.2300045914865,4685.276651692434,False,-22.834807439570113,,,714.1070142857143,-16.50299454632912,
MPH-32,H,2026-06-18,daily,,False,713.02795,,5611.638,3274.209,286.929,,,,694.5948482068709,1420.0768334170216,4683.304913628103,False,-18.43310179312914,,,713.02795,-16.54299665038793,
MPH-32,H,2026-06-19,daily,,False,708.9277666666667,,5612.636,3274.321,288.454,,,,695.8860591416308,1416.8996940364534,4682.580462820201,False,-13.041707525035918,,,708.9277666666667,-16.570743892527485,
MPH-32,H,2026-06-20,daily,,False,707.1290333333333,,5613.921,3274.299,285.626,,,,693.4396211256749,1422.9152274868504,4684.056480896097,False,-13.689412207658393,,,707.1290333333333,-16.56354834889737,
MPH-32,H,2026-06-21,daily,,False,704.6292833333333,,5614.432,3274.294,284.444,,,,692.4153788421229,1425.4285178442065,4684.676651775236,False,-12.213904491210428,,,704.6292833333333,-16.560096341442264,
MPH-32,H,2026-06-22,daily,,False,703.0780166666667,,5615.509,3274.208,283.52,,,,691.6372717143641,1427.3357838261493,4685.10305688932,False,-11.440744952302566,,,703.0780166666667,-16.568505955750044,
MPH-32,H,2026-06-23,daily,,False,700.0727499999999,,5616.038,3273.969,283.626,,,,691.7956609569007,1426.94769022245,4684.876768253266,False,-8.277089043099181,,,700.0727499999999,-16.5803940740204,
MPH-32,H,2026-06-24,daily,,False,700.2039166666667,,5616.934,3273.833,283.633,,,,691.8395074887617,1426.840242152509,4684.7761429629745,False,-8.364409177905031,,,700.2039166666667,-16.59549243478783,
MPH-32,H,2026-06-25,daily,,False,696.8568500000001,,5619.735,3273.641,283.738,,,,691.9839706654599,1426.4861881777526,4684.583869796677,False,-4.872879334540244,,,696.8568500000001,-16.640484474860862,
MPH-32,H,2026-06-26,daily,,False,694.80885,,5623.091,3274.529,283.079,,,,691.1652775559928,1428.4918522186736,4685.564613294926,False,-3.643572444007191,,,694.80885,-16.67279413947017,
MPH-32,H,2026-06-27,daily,,False,692.9719666666666,,5631.665,3274.817,390.635,,,,783.202373412917,1190.7030896745323,4629.621391941863,False,90.23040674625042,,,692.9719666666666,-17.793025829095598,
MPH-32,H,2026-06-28,daily,,False,690.3733833333334,,5640.707,3274.466,287.397,,,,694.9293580211686,1419.2542116139994,4683.241268999291,False,4.555974687835146,,,690.3733833333334,-16.97421495214535,
MPH-32,H,2026-06-29,daily,,False,689.6247333333332,,5637.275,3274.682,286.93,,,,694.4644057454453,1420.3975267231672,4683.641560993958,False,4.839672412112122,,,689.6247333333332,-16.916567650257296,
MPH-32,H,2026-06-30,daily,,False,687.4225833333334,,5636.935,3274.487,291.768,,,,698.7116461311148,1409.9300256292827,4680.951893057631,False,11.289062797781412,,,687.4225833333334,-16.95927142928504,
MPH-32,H,2026-07-01,daily,,False,686.90895,,5637.104,3274.265,291.876,,,,698.8667803778385,1409.5466891676742,4680.736669893923,False,11.95783037783849,,,686.90895,-16.965578958736206,
MPH-32,H,2026-07-02,daily,,False,681.4943666666667,,5637.422,3274.109,293.125,,,,699.991641020289,1406.7650487615483,4679.967329862809,False,18.497274353622288,,,681.4943666666667,-16.983909846330313,
MPH-32,H,2026-07-03,daily,,False,679.7719000000001,,5638.926,3273.927,290.167,,,,697.4800607797844,1412.9707661700756,4681.396376953731,False,17.708160779784293,,,679.7719000000001,-16.980709146498274,
MPH-32,H,2026-07-04,daily,,False,679.0408333333334,,5639.16,3273.581,291.866,,,,699.0478911637504,1409.0990754081402,4680.254131009357,False,20.00705783041701,,,679.0408333333334,-17.004409681417854,
MPH-32,H,2026-07-05,daily,,False,676.24625,,5640.078,3273.559,290.715,,,,698.0569770853842,1411.546934203733,4680.845080680389,False,21.8107270853842,,,676.24625,-17.007440665175388,
MPH-32,H,2026-07-06,daily,,False,675.9451166666666,,5639.532,3273.832,289.658,,,,697.0653501566935,1413.9936706732651,4681.596973719852,False,21.120233490026862,,,675.9451166666666,-16.986073069186382,
MPH-32,H,2026-07-07,daily,,False,673.2946833333334,,5638.943,3273.733,286.933,,,,694.7304594643347,1419.743379690048,4682.963465644533,False,21.435776131001262,,,673.2946833333334,-16.95316896013077,
MPH-32,H,2026-07-08,daily,,False,670.9507,,5641.209,3273.4,291.326,,,,698.6303915065316,1410.1307774990498,4680.409635145451,False,27.67969150653164,,,670.9507,-17.031798766089835,
MPH-32,H,2026-07-09,daily,,False,669.8129166666666,,5641.742,3273.419,289.676,,,,697.1955634847304,1413.6725473153647,4681.292980698306,False,27.38264681806379,,,669.8129166666666,-17.023979815129696,
MPH-32,H,2026-07-10,daily,,False,666.6435166666666,,5642.284,3273.53,281.116,,,,689.7381198326879,1431.9834541383461,4685.88922080607,False,23.094603166021216,,,666.6435166666666,-16.95048989370138,
MPH-32,H,2026-07-11,daily,,False,667.7076166666667,,5637.359,3273.265,279.407,,,,688.3269544870196,1435.4300557225558,4686.603184125366,False,20.61933782035294,,,667.7076166666667,-16.865269993886045,
MPH-32,H,2026-07-12,daily,,False,663.8325166666667,,5646.395,3272.964,280.896,,,,689.7042648284927,1432.0662092997795,4685.602062669529,False,25.871748161825963,,,663.8325166666667,-17.0160418697323,
MPH-32,H,2026-07-13,daily,,False,661.4037833333333,,5648.082,3272.884,283.138,,,,691.6733818651247,1427.2473113225508,4684.361049217306,False,30.269598531791416,,,661.4037833333333,-17.062800270652843,
MPH-32,H,2026-07-14,daily,,False,660.6939,,5648.682,3273.504,389.96,,,,782.9927482116827,1191.2729126961008,4629.026297749489,False,122.29884821168275,,,660.6939,-18.051214464728428,
MPH-32,H,2026-07-15,daily,,False,658.2926666666667,,5652.708,3274.138,283.015,,,,691.2183120337611,1428.361985987497,4685.319755858292,False,32.925645367094376,,,658.2926666666667,-17.11371335900789,
MPH-32,H,2026-07-16,daily,,False,656.66235,,5651.247,3273.972,281.37,,,,689.8359505073224,1431.7442979742607,4686.070046989666,False,33.173600507322476,,,656.66235,-17.079008456192668,
MPH-32,H,2026-07-17,daily,,False,653.4965166666667,,5651.451,3273.905,281.213,,,,689.7181960758837,1432.0321561701878,4686.105218404358,False,36.22167940921702,,,653.4965166666667,-17.081379305874577,
MPH-32,H,2026-07-18,daily,,False,651.2142833333334,,5651.93,3273.919,281.789,,,,690.2145808698706,1430.8184363296834,4685.811009532452,False,39.00029753653723,,,651.2142833333334,-17.093612101840407,
MPH-32,H,2026-07-19,daily,,False,648.9611833333333,,5652.654,3274.11,281.424,,,,689.844516180541,1431.723357054463,4686.139866134955,False,40.88333284720761,,,648.9611833333333,-17.098413132398438,
MPH-32,H,2026-07-20,daily,,False,646.8661166666667,,5652.107,3274.164,282.393,,,,690.6710364196629,1429.7017103640171,4685.666673049819,False,43.80491975299617,,,646.8661166666667,-17.09876205369397,
MPH-32,H,2026-07-21,daily,,False,645.6315666666667,,5653.133,3274.152,282.004,,,,690.3365721679049,1430.5200424649863,4685.863517652307,False,44.70500550123825,,,645.6315666666667,-17.110325943997662,
MPH-32,H,2026-07-22,daily,,False,643.5827333333333,,5653.143,3274.073,282.838,,,,691.082694314672,1428.6940584744725,4685.3668771682605,False,47.499960981338745,,,643.5827333333333,-17.119257779818053,
MPH-32,H,2026-07-23,daily,,False,641.8526166666667,,5653.22,3274.031,283.345,,,,691.5345159331158,1427.587522058674,4685.069289854662,False,49.681899266449136,,,641.8526166666667,-17.125650693681436,
MPH-32,H,2026-07-24,daily,,False,640.3491333333334,,5653.74,3273.868,283.656,,,,691.8497516771597,1426.8151374553352,4684.7889474522135,False,51.50061834382632,,,640.3491333333334,-17.138231551995432,
MPH-32,H,2026-07-25,daily,,False,638.0632666666667,,5656.082,3274.083,248.745,,,,661.338263782046,1500.222560550625,4703.43656612992,False,23.274997115379392,,,638.0632666666667,-16.84285047264309,
MPH-32,H,2026-07-26,daily,,False,636.8254000000001,,5654.68,3274.424,255.514,,,,667.1712434304832,1486.4001449014477,4700.082737874657,False,30.345843430483114,,,636.8254000000001,-16.881543467098815,
MPH-32,H,2026-07-27,daily,,False,634.6478666666667,,5657.554,3273.882,276.743,,,,685.8395653573258,1441.4909823099724,4688.450668013058,False,51.19169869065911,,,634.6478666666667,-17.12936954710361,
MPH-32,H,2026-07-28,daily,,False,632.4154166666666,,5658.275,3273.969,280.562,,,,689.134906272342,1433.4574454703916,4686.4946581571685,False,56.71948960567545,,,632.4154166666666,-17.17449826745485,
MPH-32,H,2026-07-29,daily,,False,632.0323666666667,,5657.608,3274.042,280.39,,,,688.965194517633,1433.871954731979,4686.637524912066,False,56.932827850966305,,,632.0323666666667,-17.162208394217735,
MPH-32,H,2026-07-30,daily,,False,629.5240833333334,,5659.688,3273.718,279.715,,,,688.4687268664507,1435.0840576815135,4686.763240133903,False,58.9446435331173,,,629.5240833333334,-17.190430989589835,
MPH-32,H,2026-07-31,daily,,False,627.8128,,5654.002,3273.198,280.182,,,,689.0189788420598,1433.7405993717286,4686.145991141558,False,61.206178842059785,,,627.8128,-17.118069800089252,
MPH-32,H,2026-08-01,daily,,False,626.2215,,5652.978,3272.569,280.233,,,,689.2380499647455,1433.2054828365597,4685.670793826857,False,63.016549964745536,,,626.2215,-17.11146242163233,
MPH-32,H,2026-08-02,daily,,False,715.21418,,5654.252,3272.906,270.659,,,,680.8155527464897,1453.6774566729573,4690.97381919973,False,-34.39862725351031,,,715.21418,-17.036350357222673,
MPH-32,H,2026-08-03,daily,,False,855.1275333333333,,4798.044,2948.272,244.167,,,,748.2718574344467,1283.875776837621,4468.266981105325,False,-106.8556758988866,,,855.1275333333333,-6.873155371119466,
MPH-32,H,2026-08-10,daily,,False,711.2098833333333,,2741.182,1565.012,177.63,,,,1100.807696080973,179.31837722023772,3308.6322232417415,False,389.59781274763975,,,711.2098833333333,20.700932052003186,
MPH-32,H,2026-08-11,daily,,False,670.8467999999999,,5605.404,3275.016,299.708,,,,705.4348780816451,1393.2521667164613,4677.148761667285,False,34.58807808164522,,,670.8467999999999,-16.56000599301524,
MPH-32,H,2026-08-12,daily,,False,656.0341999999999,,5618.942,3274.987,294.255,,,,700.7263329274066,1404.9462434007469,4679.998304867755,False,44.69213292740665,,,656.0341999999999,-16.710329010910684,
MPH-32,H,2026-08-13,daily,,False,645.58255,,5634.408,3274.94,289.302,,,,696.4493196576883,1415.5122094691353,4682.574651163699,False,50.86676965768834,,,645.58255,-16.893227271370858,
MPH-32,H,2026-08-14,daily,,False,639.1384666666668,,5641.297,3274.647,285.107,,,,692.8926911194378,1424.2576696847107,4684.578369223644,False,53.75422445277104,,,639.1384666666668,-16.959196276607237,
MPH-32,H,2026-08-15,daily,,False,628.4213166666667,,5648.896,3274.557,285.873,,,,693.5822705879174,1422.5649494619643,4684.110058774785,False,65.16095392125067,,,628.4213166666667,-17.07919461121633,
MPH-32,H,2026-08-16,daily,,False,619.3379333333334,,5652.187,3274.442,281.171,,,,689.5325309577593,1432.4859437372781,4686.510043914615,False,70.19459762442591,,,619.3379333333334,-17.085014280054512,
MPH-32,H,2026-08-17,daily,,False,611.5606,,5657.132,3275.031,286.48,,,,693.9772166258059,1421.5948417861941,4684.127690396943,False,82.41661662580589,,,611.5606,-17.19960413868824,
MPH-32,H,2026-08-18,daily,,False,604.982,,5664.171,3275.461,288.163,,,,695.3173510072459,1418.2996536206063,4683.546580875361,False,90.33535100724589,,,604.982,-17.312761551948896,
MPH-32,H,2026-08-19,daily,,False,597.7018666666667,,5672.54,3274.982,286.926,,,,694.3776533363754,1420.610780228932,4683.857511176818,False,96.67578666970871,,,597.7018666666667,-17.429273109104248,
MPH-32,H,2026-08-20,daily,,False,590.4746833333332,,5670.783,3275.013,284.87,,,,692.5854074492983,1425.0115138899275,4684.964273611104,False,102.11072411596501,,,590.4746833333332,-17.384172986144886,
MPH-32,H,2026-08-21,daily,,False,655.2441,,5679.783,3274.76,287.435,,,,694.880697391199,1419.3738975468805,4683.430805481015,False,39.63659739119896,,,655.2441,-17.542082056990292,
MPH-32,H,2026-08-22,daily,,False,588.8916,,4881.051,2780.84,280.943,,,,826.9641841466743,1068.923435403765,4320.343409049385,False,238.07258414667422,,,588.8916,-11.487435614801312,
MPH-32,H,2026-08-23,daily,,False,577.6001333333332,,5668.629,3274.246,290.125,,,,697.3551446893348,1413.278931049277,4681.645982832622,False,119.75501135600155,,,577.6001333333332,-17.41131792479941,
MPH-32,H,2026-08-24,daily,,False,571.4736833333333,,5670.472,3274.105,288.729,,,,696.184399931056,1416.1649044703875,4682.281452705491,False,124.7107165977227,,,571.4736833333333,-17.42695400479024,
MPH-32,H,2026-08-25,daily,,False,568.1754833333334,,5672.813,3273.887,286.305,,,,694.1430300340181,1421.187417220092,4683.404552112228,False,125.9675467006847,,,568.1754833333334,-17.44123149992379,
MPH-32,H,2026-08-26,daily,,False,637.2541142857143,,5677.779,3273.802,361.114,,,,758.434673570753,1257.1369252210905,4644.17958862071,False,121.18055928503873,,,637.2541142857143,-18.204290997928773,
MPH-32,H,2026-08-27,daily,,False,565.0462666666667,,5400.231,3053.25,299.473,,,,766.7913030201489,1234.9232626195342,4516.1692760850265,False,201.7450363534822,,,565.0462666666667,-16.37081309882805,
MPH-32,H,2026-08-28,daily,,False,557.5200833333333,,5689.088,3274.088,288.686,,,,696.151844215469,1416.2450992913268,4682.292006235504,False,138.63176088213572,,,557.5200833333333,-17.69696643406633,
MPH-32,H,2026-08-29,daily,,False,553.2799333333334,,5689.253,3273.665,292.108,,,,699.2341725401332,1408.6385822056352,4680.186512460454,False,145.9542392067998,,,553.2799333333334,-17.736361654852505,
MPH-32,H,2026-08-30,daily,,False,550.1189166666667,,5688.33,3273.655,292.558,,,,699.6266379413634,1407.6680627264047,4679.942258917812,False,149.50772127469668,,,550.1189166666667,-17.72730733066098,
MPH-32,H,2026-08-31,daily,,False,547.961,,5687.829,3273.594,292.651,,,,699.7240907470988,1407.4270037000567,4679.849748574943,False,151.76309074709877,,,547.961,-17.72168698153648,
MPH-32,H,2026-09-01,daily,,False,545.7492666666667,,5687.495,3273.491,293.665,,,,700.6305695318966,1405.1834052695935,4679.242051451586,False,154.88130286522994,,,545.7492666666667,-17.727539954732507,
MPH-32,H,2026-09-02,daily,,False,544.4738833333334,,5687.596,3273.557,291.479,,,,698.7193574990305,1409.9109725194864,4680.4409682574615,False,154.24547416569703,,,544.4738833333334,-17.70792144418377,
MPH-32,H,2026-09-03,daily,,False,543.6265666666667,,5686.795,3273.297,291.532,,,,698.8374027092149,1409.6192867555412,4680.227602035413,False,155.21083604254818,,,543.6265666666667,-17.70008234804643,
MPH-32,H,2026-09-04,daily,,False,540.95215,,5687.986,3273.521,289.22,,,,696.7720660353806,1414.7167661001718,4681.606146116884,False,155.81991603538063,,,540.95215,-17.693078954187236,
MPH-32,H,2026-09-05,daily,,False,538.6919333333334,,5686.769,3273.311,293.119,,,,700.2078136246821,1406.2300556440473,4679.40130766538,False,161.5158802913487,,,538.6919333333334,-17.71423619166912,
MPH-32,H,2026-09-06,daily,,False,538.0528,,5677.022,3268.282,292.112,,,,700.7310635040437,1404.9345272417877,4676.343605434119,False,162.67826350404368,,,538.0528,-17.6268190358586,
MPH-32,H,2026-09-07,daily,,False,535.9741666666667,,5684.843,3272.865,292.282,,,,699.6068026994515,1407.7171237211942,4679.5242112398155,False,163.63263603278472,,,535.9741666666667,-17.684196182026213,
MPI-22,I,2026-06-12,test,-3563279,False,439.9,1448.229,3987.199,3386.0,365.084,0.14867057832220804,373.67218858343534,1701.1382,669.4270893418518,1011.8081301348382,4772.6948293807445,False,229.52708934185182,-436.4208698651619,-30.134797042813112,,19.70044207426678,
MPI-22,I,2026-07-04,test,-3576564,False,425.65,1533.5781,4673.5562,3386.0,364.943,0.13361398630032975,471.29435403387674,1770.0864,669.2507909964029,1012.1655802063478,4772.806214499172,False,243.6007909964029,-521.4125197936521,-33.99973694157814,,2.123650818603018,
MPI-22,I,2026-07-07,test,-3579063,False,437.76,1441.516,4628.852,3378.0,368.384,0.1175729344044118,505.67319405403754,1633.5809,676.2709411148189,997.8713617270053,4764.186859566254,False,238.51094111481893,-443.6446382729948,-30.776254878405428,,2.9237240587137725,
MPI-22,I,2026-07-08,test,-3584728,False,424.87,1469.352,4682.085,3384.0,369.329,0.1522991075369152,492.9899710892965,1733.3378,675.3838411354989,999.6845169652045,4767.889846930883,False,250.51384113549886,-469.6674830347956,-31.96425928128832,,1.832620444329458,
MPI-22,I,2026-07-18,test,-3588064,False,425.74,1489.239,4670.972,3375.0,357.878,0.11617952670314813,529.2946263158566,1685.0017,664.1755706380275,1022.4220888115644,4770.262143847182,False,238.43557063802746,-466.8169111884356,-31.346003642695063,,2.125684843479747,
MPI-22,I,2026-08-16,test,-3610019,True,427.82,1390.793,4718.015,3402.0,365.925,0.18016491335747264,524.2950604439338,1696.4302,664.8884705782806,1020.9853162487791,4783.924789683753,False,237.0684705782806,-369.8076837512208,-26.589699815229217,,1.3969813509230766,
MPI-22,I,2026-08-28,test,-3615367,True,415.33,1378.118,4687.115,3388.0,363.334,0.1636356618522585,511.48384971388515,1647.7484,666.503446179384,1017.7257615345895,4775.589272836479,False,251.17344617938403,-360.3922384654104,-26.151043558346267,,1.8876061892332263,
MPI-22,I,2026-08-30,test,-3615851,True,422.93,1471.072,4688.974,3392.0,372.274,0.08206120898165697,492.80137206064694,1602.5818,676.2720269190816,997.8691412199089,4771.51946677755,False,253.34202691908155,-473.202858780091,-32.16721267076601,,1.7604163891194569,
MPI-22,I,2026-09-02,test,-3618295,True,416.78,1573.611,4686.727,3389.0,374.207,0.013897641962247258,480.30949199007887,1595.7887,679.6590494888259,990.9280751968198,4767.819240544663,False,262.8790494888259,-582.6829248031803,-37.02839677678793,,1.730253128562076,
MPI-22,I,2026-06-12,daily,,False,439.9001040000003,,3987.199,3386.0,327.34,,,,622.9518443538137,1103.321402467846,4802.459208111177,False,183.05174035381344,,,439.9001040000003,20.44694052419196,
MPI-22,I,2026-06-13,daily,,False,450.6261542553189,,4796.168,3386.0,311.565,,,,602.8870381783923,1141.1449051355582,4815.610036666691,False,152.26088392307344,,,450.6261542553189,0.4053660477842058,
MPI-22,I,2026-06-14,daily,,False,450.56456391554696,,4788.344,3382.0,319.797,,,,614.7437972101079,1118.9169910437633,4805.735890069004,False,164.17923329456096,,,450.56456391554696,0.3632130454496174,
MPI-22,I,2026-06-15,daily,,False,440.75291822827967,,3250.0,3392.0,313.637,,,,603.5434108571383,1139.9236822588202,4818.285571864134,False,162.7904926288586,,,440.75291822827967,48.254940672742585,
MPI-22,I,2026-06-18,daily,,False,449.3752368866325,,847.6921,3382.0,313.63,,,,606.8766285529261,1133.7052306288438,4810.902836676468,False,157.50139166629367,,,449.3752368866325,467.5295117975581,
MPI-22,I,2026-06-19,daily,,False,429.02295826612885,,3710.517,3397.0,320.301,,,,610.3832862872902,1127.1329273570427,4816.375928838955,False,181.3603280211613,,,429.02295826612885,29.803365106236,
MPI-22,I,2026-06-20,daily,,False,429.2822904051171,,3499.422,3391.0,307.812,,,,596.349731068685,1153.2486051332414,4822.532086063514,False,167.06744066356782,,,429.2822904051171,37.80938926667072,
MPI-22,I,2026-06-21,daily,,False,443.5543933209644,,3756.944,3394.0,305.813,,,,592.7300511961312,1159.903956790484,4826.493267688086,False,149.1756578751668,,,443.5543933209644,28.468597553971687,
MPI-22,I,2026-06-22,daily,,False,426.5297617328519,,4673.653,3395.0,322.414,,,,613.7304866894823,1120.8305207569663,4813.146480732964,False,187.20072495663038,,,426.5297617328519,2.9846777399384017,
MPI-22,I,2026-06-23,daily,,False,426.5314380761523,,4668.53,3386.0,307.257,,,,597.3118350492425,1151.4740599866875,4819.304198161155,False,170.7803969730902,,,426.5314380761523,3.229586147270247,
MPI-22,I,2026-06-24,daily,,False,437.4294110056921,,4670.121,3395.0,308.095,,,,595.3700245463715,1155.0532153106108,4825.252890989235,False,157.9406135406794,,,437.4294110056921,3.3217959660838625,
MPI-22,I,2026-06-25,daily,,False,424.5058099221789,,4675.952,3390.0,324.068,,,,617.4868476194939,1113.724021602371,4808.097398255816,False,192.981037697315,,,424.5058099221789,2.8260640454781383,
MPI-22,I,2026-06-26,daily,,False,513.7518871980674,,4668.407,3394.0,302.779,,,,588.7352937173929,1167.210544341818,4829.161673331304,False,74.98340651932551,,,513.7518871980674,3.4434588357721063,
MPI-22,I,2026-06-27,daily,,False,429.3285352727274,,4321.785,3388.0,298.238,,,,584.7509901462921,1174.4578741969156,4828.733992334504,False,155.42245487356473,,,429.3285352727274,11.730083572748406,
MPI-22,I,2026-06-28,daily,,False,426.28505320910966,,4667.966,3388.0,306.529,,,,595.6881162516362,1154.4675590928612,4821.419138409255,False,169.40306304252653,,,426.28505320910966,3.287366240655021,
MPI-22,I,2026-06-29,daily,,False,428.788183976834,,4667.149,3389.0,311.409,,,,601.6827186509089,1143.3827886164695,4817.960889432075,False,172.89453467407492,,,428.788183976834,3.2313493619354094,
MPI-22,I,2026-06-30,daily,,False,438.9696602611941,,4671.112,3386.0,316.204,,,,608.8338793530786,1130.0407099323766,4811.689758971854,False,169.86421909188448,,,438.9696602611941,3.0095137725632215,
MPI-22,I,2026-07-01,daily,,False,426.3194096969694,,4670.162,3386.0,323.921,,,,618.6324562767519,1111.5496033783193,4805.272479766731,False,192.3130465797825,,,426.3194096969694,2.8930576662379304,
MPI-22,I,2026-07-02,daily,,False,434.3568750499004,,4677.119,3379.0,315.938,,,,610.8311312980326,1126.2913242865777,4806.743717610603,False,176.47425624813218,,,434.3568750499004,2.7714650324399237,
MPI-22,I,2026-07-03,daily,,False,433.99182425925966,,4675.5103,3378.0,330.842,,,,630.014471477989,1089.7659886183571,4793.713787044417,False,196.02264721872933,,,433.99182425925966,2.528140875754614,
MPI-22,I,2026-07-04,daily,,False,425.64943033932144,,4673.5562,3386.0,333.827,,,,631.101023295942,1087.6693731726014,4797.175741798295,False,205.45159295662057,,,425.64943033932144,2.645085166586747,
MPI-22,I,2026-07-05,daily,,False,425.50200221774185,,4677.5708,3385.0,315.498,,,,608.265633739262,1131.105621097415,4811.544734674657,False,182.7636315215201,,,425.50200221774185,2.8641775913826217,
MPI-22,I,2026-07-06,daily,,False,478.8674765799252,,4674.9717,3390.0,316.272,,,,607.5851934002804,1132.3797161909315,4814.585513416559,False,128.71771682035524,,,478.8674765799252,2.9864098089953828,
MPI-22,I,2026-07-07,daily,,False,437.75897315689997,,4628.852,3378.0,329.942,,,,628.8870169883762,1091.938378537581,4794.444167457683,False,191.12804383147625,,,437.75897315689997,3.5773917044157555,
MPI-22,I,2026-07-08,daily,,False,424.8670039761438,,4682.085,3384.0,333.036,,,,630.7744971519828,1088.299752859381,4796.34592949374,False,205.90749317583902,,,424.8670039761438,2.440385629345476,
MPI-22,I,2026-07-09,daily,,False,425.02793353909465,,4680.296,3384.0,316.666,,,,610.0913415659659,1127.681285495499,4809.825513188776,False,185.06340802687123,,,425.02793353909465,2.7675495991872356,
MPI-22,I,2026-07-10,daily,,False,425.9712961467892,,4695.446,3386.0,307.826,,,,598.0529114972728,1150.105593793569,4818.812062438148,False,172.08161535048362,,,425.9712961467892,2.6273555789620096,
MPI-22,I,2026-07-11,daily,,False,426.1540392193307,,4693.122,3389.0,305.391,,,,593.8653827345988,1157.8200319426885,4823.1501589309555,False,167.71134351526814,,,426.1540392193307,2.7706110970683318,
MPI-22,I,2026-07-12,daily,,False,426.22469372693706,,4688.547,3389.0,306.564,,,,595.3965310017039,1155.0044225687757,4822.130743437347,False,169.17183727476686,,,426.22469372693706,2.8491501404880326,
MPI-22,I,2026-07-13,daily,,False,425.8478748106062,,4684.646,3387.0,305.38,,,,594.5265461068105,1156.6049531062085,4821.674615438346,False,168.67867129620436,,,425.8478748106062,2.925058060701846,
MPI-22,I,2026-07-14,daily,,False,426.28588590998066,,4692.688,3390.0,304.969,,,,592.9732025687458,1159.4579212333035,4824.262239720635,False,166.68731665876516,,,426.28588590998066,2.803813927553578,
MPI-22,I,2026-07-15,daily,,False,425.5753167664674,,4692.867,3388.0,304.474,,,,592.9985182523742,1159.4114737000832,4823.210538721634,False,167.42320148590682,,,425.5753167664674,2.7774820535428457,
MPI-22,I,2026-07-16,daily,,False,425.7431923791823,,4675.231,3387.0,301.106,,,,588.8949168378243,1166.9193595066645,4825.435737790399,False,163.15172445864204,,,425.7431923791823,3.212776818736862,
MPI-22,I,2026-07-17,daily,,False,429.54688487229856,,4679.093,3388.0,302.108,,,,589.8807139323512,1165.1196407678615,4825.2930924326465,False,160.33382906005266,,,429.54688487229856,3.1245391453567306,
MPI-22,I,2026-07-18,daily,,False,425.73697745664714,,4670.972,3375.0,318.534,,,,615.4728216599326,1117.5387018292456,4801.620854413165,False,189.73584420328547,,,425.73697745664714,2.7970378416561914,
MPI-22,I,2026-07-19,daily,,False,426.0147380198022,,4674.031,3386.0,300.995,,,,589.0868142816086,1166.5692146173578,4824.789970503857,False,163.07207626180633,,,426.0147380198022,3.2254593626755312,
MPI-22,I,2026-07-20,daily,,False,426.45960556701067,,4691.32,3385.0,302.556,,,,591.4873223318011,1162.1812805521197,4822.666824487042,False,165.02771676479045,,,426.45960556701067,2.7997839517884593,
MPI-22,I,2026-07-21,daily,,False,430.3153394308944,,4689.14,3388.0,303.579,,,,591.8207515222462,1161.570648140272,4823.9964728764435,False,161.50541209135173,,,430.3153394308944,2.8759318953250013,
MPI-22,I,2026-07-22,daily,,False,426.9179583815029,,4675.931,3375.0,319.521,,,,616.7264857345534,1115.1653939416371,4800.800344273732,False,189.80852735305052,,,426.9179583815029,2.6704702074032305,
MPI-22,I,2026-07-23,daily,,False,427.35881735700195,,4689.917,3387.0,304.17,,,,592.9367548433539,1159.5247902545202,4822.734240042057,False,165.57793748635197,,,427.35881735700195,2.831974212807098,
MPI-22,I,2026-07-24,daily,,False,727.4625599999999,,4675.314,3389.0,304.479,,,,592.6670663350654,1160.0194715334987,4823.949040925704,False,-134.7954936649345,,,727.4625599999999,3.1791456344045343,
MPI-22,I,2026-07-26,daily,,False,465.8605130597014,,2593.117,3395.0,253.702,,,,516.9436747144467,1291.65138316365,4880.233135840256,False,51.08316165474531,,,465.8605130597014,88.19949642998198,
MPI-22,I,2026-07-27,daily,,False,444.41285671342706,,4678.087,3395.0,295.904,,,,579.2581026057048,1184.3835498673864,4836.053152626649,False,134.84524589227777,,,444.41285671342706,3.376725414184212,
MPI-22,I,2026-07-28,daily,,False,431.54241682974566,,4673.944,3398.0,303.637,,,,588.5133455681932,1167.6153157044553,4831.376942413222,False,156.97092873844758,,,431.54241682974566,3.3683104122176566,
MPI-22,I,2026-07-29,daily,,False,425.4487331360949,,4692.198,3393.0,307.434,,,,595.1826819457779,1155.3980225779474,4824.342876843508,False,169.73394880968294,,,425.4487331360949,2.8162681294247927,
MPI-22,I,2026-07-30,daily,,False,420.9871080213901,,4680.248,3383.0,305.524,,,,596.0621258530529,1153.7786225375864,4818.581190791637,False,175.07501783166276,,,420.9871080213901,2.9556807842583854,
MPI-22,I,2026-07-31,daily,,False,419.19750351851826,,4674.437,3372.0,303.67,,,,597.3472384132122,1151.4087159431515,4812.024342597371,False,178.1497348946939,,,419.19750351851826,2.9433992285567534,
MPI-22,I,2026-08-01,daily,,False,424.3350664136623,,4687.47,3377.0,302.837,,,,594.5629502716696,1156.5380178678597,4816.471092633826,False,170.22788385800732,,,424.3350664136623,2.7520409225835207,
MPI-22,I,2026-08-02,daily,,False,460.98761801470573,,4697.726,3376.0,308.392,,,,602.1418304158718,1142.530092632271,4810.9171628507565,False,141.1542124011661,,,460.98761801470573,2.4094883961039315,
MPI-22,I,2026-08-10,daily,,True,494.62947441406266,,4154.155,3371.0,302.498,,,,596.144414827345,1153.626996449615,4812.3064459005045,False,101.51494041328237,,,494.62947441406266,15.843208688662425,
MPI-22,I,2026-08-11,daily,,True,474.78429531531515,,4694.25,3394.0,329.411,,,,622.9151014779159,1103.3915943285003,4806.639839857609,False,148.13080616260072,,,474.78429531531515,2.3942022656997297,
MPI-22,I,2026-08-12,daily,,True,461.77784213592224,,4689.079,3389.0,323.603,,,,617.232416286324,1114.206494311693,4807.744273185053,False,155.45457415040175,,,461.77784213592224,2.5306733621901722,
MPI-22,I,2026-08-13,daily,,True,450.31412473309683,,4684.918,3389.0,318.425,,,,610.6650533670213,1126.6034817343025,4812.043079709693,False,160.35092863392447,,,450.31412473309683,2.7134963666321177,
MPI-22,I,2026-08-14,daily,,True,444.3599973214288,,4687.73,3394.0,315.424,,,,605.1649181552327,1136.9021021160638,4818.252175534111,False,160.80492083380392,,,444.3599973214288,2.784336459952086,
MPI-22,I,2026-08-15,daily,,True,444.5579918439723,,4693.323,3396.0,317.765,,,,607.4881102534188,1132.5614048816224,4817.759018054308,False,162.9301184094465,,,444.5579918439723,2.651341449423117,
MPI-22,I,2026-08-16,daily,,True,427.8178857670975,,4718.015,3402.0,325.564,,,,615.3879338441235,1117.6992592545034,4815.692664609254,False,187.570048077026,,,427.8178857670975,2.0703127185745185,
MPI-22,I,2026-08-17,daily,,True,424.5847943119265,,4713.295,3389.0,314.34,,,,605.4473552375991,1136.3751188884485,4815.475048038493,False,180.86256092567265,,,424.5847943119265,2.1679111542666663,
MPI-22,I,2026-08-18,daily,,True,434.54124875621886,,4679.264,3396.0,313.289,,,,601.7595304676182,1143.2401651609623,4821.535181711056,False,167.21828171139936,,,434.54124875621886,3.0404606731113226,
MPI-22,I,2026-08-19,daily,,True,417.504851559633,,4679.052,3366.0,325.275,,,,626.9890379581961,1095.5881726900088,4789.423783054043,False,209.48418639856317,,,417.504851559633,2.3588492509603043,
MPI-22,I,2026-08-20,daily,,True,416.0845847549908,,4682.953,3394.0,309.321,,,,597.3027406887236,1151.4908449510194,4823.451666186502,False,181.21815593373282,,,416.0845847549908,3.0002151673634403,
MPI-22,I,2026-08-21,daily,,True,430.50868956228993,,4691.004,3397.0,312.763,,,,600.7494183084874,1145.114541640545,4822.720584749325,False,170.24072874619748,,,430.50868956228993,2.8078548803054826,
MPI-22,I,2026-08-22,daily,,True,417.0044745027121,,4707.942,3399.0,326.974,,,,618.1737113061538,1112.4207203694211,4812.3200632558655,False,201.16923680344166,,,417.0044745027121,2.217063490923743,
MPI-22,I,2026-08-23,daily,,True,416.20428837638354,,4700.807,3399.0,318.386,,,,607.2787410497249,1132.9531531243188,4819.450695035346,False,191.07445267334134,,,416.20428837638354,2.523900577823057,
MPI-22,I,2026-08-24,daily,,True,422.9029518115942,,4718.129,3399.0,317.469,,,,606.1089847066328,1135.1398336314428,4820.220121660516,False,183.20603289503856,,,422.9029518115942,2.163805221529902,
MPI-22,I,2026-08-25,daily,,True,428.6733849572653,,4723.782,3379.0,320.09,,,,616.115505702746,1116.3225342523292,4803.279463818178,False,187.44212074548068,,,428.6733849572653,1.6829198260668532,
MPI-22,I,2026-08-26,daily,,True,415.3843504672896,,4718.192,3379.0,326.254,,,,623.900069605221,1101.5087784142231,4798.202145787556,False,208.5157191379314,,,415.3843504672896,1.695779777244244,
MPI-22,I,2026-08-27,daily,,True,426.0803516423357,,4682.726,3387.0,314.819,,,,606.7289981011867,1133.9812437844914,4813.593626747223,False,180.64864645885098,,,426.0803516423357,2.7946889642320283,
MPI-22,I,2026-08-28,daily,,True,415.33147341040456,,4687.115,3388.0,330.31,,,,626.0372981609793,1097.4149343128613,4801.495134378035,False,210.70582475057472,,,415.33147341040456,2.440309964189802,
MPI-22,I,2026-08-29,daily,,True,426.21568634751765,,4684.129,3388.0,323.104,,,,616.9347104052713,1114.7708200955421,4807.4194231966585,False,190.71902405775364,,,426.21568634751765,2.632088552570999,
MPI-22,I,2026-08-30,daily,,True,422.9297918518513,,4688.974,3392.0,346.804,,,,645.1622507286263,1060.26784932535,4791.255724058655,False,222.232458876775,,,422.9297918518513,2.1813241885891177,
MPI-22,I,2026-08-31,daily,,True,415.5472801869156,,4692.637,3391.0,337.944,,,,634.5734867948828,1080.9489043377516,4797.536259187346,False,219.0262066079672,,,415.5472801869156,2.235401101498935,
MPI-22,I,2026-09-01,daily,,True,426.09164879852125,,4688.72,3389.0,323.604,,,,617.2336796099081,1114.204099101929,4807.7434484069545,False,191.14203081138686,,,426.09164879852125,2.5385062107985634,
MPI-22,I,2026-09-02,daily,,True,416.7826889891697,,4686.727,3389.0,338.118,,,,635.4492452148774,1079.2491883509886,4795.930891262658,False,218.66655622570767,,,416.7826889891697,2.3300672572278858,
MPI-22,I,2026-09-03,daily,,True,415.79310880149836,,4679.779,3389.0,323.545,,,,617.1591402265883,1114.3454158233499,4807.792113855388,False,201.36603142508994,,,415.79310880149836,2.7354521197558324,
MPI-22,I,2026-09-04,daily,,True,416.27106291913185,,4674.0,3389.0,316.987,,,,608.8320079180369,1130.0442184020335,4813.247049246866,False,192.56094499890503,,,416.27106291913185,2.9791837665140264,
MPI-22,I,2026-09-05,daily,,True,415.8216311787075,,4679.207,3399.0,322.206,,,,612.1343214993349,1123.8394512243342,4816.264969555005,False,196.31269032062738,,,415.8216311787075,2.929085410305743,
MPI-22,I,2026-09-06,daily,,True,416.0366188081938,,2576.953,3399.0,320.684,,,,610.203068658758,1127.4714545427717,4817.530512921145,False,194.16644985056416,,,416.0366188081938,86.9467744627529,
MPI-22,I,2026-09-07,daily,,True,417.37808882352914,,4675.098,3399.0,321.59,,,,611.3532192639716,1125.30956241285,4816.776581359472,False,193.97513044044246,,,417.37808882352914,3.0304943631015213,
MPI-26,I,2026-08-20,test,-3611105,True,305.28,587.1999,3529.654,3064.779,336.063,0.0,200.37435292478762,587.1999,257.2841475261753,745.8861864238005,3749.751840036816,True,-47.9958524738247,158.68628642380054,27.024235941423115,,6.235677492377878,
MPI-26,I,2026-08-29,test,-3615369,True,317.48,358.0744,3529.827,3063.994,335.937,0.2675241671915327,281.23820077615153,488.8549,257.2841475261753,745.8861864238005,3749.4294540846226,True,-60.19585247382474,387.81178642380047,108.30480660549888,,6.221337592029941,
MPI-26,I,2026-08-31,test,-3616301,True,316.96,433.3783,3532.726,3062.732,345.658,0.05772106233680788,211.08694182426763,459.9257,257.2841475261753,745.8861864238005,3748.9111128831382,True,-59.675852473824705,312.50788642380047,72.10972178897754,,6.119498451992533,
MPI-26,I,2026-09-06,test,-3620595,True,342.13,389.0629,3532.06,3064.575,345.281,0.16529900098796316,207.23846966647295,466.1105,257.2841475261753,745.8861864238005,3749.668063490603,True,-84.84585247382472,356.8232864238005,91.71352149583024,,6.1609390409733455,
MPI-26,I,2026-08-10,daily,,True,394.3284279729728,,3218.167,2649.004,260.552,,,,361.9287389824995,416.3070453358018,3487.6079777115533,False,-32.399688990473294,,,394.3284279729728,8.37249831073259,
MPI-26,I,2026-08-11,daily,,True,387.6224842249655,,3505.052,3020.394,314.693,,,,257.2841475261753,745.8861864238005,3731.478845032093,True,-130.33833669879021,,,387.6224842249655,6.460013860909708,
MPI-26,I,2026-08-12,daily,,True,327.3668128498727,,3524.768,3050.537,311.955,,,,257.2841475261753,745.8861864238005,3743.8984701904697,True,-70.08266532369743,,,327.3668128498727,6.21687640691444,
MPI-26,I,2026-08-13,daily,,True,321.364109622887,,3534.223,3065.235,302.626,,,,257.2841475261753,745.8861864238005,3749.939098318769,True,-64.07996209671171,,,321.364109622887,6.103635744512137,
MPI-26,I,2026-08-14,daily,,True,310.7521324427486,,3532.786,3064.017,297.847,,,,257.2841475261753,745.8861864238005,3749.4389001918425,True,-53.4679849165733,,,310.7521324427486,6.132635834489908,
MPI-26,I,2026-08-15,daily,,True,320.5565014084507,,3533.19,3063.856,298.754,,,,257.2841475261753,745.8861864238005,3749.3727769288835,True,-63.27235388227541,,,320.5565014084507,6.11862868764157,
MPI-26,I,2026-08-16,daily,,True,328.8939165374678,,3530.633,3064.14,301.937,,,,257.2841475261753,745.8861864238005,3749.489415916302,True,-71.60976901129254,,,328.8939165374678,6.19878690071447,
MPI-26,I,2026-08-17,daily,,True,312.4162895213453,,3528.663,3064.16,304.289,,,,257.2841475261753,745.8861864238005,3749.4976297892817,True,-55.13214199517,,,312.4162895213453,6.2583088775913565,
MPI-26,I,2026-08-18,daily,,True,305.35779132720114,,3529.129,3063.905,298.814,,,,257.2841475261753,745.8861864238005,3749.3929015267913,True,-48.07364380102587,,,305.35779132720114,6.241310576258097,
MPI-26,I,2026-08-19,daily,,True,326.35053355614974,,3527.932,3063.814,296.779,,,,257.2841475261753,745.8861864238005,3749.355527185385,True,-69.06638602997447,,,326.35053355614974,6.276298046146733,
MPI-26,I,2026-08-20,daily,,True,305.2784872448977,,3529.654,3064.779,306.3,,,,257.2841475261753,745.8861864238005,3749.751840036816,True,-47.994339718722415,,,305.2784872448977,6.235677492377878,
MPI-26,I,2026-08-21,daily,,True,312.1454398195874,,3526.534,3064.266,298.435,,,,257.2841475261753,745.8861864238005,3749.541163008066,True,-54.861292293412134,,,312.1454398195874,6.32369241323254,
MPI-26,I,2026-08-22,daily,,True,340.06875481283413,,3531.927,3064.173,299.581,,,,257.2841475261753,745.8861864238005,3749.502968796824,True,-82.78460728665885,,,340.06875481283413,6.1602623382879695,
MPI-26,I,2026-08-23,daily,,True,316.04217506426784,,3540.541,3065.703,313.056,,,,257.2841475261753,745.8861864238005,3750.1312744812444,True,-58.75802753809256,,,316.04217506426784,5.919724541567062,
MPI-26,I,2026-08-24,daily,,True,315.54925922580634,,3539.642,3065.977,303.305,,,,257.2841475261753,745.8861864238005,3750.243783189201,True,-58.26511169963106,,,315.54925922580634,5.949804618354104,
MPI-26,I,2026-08-25,daily,,True,344.9120239946381,,3538.99,3063.534,301.02,,,,257.2841475261753,745.8861864238005,3749.2405268158795,True,-87.62787646846283,,,344.9120239946381,5.940975442594643,
MPI-26,I,2026-08-26,daily,,True,310.1258074454428,,3540.969,3064.685,312.533,,,,257.2841475261753,745.8861864238005,3749.713237356879,True,-52.8416599192675,,,310.1258074454428,5.895116205673601,
MPI-26,I,2026-08-27,daily,,True,327.50274204545457,,3528.023,3065.18,300.909,,,,257.2841475261753,745.8861864238005,3749.91651285025,True,-70.21859451927929,,,327.50274204545457,6.2894576608556685,
MPI-26,I,2026-08-28,daily,,True,333.0152390052355,,3528.863,3063.895,308.648,,,,257.2841475261753,745.8861864238005,3749.3887944749886,True,-75.73109147906024,,,333.0152390052355,6.249202490291883,
MPI-26,I,2026-08-29,daily,,True,317.4780304511278,,3529.827,3063.994,311.77,,,,257.2841475261753,745.8861864238005,3749.4294540846226,True,-60.193882924952504,,,317.4780304511278,6.221337592029941,
MPI-26,I,2026-08-30,daily,,True,347.7840672972973,,3526.307,3063.588,308.222,,,,257.2841475261753,745.8861864238005,3749.26270574006,True,-90.49991977112205,,,347.7840672972973,6.32264025055278,
MPI-26,I,2026-08-31,daily,,True,316.96086297709917,,3532.726,3062.732,318.647,,,,257.2841475261753,745.8861864238005,3748.9111128831382,True,-59.67671545092389,,,316.96086297709917,6.119498451992533,
MPI-26,I,2026-09-01,daily,,True,315.9431175866494,,3532.288,3063.083,309.342,,,,257.2841475261753,745.8861864238005,3749.055286473199,True,-58.65897006047413,,,315.9431175866494,6.136738750441606,
MPI-26,I,2026-09-02,daily,,True,316.7279673495518,,3529.91,3064.415,308.757,,,,257.2841475261753,745.8861864238005,3749.6023550526206,True,-59.44381982337654,,,316.7279673495518,6.223738142123203,
MPI-26,I,2026-09-03,daily,,True,316.0691787994891,,3530.317,3064.471,309.201,,,,257.2841475261753,745.8861864238005,3749.6253531402103,True,-58.78503127331385,,,316.0691787994891,6.212143361069566,
MPI-26,I,2026-09-04,daily,,True,320.71554869791663,,3529.78,3064.172,302.081,,,,257.2841475261753,745.8861864238005,3749.502558104214,True,-63.431401171741356,,,320.71554869791663,6.224823023083981,
MPI-26,I,2026-09-05,daily,,True,352.8497671105194,,3531.41,3063.813,307.252,,,,257.2841475261753,745.8861864238005,3749.3551164762152,True,-95.56561958434412,,,352.8497671105194,6.17161746940218,
MPI-26,I,2026-09-06,daily,,True,342.1308730263158,,3532.06,3064.575,318.126,,,,257.2841475261753,745.8861864238005,3749.668063490603,True,-84.84672550014051,,,342.1308730263158,6.1609390409733455,
MPI-26,I,2026-09-07,daily,,True,316.87149028497424,,3528.739,3064.265,317.723,,,,257.2841475261753,745.8861864238005,3749.5407523197437,True,-59.58734275879897,,,316.87149028497424,6.257242383745121,
MPI-27,I,2026-08-17,test,-3611104,True,324.56,669.7069,2895.836,3386.076,340.915,0.2589861525777932,157.3162826902336,903.7711,483.18296067151385,602.3508564198986,2975.5222260805745,False,158.62296067151385,-67.35604358010141,-10.057540631595918,,2.751752035701416,
MPI-27,I,2026-08-29,test,-3615370,True,320.1,669.8889,2891.172,3384.965,340.148,0.21458559470538205,203.98367550201235,852.9114,482.73314079160014,602.9412887483834,2975.322035846427,False,162.6331407916001,-66.94761125161665,-9.993837970985432,,2.910585598035209,
MPI-27,I,2026-09-01,test,-3618296,True,318.68,701.4755,2895.491,3385.585,350.079,0.14812679716305993,185.8910254171386,823.4506,493.4771223002372,588.7152075352273,2971.799635037451,False,174.79712230023722,-112.76029246477276,-16.07472997485625,,2.6354298817523825,
MPI-27,I,2026-07-28,daily,,False,382.81132148337593,,1865.549,3060.97,287.434,,,,540.9005598606018,522.8401925504593,2848.6692768269936,False,158.08923837722585,,,382.81132148337593,52.69871104039581,
MPI-27,I,2026-07-29,daily,,False,328.2265294642854,,2919.682,3387.484,308.048,,,,445.51261012322396,650.2304391505866,2989.0700660498496,False,117.28608065893854,,,328.2265294642854,2.3765624492615878,
MPI-27,I,2026-07-30,daily,,False,329.91938056994803,,2911.984,3387.355,297.322,,,,433.0746205664376,665.3430296883713,2993.3753070552893,False,103.15523999648957,,,329.91938056994803,2.7950465062750895,
MPI-27,I,2026-07-31,daily,,False,315.76729644670036,,2908.916,3385.162,309.929,,,,448.5389067743457,646.5010996481741,2987.273367906247,False,132.77161032764536,,,315.76729644670036,2.693696480278107,
MPI-27,I,2026-08-01,daily,,False,306.415591540404,,2909.658,3383.63,292.682,,,,429.00562298057775,670.2119657199441,2993.6140188984505,False,122.59003144017373,,,306.415591540404,2.885425671967301,
MPI-27,I,2026-08-02,daily,,False,446.23748839779023,,2911.822,3388.829,278.792,,,,410.51379799211645,691.8730843803443,3001.7701065681863,False,-35.72369040567378,,,446.23748839779023,3.089066109404559,
MPI-27,I,2026-08-10,daily,,True,380.75322797468436,,2559.041,2676.383,263.271,,,,653.3484774383144,346.55704428679445,2674.5447768747235,False,272.59524946363,,,380.75322797468436,4.513557104975008,
MPI-27,I,2026-08-11,daily,,True,346.67903132530125,,2879.318,3384.795,317.427,,,,457.26080625964846,635.6385305125605,2984.1166078130923,False,110.58177493434721,,,346.67903132530125,3.639702450826632,
MPI-27,I,2026-08-12,daily,,True,333.6442440000001,,2880.886,3386.07,315.25,,,,454.31005143970725,639.3325320926119,2985.5515920832045,False,120.66580743970712,,,333.6442440000001,3.633104263174758,
MPI-27,I,2026-08-13,daily,,True,330.8137935049019,,2883.039,3385.993,309.949,,,,448.2561018555225,646.850470132618,2987.637233264647,False,117.44230835062058,,,330.8137935049019,3.6280547458652723,
MPI-27,I,2026-08-14,daily,,True,323.8946309113298,,2888.603,3385.785,305.331,,,,442.9940782060955,653.3184531640276,2989.407298953031,False,119.0994472947657,,,323.8946309113298,3.489724927691018,
MPI-27,I,2026-08-15,daily,,True,321.3298663017032,,2889.732,3385.583,305.858,,,,443.67949688532747,652.4794535686351,2989.10353454745,False,122.34963058362428,,,321.3298663017032,3.4387802933784295,
MPI-27,I,2026-08-16,daily,,True,337.5141296568629,,2896.255,3385.897,301.901,,,,438.9664998447889,658.2272796863733,2990.8500940001077,False,101.45237018792602,,,337.5141296568629,3.266117589787765,
MPI-27,I,2026-08-17,daily,,True,324.56138700980404,,2895.836,3386.076,317.54,,,,456.9184135588643,636.068164060122,2984.645115716194,False,132.35702654906027,,,324.56138700980404,3.066786783374287,
MPI-27,I,2026-08-18,daily,,True,319.7314430317851,,2888.543,3385.276,306.321,,,,444.3290782062722,651.6833525522961,2988.7788096368763,False,124.5976351744871,,,319.7314430317851,3.470116582542704,
MPI-27,I,2026-08-19,daily,,True,331.1241175609754,,2888.463,3385.326,303.918,,,,441.52384085994066,655.1145840552246,2989.7744245222984,False,110.39972329896528,,,331.1241175609754,3.507451004991169,
MPI-27,I,2026-08-20,daily,,True,319.03126002445003,,2888.056,3385.377,314.33,,,,453.5135339009381,640.3263448054928,2985.6077677322796,False,134.48227387648808,,,319.03126002445003,3.3777657958252716,
MPI-27,I,2026-08-21,daily,,True,321.7874392682925,,2889.609,3385.302,306.143,,,,444.1133563233068,651.9478372677878,2988.862418191851,False,122.32591705501432,,,321.7874392682925,3.4348390454158606,
MPI-27,I,2026-08-22,daily,,True,333.2355921182271,,2892.364,3385.205,307.41,,,,445.6152857243306,650.1042462103873,2988.307180003743,False,112.3796936061035,,,333.2355921182271,3.3171198370517185,
MPI-27,I,2026-08-23,daily,,True,323.97670401459806,,2890.734,3384.861,320.009,,,,460.17155798864087,631.9755474373927,2983.1244701222718,False,136.19485397404281,,,323.97670401459806,3.196090339763935,
MPI-27,I,2026-08-24,daily,,True,322.0333996359225,,2893.638,3384.815,310.675,,,,449.525890498477,645.2804032585032,2986.8183683127336,False,127.49249086255452,,,322.0333996359225,3.2201805586163035,
MPI-27,I,2026-08-25,daily,,True,332.2164482673265,,2894.151,3384.391,308.241,,,,446.87550342561826,648.553463061221,2987.6076243106577,False,114.65905515829178,,,332.2164482673265,3.2291550893736254,
MPI-27,I,2026-08-26,daily,,True,323.954151219512,,2897.107,3384.844,317.372,,,,457.18024244589424,635.739645360474,2984.1603174809875,False,133.2260912263822,,,323.954151219512,3.0048361168913518,
MPI-27,I,2026-08-27,daily,,True,318.27385279805367,,2892.722,3385.194,310.449,,,,449.1262270441224,645.7749671987004,2987.0787355340767,False,130.85237424606873,,,318.27385279805367,3.261866696283855,
MPI-27,I,2026-08-28,daily,,True,331.78226963414596,,2893.554,3385.162,309.533,,,,448.08240928802496,647.0649572262263,2987.4326038887525,False,116.300139653879,,,331.78226963414596,3.244404766206288,
MPI-27,I,2026-08-29,daily,,True,320.1032855036854,,2891.172,3384.965,322.994,,,,463.5155679759106,627.743971312148,2981.994372991184,False,143.41228247222517,,,320.1032855036854,3.14136872490407,
MPI-27,I,2026-08-30,daily,,True,319.21807820197023,,2894.809,3385.538,315.277,,,,454.5359607476663,639.0504076364234,2985.3029791791396,False,135.31788254569608,,,319.21807820197023,3.126077719778375,
MPI-27,I,2026-08-31,daily,,True,337.35857687651355,,2895.884,3385.672,317.245,,,,456.7304758190275,636.3038765408991,2984.5814816444595,False,119.37189894251395,,,337.35857687651355,3.062881028537734,
MPI-27,I,2026-09-01,daily,,True,318.68258596059115,,2895.491,3385.585,325.007,,,,465.56374305109506,625.1398318834342,2981.480498429746,False,146.8811570905039,,,318.68258596059115,2.969772602634446,
MPI-27,I,2026-09-02,daily,,True,317.66804096534634,,2896.856,3385.575,316.229,,,,455.6083734365068,637.7095808662398,2984.9412555717367,False,137.94033247116045,,,317.66804096534634,3.040719164906247,
MPI-27,I,2026-09-03,daily,,True,317.0118430825241,,2896.027,3385.559,316.544,,,,455.9732952750998,637.252736792088,2984.809053199297,False,138.96145219257573,,,317.0118430825241,3.0656500508903006,
MPI-27,I,2026-09-04,daily,,True,316.9623398009949,,2897.602,3386.897,309.279,,,,447.15055926767593,648.2145164659562,2988.3113343853947,False,130.188219466681,,,316.9623398009949,3.1304966791641853,
MPI-27,I,2026-09-05,daily,,True,318.0350781927711,,2896.755,3385.671,314.618,,,,453.7347026177452,640.0505353747266,2985.624602393456,False,135.6996244249741,,,318.0350781927711,3.067901924514005,
MPI-27,I,2026-09-06,daily,,True,317.3833537128712,,2896.794,3385.651,313.181,,,,452.09924759005054,642.0874527840323,2986.1881170926868,False,134.71589387717933,,,317.3833537128712,3.085967351930674,
MPI-27,I,2026-09-07,daily,,True,317.0702103448277,,2897.33,3385.631,313.902,,,,452.9311305571003,641.0521106371385,2985.891822926853,False,135.86092021227262,,,317.0702103448277,3.056670207634382,
MPI-29,I,2026-08-12,test,-3605790,True,417.32,1690.254,4388.447,3400.233,354.649,0.24891800456926944,164.59147560070852,2250.4254,463.0453948346789,856.434714944343,4934.594656797617,True,45.72539483467892,-833.8192850556569,-49.3310049883424,,12.44512368037296,
MPI-29,I,2026-08-24,test,-3613927,True,416.74,1451.848,4402.091,3399.328,355.845,0.25539612252580485,236.14903213008523,1949.826,463.0453948346789,856.434714944343,4934.136953912736,True,46.30539483467891,-595.413285055657,-41.01071772359482,,12.086209801495151,
MPI-29,I,2026-08-29,test,-3615371,True,403.63,901.5311,4391.436,3400.29,355.276,0.533520891308115,341.2220610026653,1932.6291,463.0453948346789,856.434714944343,4934.623483033759,True,59.41539483467892,-45.09638505565704,-5.002199597513279,,12.369245117855732,
MPI-29,I,2026-09-01,test,-3618297,True,397.68,952.9425,4399.154,3400.488,364.457,0.5036659579720849,311.5955055000695,1919.962,463.0453948346789,856.434714944343,4934.723614931498,True,65.36539483467891,-96.507785055657,-10.127346094403066,,12.174377503754075,
MPI-29,I,2026-07-27,daily,,False,546.5481985013624,,1707.313,1607.049,162.947,,,,716.308582834684,570.5114390532916,3628.4417644675905,False,169.76038433332155,,,546.5481985013624,112.52352465351052,
MPI-29,I,2026-07-28,daily,,False,447.43429238578705,,4326.999,3399.394,323.739,,,,463.0453948346789,856.434714944343,4934.1703348235205,True,15.61110244889187,,,447.43429238578705,14.0321579649896,
MPI-29,I,2026-07-29,daily,,False,433.4331464735517,,4345.545,3402.998,305.757,,,,463.0453948346789,856.434714944343,4935.9927829093385,True,29.61224836112723,,,433.4331464735517,13.587427650831785,
MPI-29,I,2026-07-30,daily,,False,426.88688090024345,,4350.116,3403.571,302.423,,,,463.0453948346789,856.434714944343,4936.282470291377,True,36.15851393443546,,,426.88688090024345,13.474731944880936,
MPI-29,I,2026-07-31,daily,,False,422.0758072864321,,4355.938,3388.449,307.453,,,,463.0453948346789,856.434714944343,4928.6314940055245,True,40.96958754824681,,,422.0758072864321,13.14742069344248,
MPI-29,I,2026-08-01,daily,,False,417.9258389303482,,4339.931,3377.357,306.171,,,,463.0453948346789,856.434714944343,4923.011733517668,True,45.119555904330696,,,417.9258389303482,13.435253544760716,
MPI-29,I,2026-08-02,daily,,False,580.695623746702,,4346.849,3382.244,285.21,,,,463.0453948346789,856.434714944343,4925.4885428460675,True,-117.65022891202312,,,580.695623746702,13.311701024030675,
MPI-29,I,2026-08-10,daily,,True,472.6676625000003,,3585.848,2767.369,269.298,,,,463.0453948346789,856.434714944343,4603.074265627158,True,-9.622267665321374,,,472.6676625000003,28.36780213849437,
MPI-29,I,2026-08-11,daily,,True,431.25735442424264,,4365.747,3389.317,322.878,,,,463.0453948346789,856.434714944343,4929.070988539313,True,31.78804041043628,,,431.25735442424264,12.903266921773348,
MPI-29,I,2026-08-12,daily,,True,417.3216145654838,,4388.447,3400.233,329.813,,,,463.0453948346789,856.434714944343,4934.594656797617,True,45.72378026919512,,,417.3216145654838,12.44512368037296,
MPI-29,I,2026-08-13,daily,,True,415.11812033898326,,4396.008,3400.075,314.449,,,,463.0453948346789,856.434714944343,4934.514751589904,True,47.927274495695656,,,415.11812033898326,12.24990381250226,
MPI-29,I,2026-08-14,daily,,True,416.1849941105766,,4381.095,3399.628,309.772,,,,463.0453948346789,856.434714944343,4934.288683456781,True,46.860400724102306,,,416.1849941105766,12.62683606396986,
MPI-29,I,2026-08-15,daily,,True,422.3635076738609,,4382.029,3399.705,310.543,,,,463.0453948346789,856.434714944343,4934.327626600406,True,40.68188716081801,,,422.3635076738609,12.603719112776425,
MPI-29,I,2026-08-16,daily,,True,421.87031211031143,,4370.617,3399.425,305.98,,,,463.0453948346789,856.434714944343,4934.186013656119,True,41.175082724367485,,,421.87031211031143,12.894495529032145,
MPI-29,I,2026-08-17,daily,,True,421.87855785714265,,4360.475,3398.857,322.949,,,,463.0453948346789,856.434714944343,4933.898728861811,True,41.16683697753626,,,421.87855785714265,13.150487707458725,
MPI-29,I,2026-08-18,daily,,True,419.8469197841726,,4379.752,3399.842,311.243,,,,463.0453948346789,856.434714944343,4934.396914270418,True,43.19847505050632,,,419.8469197841726,12.663842936093594,
MPI-29,I,2026-08-19,daily,,True,419.73736096385477,,4379.035,3400.689,309.07,,,,463.0453948346789,856.434714944343,4934.825261845116,True,43.30803387082415,,,419.73736096385477,12.692071697191643,
MPI-29,I,2026-08-20,daily,,True,419.6014661117721,,4387.136,3399.957,321.847,,,,463.0453948346789,856.434714944343,4934.455074681963,True,43.44392872290683,,,419.6014661117721,12.475543832741053,
MPI-29,I,2026-08-21,daily,,True,419.1594661483253,,4374.68,3399.704,311.064,,,,463.0453948346789,856.434714944343,4934.327120847317,True,43.88592868635362,,,419.1594661483253,12.792869897851201,
MPI-29,I,2026-08-22,daily,,True,419.6104099520386,,4380.099,3398.803,312.085,,,,463.0453948346789,856.434714944343,4933.871415680852,True,43.43498488264032,,,419.6104099520386,12.642920072830588,
MPI-29,I,2026-08-23,daily,,True,419.1279257211538,,4394.581,3399.5,322.909,,,,463.0453948346789,856.434714944343,4934.2239461040135,True,43.9174691135251,,,419.1279257211538,12.279736022706444,
MPI-29,I,2026-08-24,daily,,True,416.7389973557701,,4402.091,3399.328,321.24,,,,463.0453948346789,856.434714944343,4934.136953912736,True,46.30639747890882,,,416.7389973557701,12.086209801495151,
MPI-29,I,2026-08-25,daily,,True,413.83843209580857,,4403.949,3399.314,313.556,,,,463.0453948346789,856.434714944343,4934.1298730836625,True,49.206962738870345,,,413.83843209580857,12.03876050979844,
MPI-29,I,2026-08-26,daily,,True,411.05637047619024,,4394.988,3398.535,315.152,,,,463.0453948346789,856.434714944343,4933.735859077783,True,51.98902435848868,,,411.05637047619024,12.258232766000333,
MPI-29,I,2026-08-27,daily,,True,407.39752415865405,,4365.979,3400.111,325.312,,,,463.0453948346789,856.434714944343,4934.532957956647,True,55.647870676024866,,,407.39752415865405,13.022370422685192,
MPI-29,I,2026-08-28,daily,,True,406.0600068674701,,4386.82,3400.51,314.376,,,,463.0453948346789,856.434714944343,4934.73474056912,True,56.985387967208794,,,406.0600068674701,12.490021030475829,
MPI-29,I,2026-08-29,daily,,True,403.6257182254199,,4391.436,3400.29,331.127,,,,463.0453948346789,856.434714944343,4934.623483033759,True,59.419676609259,,,403.6257182254199,12.369245117855732,
MPI-29,I,2026-08-30,daily,,True,401.3336118421049,,4394.901,3401.126,320.362,,,,463.0453948346789,856.434714944343,4935.0462479653115,True,61.711782992574,,,401.3336118421049,12.290271111119711,
MPI-29,I,2026-08-31,daily,,True,399.26839330143514,,4390.144,3400.856,320.609,,,,463.0453948346789,856.434714944343,4934.909713118202,True,63.77700153324378,,,399.26839330143514,12.408834724286976,
MPI-29,I,2026-09-01,daily,,True,397.6795763157898,,4399.154,3400.488,333.831,,,,463.0453948346789,856.434714944343,4934.723614931498,True,65.36581851888911,,,397.6795763157898,12.174377503754075,
MPI-29,I,2026-09-02,daily,,True,395.90558591885457,,4408.772,3400.532,320.967,,,,463.0453948346789,856.434714944343,4934.745866180983,True,67.13980891582435,,,395.90558591885457,11.93016708918002,
MPI-29,I,2026-09-03,daily,,True,394.15285501193296,,4398.922,3401.103,321.458,,,,463.0453948346789,856.434714944343,4935.034617370223,True,68.89253982274596,,,394.15285501193296,12.1873635715801,
MPI-29,I,2026-09-04,daily,,True,392.3389374695863,,4392.967,3402.356,314.304,,,,463.0453948346789,856.434714944343,4935.668190965767,True,70.7064573650926,,,392.3389374695863,12.353864505828692,
MPI-29,I,2026-09-05,daily,,True,391.09918973429967,,4395.39,3400.874,319.593,,,,463.0453948346789,856.434714944343,4934.918815562027,True,71.94620510037925,,,391.09918973429967,12.274879261272066,
MPI-29,I,2026-09-06,daily,,True,389.5945729567303,,4393.027,3400.776,318.027,,,,463.0453948346789,856.434714944343,4934.869257603708,True,73.45082187794861,,,389.5945729567303,12.33414357807745,
MPI-29,I,2026-09-07,daily,,True,387.7586071084339,,4396.239,3399.54,318.706,,,,463.0453948346789,856.434714944343,4934.244176620447,True,75.286787726245,,,387.7586071084339,12.237850958977624,
MPI-31,I,2026-06-11,test,-3563283,False,415.52,1072.849,4233.647,3379.488,357.613,0.5440290638444908,283.5354276324068,2352.889,388.01809140577717,1048.751012500091,4898.642317971172,True,-27.50190859422281,-24.097987499908868,-2.246167680625033,,15.707386987417049,
MPI-31,I,2026-06-20,test,-3567782,False,385.49,1067.176,4228.998,3379.503,351.068,0.5418303841292521,253.9095706800003,2329.216,388.01809140577717,1048.751012500091,4898.6499446906055,True,2.528091405777161,-18.424987499908866,-1.7265181656923367,,15.834766171339076,
MPI-31,I,2026-06-28,test,-3572849,False,372.86,1081.055,4283.307,3378.354,350.551,0.518584755722026,238.74011960538547,2245.577,388.01809140577717,1048.751012500091,4898.065702694371,True,15.158091405777157,-32.303987499909,-2.9881909338478563,,14.352431490303431,
MPI-31,I,2026-07-02,test,-3576569,False,367.89,1070.127,4291.4512,3378.481,350.751,0.5196659965231536,239.26571332187675,2227.881,388.01809140577717,1048.751012500091,4898.130283001466,True,20.128091405777184,-21.375987499908888,-1.9975187524386206,,14.1369213985578,
MPI-31,I,2026-07-06,test,-3577890,False,368.87,1074.1293,4290.174,3378.605,355.522,0.5190990720669548,235.91703531409115,2233.5771,388.01809140577717,1048.751012500091,4898.19333694641,True,19.148091405777166,-25.378287499908993,-2.3626845948536146,,14.17237009376333,
MPI-31,I,2026-07-10,test,-3586357,False,361.32,1040.28,4288.445,3379.821,355.533,0.5311378160418582,239.19963855884953,2218.733,388.01809140577717,1048.751012500091,4898.811628275161,True,26.698091405777177,8.471012500091092,0.8143011977632009,,14.232819315046852,
MPI-31,I,2026-07-20,test,-3588074,False,356.43,1041.968,4281.976,3378.197,345.13,0.5316027275763653,228.43628595120003,2224.539,388.01809140577717,1048.751012500091,4897.985865988781,True,31.588091405777163,6.78301250009099,0.6509808842585452,,14.38611206575613,
MPI-31,I,2026-08-12,test,-3605791,True,391.89,1534.803,4257.065,3379.904,355.191,0.3778424544350954,153.58844099210125,2466.9041,388.01809140577717,1048.751012500091,4898.853827806398,True,-3.871908594222816,-486.05198749990905,-31.668688913164033,,15.075852208185658,
MPI-31,I,2026-09-01,test,-3618298,True,353.04,1056.296,4251.991,3379.301,364.897,0.5217488943542341,222.6365526329741,2208.664,388.01809140577717,1048.751012500091,4898.547237179317,True,34.97809140577715,-7.544987499908984,-0.7142872357662089,,15.20596438655013,
MPI-31,I,2026-06-10,daily,,False,419.0535461709214,,4237.536,3380.155,335.585,,,,388.01809140577717,1048.751012500091,4898.981440986439,True,-31.03545476514421,,,419.0535461709214,15.609199331555867,
MPI-31,I,2026-06-11,daily,,False,415.5164521912353,,4233.647,3379.488,333.514,,,,388.01809140577717,1048.751012500091,4898.642317971172,True,-27.498360785458146,,,415.5164521912353,15.707386987417049,
MPI-31,I,2026-06-12,daily,,False,410.59766365914817,,4232.209,3379.111,310.774,,,,388.01809140577717,1048.751012500091,4898.450629087354,True,-22.579572253370998,,,410.59766365914817,15.742172210478135,
MPI-31,I,2026-06-13,daily,,False,406.54669026548714,,4236.557,3379.351,323.416,,,,388.01809140577717,1048.751012500091,4898.572660036436,True,-18.528598859709973,,,406.54669026548714,15.62626585778113,
MPI-31,I,2026-06-14,daily,,False,401.63270488431897,,4243.24,3379.059,308.766,,,,388.01809140577717,1048.751012500091,4898.424188637173,True,-13.614613478541798,,,401.63270488431897,15.44065828558303,
MPI-31,I,2026-06-15,daily,,False,398.0824011207974,,4237.804,3379.034,307.794,,,,388.01809140577717,1048.751012500091,4898.411476830145,True,-10.064309715020215,,,398.0824011207974,15.588438654315894,
MPI-31,I,2026-06-16,daily,,False,395.91458701986755,,4236.443,3378.694,305.472,,,,388.01809140577717,1048.751012500091,4898.238592893409,True,-7.896495614090384,,,395.91458701986755,15.621491730052984,
MPI-31,I,2026-06-17,daily,,False,392.9037983050849,,4239.418,3378.83,301.3,,,,388.01809140577717,1048.751012500091,4898.307747219542,True,-4.885706899307706,,,392.9037983050849,15.541985886259436,
MPI-31,I,2026-06-18,daily,,False,390.54152911725953,,4229.574,3379.01,306.358,,,,388.01809140577717,1048.751012500091,4898.399273463545,True,-2.5234377114823587,,,390.54152911725953,15.813064707309653,
MPI-31,I,2026-06-19,daily,,False,388.0393827541829,,4232.374,3379.271,306.582,,,,388.01809140577717,1048.751012500091,4898.53198340005,True,-0.02129134840572533,,,388.0393827541829,15.739582168306733,
MPI-31,I,2026-06-20,daily,,False,385.4902206985772,,4228.998,3379.503,317.566,,,,388.01809140577717,1048.751012500091,4898.6499446906055,True,2.527870707199952,,,385.4902206985772,15.834766171339076,
MPI-31,I,2026-06-21,daily,,False,384.33315961783467,,4267.704,3379.3,303.539,,,,388.01809140577717,1048.751012500091,4898.546728720794,True,3.684931787942503,,,384.33315961783467,14.781782633490836,
MPI-31,I,2026-06-22,daily,,False,382.61087085492244,,4302.845,3378.894,303.579,,,,388.01809140577717,1048.751012500091,4898.340290085151,True,5.407220550854731,,,382.61087085492244,13.83957102998481,
MPI-31,I,2026-06-23,daily,,False,380.23490719602967,,4299.147,3379.425,317.637,,,,388.01809140577717,1048.751012500091,4898.610285616482,True,7.783184209747503,,,380.23490719602967,13.943772697618417,
MPI-31,I,2026-06-24,daily,,False,379.06157674418614,,4291.548,3379.158,304.727,,,,388.01809140577717,1048.751012500091,4898.47452706054,True,8.95651466159103,,,379.06157674418614,14.142368372916714,
MPI-31,I,2026-06-25,daily,,False,378.23632620599767,,4302.301,3379.448,303.838,,,,388.01809140577717,1048.751012500091,4898.621979993108,True,9.7817651997795,,,378.23632620599767,13.860512781256062,
MPI-31,I,2026-06-26,daily,,False,376.07348031914887,,4295.773,3379.176,307.672,,,,388.01809140577717,1048.751012500091,4898.483679444117,True,11.9446110866283,,,376.07348031914887,14.030319559346282,
MPI-31,I,2026-06-27,daily,,False,374.73415440414493,,4285.042,3378.384,305.837,,,,388.01809140577717,1048.751012500091,4898.080957963852,True,13.28393700163224,,,374.73415440414493,14.306486563348763,
MPI-31,I,2026-06-28,daily,,False,372.86436516129027,,4283.307,3378.354,309.363,,,,388.01809140577717,1048.751012500091,4898.065702694371,True,15.153726244486904,,,372.86436516129027,14.352431490303431,
MPI-31,I,2026-06-29,daily,,False,370.84114503722054,,4287.289,3378.0,306.949,,,,388.01809140577717,1048.751012500091,4897.885686832025,True,17.176946368556628,,,370.84114503722054,14.242023032084505,
MPI-31,I,2026-06-30,daily,,False,369.83499006369397,,4290.801,3378.279,321.277,,,,388.01809140577717,1048.751012500091,4898.027564307346,True,18.183101342083205,,,369.83499006369397,14.151823035077737,
MPI-31,I,2026-07-01,daily,,False,368.4025452618452,,4292.262,3378.307,310.394,,,,388.01809140577717,1048.751012500091,4898.041802674152,True,19.615546143931965,,,368.4025452618452,14.113299763018938,
MPI-31,I,2026-07-02,daily,,False,367.88603346354176,,4291.4512,3378.481,323.81,,,,388.01809140577717,1048.751012500091,4898.130283001466,True,20.132057942235406,,,367.88603346354176,14.1369213985578,
MPI-31,I,2026-07-03,daily,,False,367.3575794307886,,4290.9199,3377.757,311.877,,,,388.01809140577717,1048.751012500091,4897.762112691223,True,20.660511974988594,,,367.3575794307886,14.142473568225377,
MPI-31,I,2026-07-04,daily,,False,365.2974135834412,,4288.7808,3378.254,313.381,,,,388.01809140577717,1048.751012500091,4898.014851443948,True,22.720677822335972,,,365.2974135834412,14.205297026230568,
MPI-31,I,2026-07-05,daily,,False,364.2530273778924,,4288.667,3378.193,322.095,,,,388.01809140577717,1048.751012500091,4897.983831915141,True,23.765064027884762,,,364.2530273778924,14.207604178994092,
MPI-31,I,2026-07-06,daily,,False,368.86506804260983,,4290.174,3378.605,314.616,,,,388.01809140577717,1048.751012500091,4898.19333694641,True,19.153023363167335,,,368.86506804260983,14.17237009376333,
MPI-31,I,2026-07-07,daily,,False,362.8436756218905,,4241.195,3255.473,307.236,,,,388.01809140577717,1048.751012500091,4835.165166880667,True,25.174415783886673,,,362.8436756218905,14.0047832481333,
MPI-31,I,2026-07-08,daily,,False,362.8166489519111,,4289.54,3378.384,314.244,,,,388.01809140577717,1048.751012500091,4898.080957963852,True,25.201442453866093,,,362.8166489519111,14.186625091824578,
MPI-31,I,2026-07-09,daily,,False,362.70092376111864,,4288.122,3378.475,322.888,,,,388.01809140577717,1048.751012500091,4898.127231983002,True,25.317167644658525,,,362.70092376111864,14.225463547515727,
MPI-31,I,2026-07-10,daily,,False,361.32436096324454,,4288.445,3379.821,305.191,,,,388.01809140577717,1048.751012500091,4898.811628275161,True,26.693730442532626,,,361.32436096324454,14.232819315046852,
MPI-31,I,2026-07-11,daily,,False,360.90125926395956,,4283.862,3379.044,302.653,,,,388.01809140577717,1048.751012500091,4898.416561557017,True,27.11683214181761,,,360.90125926395956,14.345806693983532,
MPI-31,I,2026-07-12,daily,,False,359.8458718911917,,4278.888,3378.403,304.745,,,,388.01809140577717,1048.751012500091,4898.090619609301,True,28.172219514585493,,,359.8458718911917,14.471110709354896,
MPI-31,I,2026-07-13,daily,,False,360.20247375979085,,4273.997,3377.699,303.626,,,,388.01809140577717,1048.751012500091,4897.732617155812,True,27.815617645986322,,,360.20247375979085,14.59373081347064,
MPI-31,I,2026-07-14,daily,,False,360.2971393001344,,4278.224,3378.228,302.295,,,,388.01809140577717,1048.751012500091,4898.001630030092,True,27.720952105642766,,,360.2971393001344,14.486797092206771,
MPI-31,I,2026-07-15,daily,,False,358.762001621622,,4280.885,3378.401,301.277,,,,388.01809140577717,1048.751012500091,4898.089602594912,True,29.256089784155165,,,358.762001621622,14.417687057580665,
MPI-31,I,2026-07-16,daily,,False,357.73749171122995,,4272.174,3378.159,312.013,,,,388.01809140577717,1048.751012500091,4897.966542254207,True,30.28059969454722,,,357.73749171122995,14.648105209530481,
MPI-31,I,2026-07-17,daily,,False,357.89065723514227,,4274.063,3377.788,299.745,,,,388.01809140577717,1048.751012500091,4897.777877471604,True,30.1274341706349,,,357.89065723514227,14.593020212186957,
MPI-31,I,2026-07-18,daily,,False,357.44717938540344,,4272.837,3378.119,300.174,,,,388.01809140577717,1048.751012500091,4897.9462013964485,True,30.570912020373726,,,357.44717938540344,14.629839645098741,
MPI-31,I,2026-07-19,daily,,False,356.2726651842441,,4276.869,3378.121,299.153,,,,388.01809140577717,1048.751012500091,4897.947218441394,True,31.74542622153308,,,356.2726651842441,14.52179663303681,
MPI-31,I,2026-07-20,daily,,False,356.4334902216427,,4281.976,3378.197,312.88,,,,388.01809140577717,1048.751012500091,4897.985865988781,True,31.584601184134442,,,356.4334902216427,14.38611206575613,
MPI-31,I,2026-07-21,daily,,False,356.3395700394218,,4277.356,3378.297,300.799,,,,388.01809140577717,1048.751012500091,4898.036717548027,True,31.67852136635537,,,356.3395700394218,14.510850103382268,
MPI-31,I,2026-07-22,daily,,False,354.1283343342034,,4271.704,3377.989,302.093,,,,388.01809140577717,1048.751012500091,4897.880093010017,True,33.8897570715738,,,354.1283343342034,14.658695757243878,
MPI-31,I,2026-07-23,daily,,False,355.00324279999995,,4276.811,3377.764,314.313,,,,388.01809140577717,1048.751012500091,4897.765672484891,True,33.01484860577722,,,355.00324279999995,14.51910483032548,
MPI-31,I,2026-07-24,daily,,False,563.7301799999999,,4277.908,3377.656,302.849,,,,388.01809140577717,1048.751012500091,4897.710749658438,True,-175.71208859422273,,,563.7301799999999,14.488454395429674,
MPI-31,I,2026-07-26,daily,,False,375.40196352395674,,2534.514,3383.0,205.612,,,,388.01809140577717,1048.751012500091,4900.427654761999,True,12.616127881820432,,,375.40196352395674,93.34782347866293,
MPI-31,I,2026-07-27,daily,,False,363.7039936139332,,4318.322,3383.167,308.751,,,,388.01809140577717,1048.751012500091,4900.512533138198,True,24.31409779184395,,,363.7039936139332,13.481869419144687,
MPI-31,I,2026-07-28,daily,,False,360.3814919831221,,4310.029,3381.047,313.681,,,,388.01809140577717,1048.751012500091,4899.434923172316,True,27.63659942265508,,,360.3814919831221,13.675219428275675,
MPI-31,I,2026-07-29,daily,,False,357.3218230769233,,4311.133,3380.464,327.823,,,,388.01809140577717,1048.751012500091,4899.138537786221,True,30.696268328853876,,,357.3218230769233,13.639234460783767,
MPI-31,I,2026-07-30,daily,,False,356.39841089108904,,4305.733,3379.967,303.71,,,,388.01809140577717,1048.751012500091,4898.885858526844,True,31.619680514688127,,,356.39841089108904,13.775885744119364,
MPI-31,I,2026-07-31,daily,,False,356.1972886422975,,4301.295,3379.381,301.669,,,,388.01809140577717,1048.751012500091,4898.587913685715,True,31.820802763479662,,,356.1972886422975,13.886350824245142,
MPI-31,I,2026-08-01,daily,,False,355.91657228915665,,4305.692,3378.843,312.687,,,,388.01809140577717,1048.751012500091,4898.314357507075,True,32.10151911662052,,,355.91657228915665,13.763695998391778,
MPI-31,I,2026-08-02,daily,,False,379.70752049180334,,4290.06,3382.81,286.642,,,,388.01809140577717,1048.751012500091,4900.331084714769,True,8.310570913973834,,,379.70752049180334,14.225234255809195,
MPI-31,I,2026-08-10,daily,,True,434.7689611731842,,3848.749,2686.856,276.388,,,,388.01809140577717,1048.751012500091,4532.455036962515,True,-46.75086976740704,,,434.7689611731842,17.76437062958678,
MPI-31,I,2026-08-11,daily,,True,402.8535671506353,,4257.847,3378.924,324.497,,,,388.01809140577717,1048.751012500091,4898.355544477026,True,-14.835475744858115,,,402.8535671506353,15.043014567621293,
MPI-31,I,2026-08-12,daily,,True,391.8852181660901,,4257.065,3379.904,332.073,,,,388.01809140577717,1048.751012500091,4898.853827806398,True,-3.8671267603129422,,,391.8852181660901,15.075852208185658,
MPI-31,I,2026-08-13,daily,,True,380.8263023364491,,4246.503,3379.732,316.423,,,,388.01809140577717,1048.751012500091,4898.766377760915,True,7.191789069328081,,,380.8263023364491,15.360012173803138,
MPI-31,I,2026-08-14,daily,,True,377.86515015384595,,4245.189,3379.69,311.437,,,,388.01809140577717,1048.751012500091,4898.745023436673,True,10.152941251931225,,,377.86515015384595,15.39521617145132,
MPI-31,I,2026-08-15,daily,,True,371.3662830564785,,4241.717,3379.704,312.316,,,,388.01809140577717,1048.751012500091,4898.752141555368,True,16.651808349298676,,,371.3662830564785,15.489839174922992,
MPI-31,I,2026-08-16,daily,,True,369.4857967959527,,4247.536,3380.044,307.874,,,,388.01809140577717,1048.751012500091,4898.925006893298,True,18.532294609824476,,,369.4857967959527,15.335691254725049,
MPI-31,I,2026-08-17,daily,,True,367.35227690972215,,4247.696,3380.127,323.679,,,,388.01809140577717,1048.751012500091,4898.967205422262,True,20.66581449605502,,,367.35227690972215,15.33234029512145,
MPI-31,I,2026-08-18,daily,,True,365.8419922661868,,4233.287,3378.774,312.831,,,,388.01809140577717,1048.751012500091,4898.279272030124,True,22.17609913959035,,,365.8419922661868,15.708650796180933,
MPI-31,I,2026-08-19,daily,,True,364.48035138211384,,4233.839,3379.16,310.34,,,,388.01809140577717,1048.751012500091,4898.475543992916,True,23.537740023663332,,,364.48035138211384,15.698200710818622,
MPI-31,I,2026-08-20,daily,,True,362.3634231788079,,4233.828,3378.89,312.458,,,,388.01809140577717,1048.751012500091,4898.33825616255,True,25.65466822696925,,,362.3634231788079,15.695258668102486,
MPI-31,I,2026-08-21,daily,,True,361.30478901830253,,4234.928,3379.154,321.192,,,,388.01809140577717,1048.751012500091,4898.472493195141,True,26.71330238747464,,,361.30478901830253,15.668377200158812,
MPI-31,I,2026-08-22,daily,,True,360.19198040201013,,4242.021,3379.265,313.212,,,,388.01809140577717,1048.751012500091,4898.528932638349,True,27.82611100376704,,,360.19198040201013,15.476300863158144,
MPI-31,I,2026-08-23,daily,,True,359.8066987321714,,4253.933,3378.712,318.031,,,,388.01809140577717,1048.751012500091,4898.247745729397,True,28.211392673605758,,,359.8066987321714,15.146330366025907,
MPI-31,I,2026-08-24,daily,,True,359.0935775444264,,4256.006,3378.775,326.851,,,,388.01809140577717,1048.751012500091,4898.279780517139,True,28.92451386135076,,,359.0935775444264,15.090998004164913,
MPI-31,I,2026-08-25,daily,,True,358.0026099199999,,4259.466,3378.737,314.555,,,,388.01809140577717,1048.751012500091,4898.260457972488,True,30.015481485777286,,,358.0026099199999,14.99705498230266,
MPI-31,I,2026-08-26,daily,,True,357.3329903973508,,4257.386,3379.06,316.315,,,,388.01809140577717,1048.751012500091,4898.4246971087505,True,30.685101008426386,,,357.3329903973508,15.057095999957482,
MPI-31,I,2026-08-27,daily,,True,356.20670272,,4235.077,3379.292,325.925,,,,388.01809140577717,1048.751012500091,4898.542661050655,True,31.81138868577716,,,356.20670272,15.665964539739296,
MPI-31,I,2026-08-28,daily,,True,355.22481384863113,,4234.612,3378.823,315.805,,,,388.01809140577717,1048.751012500091,4898.304187830154,True,32.79327755714604,,,355.22481384863113,15.67303421966768,
MPI-31,I,2026-08-29,daily,,True,354.6407166139239,,4241.62,3379.058,321.904,,,,388.01809140577717,1048.751012500091,4898.423680165542,True,33.37737479185324,,,354.6407166139239,15.4847364960921,
MPI-31,I,2026-08-30,daily,,True,354.45597254901935,,4253.281,3379.122,321.447,,,,388.01809140577717,1048.751012500091,4898.45622224074,True,33.56211885675782,,,354.45597254901935,15.168883086745044,
MPI-31,I,2026-08-31,daily,,True,353.2917299373043,,4255.663,3379.663,321.988,,,,388.01809140577717,1048.751012500091,4898.73129560636,True,34.726361468472874,,,353.2917299373043,15.110883911774975,
MPI-31,I,2026-09-01,daily,,True,353.03656698717924,,4251.991,3379.301,335.517,,,,388.01809140577717,1048.751012500091,4898.547237179317,True,34.98152441859793,,,353.03656698717924,15.20596438655013,
MPI-31,I,2026-09-02,daily,,True,351.6562281298299,,4245.28,3379.454,322.982,,,,388.01809140577717,1048.751012500091,4898.625030695342,True,36.36186327594726,,,351.6562281298299,15.389916111430612,
MPI-31,I,2026-09-03,daily,,True,352.4209915094339,,4244.401,3379.475,323.205,,,,388.01809140577717,1048.751012500091,4898.6357081378055,True,35.59709989634325,,,352.4209915094339,15.414064508461989,
MPI-31,I,2026-09-04,daily,,True,351.3449154205607,,4243.144,3380.497,316.07,,,,388.01809140577717,1048.751012500091,4899.155314808819,True,36.67317598521646,,,351.3449154205607,15.460500864661174,
MPI-31,I,2026-09-05,daily,,True,352.00881073170757,,4243.767,3379.757,320.887,,,,388.01809140577717,1048.751012500091,4898.779088622847,True,36.0092806740696,,,352.00881073170757,15.434685472195975,
MPI-31,I,2026-09-06,daily,,True,350.04714783258584,,4241.051,3379.246,319.59,,,,388.01809140577717,1048.751012500091,4898.519271880094,True,37.970943573191335,,,350.04714783258584,15.502484452087305,
MPI-31,I,2026-09-07,daily,,True,350.93686019900485,,4241.525,3379.48,320.452,,,,388.01809140577717,1048.751012500091,4898.638250382492,True,37.081231206772316,,,350.93686019900485,15.492381876388617,
MPI-33,I,2026-07-13,test,-3584733,False,398.35,909.8453,3574.282,3423.432,335.382,0.0,375.4478920757188,909.8453,487.493458705972,422.0596961126929,3749.4178394698033,False,89.14345870597197,-487.78560388730705,-53.61192764168887,,4.899888690086662,
MPI-33,I,2026-07-20,test,-3588078,False,396.53,480.0237,3578.377,3424.629,335.18,0.43813353899751817,651.2147212731371,854.3377,486.61211101217305,422.66253417234606,3750.3127846000043,False,90.08211101217307,-57.36116582765396,-11.94965286665095,,4.804853837368284,
MPI-33,I,2026-08-13,test,-3605792,True,421.94,1099.701,3516.299,3422.789,349.979,0.0,413.7091809500946,1099.701,516.7336444506483,401.5609757230991,3735.868182245267,False,94.79364445064829,-698.1400242769009,-63.484531184103766,,6.244326271607359,
MPI-33,I,2026-08-24,test,-3613928,True,426.22,860.5608,3533.818,3422.358,343.916,0.001848855913114443,353.0734841745057,862.1548,504.2140896277914,410.45625679647696,3741.362066793675,False,77.99408962779137,-450.104543203523,-52.30363074910256,,5.873083073142826,
MPI-33,I,2026-08-27,test,-3615372,True,430.2,853.7582,3529.032,3421.771,343.726,0.01575525806447522,349.564783096666,867.4247,504.09587758414335,410.5394021004732,3741.1737165393206,False,73.89587758414336,-443.2187978995268,-51.91385545691119,,6.01132878759163,
MPI-33,I,2026-06-10,daily,,False,404.9906650364203,,3540.055,3424.414,292.396,,,,396.977057231236,479.3798734359561,3792.269157139697,False,-8.013607805184279,,,404.9906650364203,7.1245830118373155,
MPI-33,I,2026-06-11,daily,,False,405.9941837184874,,3547.099,3424.764,296.615,,,,405.6922544675017,474.2644589881904,3788.1892294963027,False,-0.3019292509857223,,,405.9941837184874,6.796828323548421,
MPI-33,I,2026-06-12,daily,,False,403.71113981191195,,3549.666,3424.42,296.501,,,,405.5977728031399,474.32037637169645,3788.094806004166,False,1.8866329912279411,,,403.71113981191195,6.716936354129266,
MPI-33,I,2026-06-13,daily,,False,402.14993728991567,,3546.058,3424.441,295.823,,,,404.1737981876735,475.16190784250165,3788.7905042949146,False,2.0238608977578565,,,402.14993728991567,6.8451363258839715,
MPI-33,I,2026-06-14,daily,,False,400.70819600000004,,3547.082,3424.869,294.654,,,,401.54648933110883,476.7085530632717,3790.235209298764,False,0.8382933311087868,,,400.70819600000004,6.855020811437806,
MPI-33,I,2026-06-15,daily,,False,429.11772177161157,,3557.763,3425.142,294.336,,,,400.76420524074945,477.1675585504248,3790.725257302685,False,-28.353516530862123,,,429.11772177161157,6.5479982028787465,
MPI-33,I,2026-06-16,daily,,False,399.4077221993834,,3556.492,3424.614,305.817,,,,427.35745731781583,461.1754190017657,3777.790968594683,False,27.949735118432443,,,399.4077221993834,6.222394668529629,
MPI-33,I,2026-06-17,daily,,False,422.9652214212151,,3537.802,3424.036,287.674,,,,387.04179443257647,485.1065210638501,3796.9841161791837,False,-35.92342698863865,,,422.9652214212151,7.326077496117178,
MPI-33,I,2026-06-18,daily,,False,399.0323034126157,,3547.498,3424.857,307.046,,,,429.6587350170556,459.75388133283883,3776.8034990770207,False,30.626431604439915,,,399.0323034126157,6.463865492722487,
MPI-33,I,2026-06-19,daily,,False,426.58889207507815,,3554.626,3424.746,292.99,,,,398.0937453915739,478.72923261962666,3791.8607347212296,False,-28.49514668350423,,,426.58889207507815,6.673971740521489,
MPI-33,I,2026-06-20,daily,,False,398.9956849631966,,3570.486,3424.413,305.59,,,,426.99167917686816,461.40081405298247,3777.8818471093086,False,27.995994213671565,,,398.9956849631966,5.808616729187821,
MPI-33,I,2026-06-21,daily,,False,395.481986235662,,3573.878,3424.194,289.975,,,,391.9192457245906,482.30914086116167,3794.650309617194,False,-3.5627405110714108,,,395.481986235662,6.1773879695164124,
MPI-33,I,2026-06-22,daily,,False,410.02821031914925,,3559.893,3424.965,290.367,,,,392.4303025315699,482.0144739985511,3794.7131266801816,False,-17.597907787579345,,,410.02821031914925,6.59626923281631,
MPI-33,I,2026-06-23,daily,,False,422.3541903626944,,3552.286,3424.546,297.918,,,,408.4874967964624,472.6055695451664,3786.7548039018175,False,-13.866693566232016,,,422.3541903626944,6.600504686329245,
MPI-33,I,2026-06-24,daily,,False,399.6684064908719,,3566.713,3424.736,299.755,,,,412.2012299410628,470.3879013304631,3785.050182084367,False,12.532823450190904,,,399.6684064908719,6.121523713412502,
MPI-33,I,2026-06-25,daily,,False,394.7078634655529,,3574.681,3424.349,290.14,,,,392.2062642797241,482.1436871308065,3794.5726454618484,False,-2.501599185828809,,,394.7078634655529,6.151364148628891,
MPI-33,I,2026-06-26,daily,,False,394.4017671147876,,3573.44,3424.601,286.499,,,,384.2547433419913,486.69289566406934,3798.59093734841,False,-10.14702377279633,,,394.4017671147876,6.300677704072544,
MPI-33,I,2026-06-27,daily,,False,422.362251616379,,3572.852,3425.106,285.201,,,,381.2077371005,488.41717292271187,3800.308198335647,False,-41.15451451587899,,,422.362251616379,6.366236226287758,
MPI-33,I,2026-06-28,daily,,False,400.2715385818564,,3571.446,3424.992,305.56,,,,426.70655326921894,461.5764055794768,3778.2529267231394,False,26.435014687362525,,,400.2715385818564,5.79056569028733,
MPI-33,I,2026-06-29,daily,,False,401.68848777895846,,3575.066,3424.72,293.475,,,,399.12831967246706,478.12517580089326,3791.3474019653954,False,-2.5601681064914033,,,401.68848777895846,6.049717738508753,
MPI-33,I,2026-06-30,daily,,False,403.13666473072846,,3573.814,3424.898,295.89,,,,404.12329601142545,475.19171114686435,3789.0008144067842,False,0.9866312806969972,,,403.13666473072846,6.021209117396276,
MPI-33,I,2026-07-01,daily,,False,429.106173240938,,3571.089,3425.988,297.261,,,,406.52892344713183,473.768849535029,3788.284108441803,False,-22.577249793806175,,,429.106173240938,6.082041316858877,
MPI-33,I,2026-07-02,daily,,False,406.7143149789032,,3575.4402,3426.602,312.301,,,,439.1533229395691,453.82551940458796,3773.0531696608627,False,32.43900796066589,,,406.7143149789032,5.526954965177788,
MPI-33,I,2026-07-03,daily,,False,405.2864750260141,,3575.6777,3422.41,298.964,,,,411.5321549806059,470.78859480250674,3784.4234030668736,False,6.245679954591822,,,405.2864750260141,5.837933968905351,
MPI-33,I,2026-07-04,daily,,False,404.7696546402503,,3574.3921,3424.507,300.27,,,,413.15526149642244,469.8156774311324,3784.5001798544204,False,8.38560685617216,,,404.7696546402503,5.878148618737722,
MPI-33,I,2026-07-05,daily,,False,423.1095528421058,,3571.731,3425.621,299.393,,,,411.09043425855214,471.0528533541427,3785.9428481944515,False,-12.019118583553677,,,423.1095528421058,5.997423887589837,
MPI-33,I,2026-07-06,daily,,False,499.01795037220836,,3576.063,3424.94,312.275,,,,439.75378528117324,453.4471631810107,3772.092685517659,False,-59.264165091035125,,,499.01795037220836,5.481717898081184,
MPI-33,I,2026-07-07,daily,,False,409.4916596398304,,3530.221,3299.229,293.281,,,,452.7643914595422,445.1488323170444,3714.1882179138815,False,43.272731819711794,,,409.4916596398304,5.211209664037497,
MPI-33,I,2026-07-08,daily,,False,405.98554539614565,,3581.673,3425.284,301.004,,,,415.771884218638,468.2409500341101,3783.5662023672403,False,9.786338822492326,,,405.98554539614565,5.636840726868164,
MPI-33,I,2026-07-09,daily,,False,429.302342060086,,3582.215,3425.324,299.385,,,,411.19654041584346,470.9893957122626,3785.771048919009,False,-18.105801644242547,,,429.302342060086,5.682407363014463,
MPI-33,I,2026-07-10,daily,,False,431.3465582822085,,3586.104,3424.39,307.971,,,,431.6366829265702,458.52727873706107,3775.6803923822754,False,0.29012464436169694,,,431.3465582822085,5.286416467070554,
MPI-33,I,2026-07-11,daily,,False,421.93447303609327,,3580.24,3424.192,300.463,,,,413.6813540378657,469.4996886790427,3784.1201751730573,False,-8.253118998227592,,,421.93447303609327,5.69459519956923,
MPI-33,I,2026-07-12,daily,,False,420.3325764640886,,3574.521,3424.669,305.021,,,,425.77758231765506,462.1478632751943,3778.5605741268787,False,5.4450058535664425,,,420.3325764640886,5.708165489218797,
MPI-33,I,2026-07-13,daily,,False,398.3503713402057,,3574.282,3423.432,303.966,,,,424.1945080440043,463.11944242325535,3778.8055753195736,False,25.844136703798597,,,398.3503713402057,5.722088389208624,
MPI-33,I,2026-07-14,daily,,False,396.5436600823045,,3580.96,3425.1,289.185,,,,389.84223269081383,483.5036692593121,3796.0373885697063,False,-6.701427391490654,,,396.5436600823045,6.00613769965892,
MPI-33,I,2026-07-15,daily,,False,410.9092945378151,,3582.967,3424.735,288.321,,,,388.13939924204385,484.4793567116043,3796.726854809865,False,-22.76989529577122,,,410.9092945378151,5.966001216585726,
MPI-33,I,2026-07-16,daily,,False,416.3912827548804,,3574.771,3425.121,293.582,,,,399.1856909968654,478.0916429481235,3791.48256430335,False,-17.205591758015032,,,416.3912827548804,6.062250261718849,
MPI-33,I,2026-07-17,daily,,False,394.8622984504132,,3576.759,3424.918,293.834,,,,399.8018042241032,477.73129725703103,3791.1009446055155,False,4.939505773689973,,,394.8622984504132,5.99263032833679,
MPI-33,I,2026-07-18,daily,,False,393.01084412070776,,3574.618,3425.171,287.52,,,,386.22407031440343,485.57287682178793,3797.848357723159,False,-6.786773806304325,,,393.01084412070776,6.244873094779901,
MPI-33,I,2026-07-19,daily,,False,418.07524329004343,,3572.226,3424.672,286.194,,,,383.56112743115114,487.08633154112215,3798.963427012535,False,-34.514115858892296,,,418.07524329004343,6.347230746669852,
MPI-33,I,2026-07-20,daily,,False,396.53021026178067,,3578.377,3424.629,301.569,,,,419.0326365450977,466.26772639416754,3781.7451374291436,False,22.50242628331705,,,396.53021026178067,5.683250742701063,
MPI-33,I,2026-07-21,daily,,False,395.2458417879421,,3580.503,3424.853,287.964,,,,387.3192334632446,484.9481229837242,3797.178912048378,False,-7.926608324697497,,,395.2458417879421,6.0515495182765555,
MPI-33,I,2026-07-22,daily,,False,409.7320524301964,,3573.278,3424.742,289.503,,,,390.6764167345717,483.0245015290988,3795.4823780828124,False,-19.055635695624687,,,409.7320524301964,6.218502397037473,
MPI-33,I,2026-07-23,daily,,False,418.0312173866094,,3576.782,3424.598,295.936,,,,404.34447445157485,475.06116375233415,3788.7719620895778,False,-13.686742935034545,,,418.0312173866094,5.926834850141205,
MPI-33,I,2026-07-24,daily,,False,552.8945909090909,,3568.423,3424.027,296.824,,,,406.4341993709239,473.8250000956823,3787.531724765761,False,-146.46039153816696,,,552.8945909090909,6.140211649957439,
MPI-33,I,2026-07-26,daily,,False,421.1443721649482,,1990.831,3427.0,245.2,,,,279.8855348854083,539.7686378731936,3871.6868663751857,True,-141.25883727953993,,,421.1443721649482,94.47591816558945,
MPI-33,I,2026-07-27,daily,,False,406.44336953290866,,3546.752,3425.067,298.588,,,,409.6577776890697,471.90841727446366,3786.4046534359168,False,3.214408156161028,,,406.44336953290866,6.756961113602444,
MPI-33,I,2026-07-28,daily,,False,410.6362833690988,,3542.714,3424.242,289.38,,,,390.6250492752835,483.0540305240429,3795.3045448067533,False,-20.01123409381529,,,410.6362833690988,7.1298598985623185,
MPI-33,I,2026-07-29,daily,,False,435.57103776371287,,3535.487,3424.621,295.094,,,,402.5730522060898,476.10516580165,3789.637445975534,False,-32.99798555762305,,,435.57103776371287,7.1885555222104935,
MPI-33,I,2026-07-30,daily,,False,404.1172385193133,,3530.89,3423.706,302.082,,,,420.3965959101172,465.43876438495874,3780.7200265953597,False,16.27935739080391,,,404.1172385193133,7.075553942359014,
MPI-33,I,2026-07-31,daily,,False,435.9454149784483,,3530.541,3420.587,289.823,,,,393.121337989149,481.6155642214095,3792.5960886962407,False,-42.82407698929927,,,435.9454149784483,7.422519344662493,
MPI-33,I,2026-08-01,daily,,False,400.66551602094233,,3528.248,3417.15,301.519,,,,421.8486982290882,464.55391776291583,3777.355356034348,False,21.183182208145865,,,400.66551602094233,7.060369793573118,
MPI-33,I,2026-08-02,daily,,False,406.25597201946476,,3524.658,3418.493,274.713,,,,358.7771900376454,500.7869594204143,3809.017855960944,False,-47.47878198181934,,,406.25597201946476,8.067729009763337,
MPI-33,I,2026-08-03,daily,,False,591.509625,,2979.301,1528.0,245.978,,,,,,,,,,,591.509625,,ValueError: well cannot lift at max suction pressure
MPI-33,I,2026-08-10,daily,,True,507.0887993122423,,3084.866,2676.386,258.438,,,,641.4945509931849,303.2220255135928,3352.1770436926054,False,134.40575168094261,,,507.0887993122423,8.665240036118437,
MPI-33,I,2026-08-11,daily,,True,449.19201047381546,,3446.723,3370.272,313.156,,,,464.7793470745118,437.3153381082813,3737.975894274338,False,15.587336600696347,,,449.19201047381546,8.450139285180104,
MPI-33,I,2026-08-12,daily,,True,435.57336418835195,,3520.223,3422.419,318.289,,,,453.39476424804985,444.7419050463529,3764.6999908089206,False,17.821400059697908,,,435.57336418835195,6.94492908003046,
MPI-33,I,2026-08-13,daily,,True,421.9438384517768,,3516.299,3422.789,306.46,,,,429.3274683559636,459.95887968887223,3776.1155681581763,False,7.383629904186819,,,421.9438384517768,7.3889213675565335,
MPI-33,I,2026-08-14,daily,,True,417.91187602484456,,3528.449,3422.448,298.872,,,,411.32678593316984,470.9114839064165,3784.5373434396915,False,-6.585090091674715,,,417.91187602484456,7.257816208756074,
MPI-33,I,2026-08-15,daily,,True,413.572214778325,,3531.734,3423.032,299.661,,,,412.7107188544269,470.082440343456,3784.1121268328798,False,-0.8614959238981328,,,413.572214778325,7.146011756063175,
MPI-33,I,2026-08-16,daily,,True,418.7877335000004,,3538.756,3423.409,295.045,,,,402.97648978255023,475.8677090017594,3788.949283474035,False,-15.811243717450168,,,418.7877335000004,7.070091395790934,
MPI-33,I,2026-08-17,daily,,True,449.7430662849877,,3546.398,3422.943,299.467,,,,412.34822190330044,470.2998033530375,3784.249469683867,False,-37.39484438168728,,,449.7430662849877,6.706846487164353,
MPI-33,I,2026-08-18,daily,,True,421.578962051282,,3525.6,3422.348,311.439,,,,439.1525729661781,453.825991713714,3771.3147660408226,False,17.573610914896108,,,421.578962051282,6.969445372158578,
MPI-33,I,2026-08-19,daily,,True,417.1220993662865,,3526.781,3421.803,297.323,,,,408.3916494086201,472.6625984461962,3785.684129456321,False,-8.730449957666394,,,417.1220993662865,7.341060572128555,
MPI-33,I,2026-08-20,daily,,True,453.1113452729694,,3524.929,3421.595,296.226,,,,406.1997143354584,473.9639544949475,3786.654825733017,False,-46.911630937511006,,,453.1113452729694,7.424995673189927,
MPI-33,I,2026-08-21,daily,,True,427.06868575129477,,3529.323,3422.059,313.13,,,,442.5340668348287,451.6899644872589,3769.6136320606397,False,15.465381083533941,,,427.06868575129477,6.808405806457496,
MPI-33,I,2026-08-22,daily,,True,427.14501666666587,,3531.649,3422.602,300.254,,,,413.90623208594127,469.36452381879303,3783.364830239834,False,-13.238784580724598,,,427.14501666666587,7.127430564017945,
MPI-33,I,2026-08-23,daily,,True,454.71586097883625,,3532.465,3421.635,304.788,,,,426.5072526553246,461.6990879305904,3776.9771614256547,False,-28.20860832351167,,,454.71586097883625,6.921856590954323,
MPI-33,I,2026-08-24,daily,,True,426.218432628798,,3533.818,3422.358,315.676,,,,448.25101893429377,448.04922786169516,3767.0676797000065,False,22.032586305495784,,,426.218432628798,6.600500639818074,
MPI-33,I,2026-08-25,daily,,True,426.4347821428571,,3544.947,3422.067,301.296,,,,419.494636368313,465.9871765600159,3780.4807073973025,False,-6.940145774544078,,,426.4347821428571,6.644209557922931,
MPI-33,I,2026-08-26,daily,,True,450.8686630463578,,3543.248,3422.407,303.122,,,,422.9408094885823,463.8868608743324,3778.9818886494763,False,-27.927853557775506,,,450.8686630463578,6.653045133997848,
MPI-33,I,2026-08-27,daily,,True,430.19557986928055,,3529.032,3421.771,314.348,,,,445.8593695230579,449.57680795996436,3767.942541062002,False,15.663789653777371,,,430.19557986928055,6.769860433739394,
MPI-33,I,2026-08-28,daily,,True,428.63673555276387,,3523.068,3421.328,302.743,,,,422.6192157210121,464.0834292375919,3778.694300877168,False,-6.01751983175177,,,428.63673555276387,7.255786742610937,
MPI-33,I,2026-08-29,daily,,True,428.2844804627247,,3526.027,3422.164,308.892,,,,434.2942855215986,456.872222291945,3773.5203065241244,False,6.009805058873951,,,428.2844804627247,7.019041729519504,
MPI-33,I,2026-08-30,daily,,True,422.20749192546606,,3529.755,3421.754,308.687,,,,434.05667104605317,457.02052528020727,3773.464544378862,False,11.84917912058711,,,422.20749192546606,6.904432301359775,
MPI-33,I,2026-08-31,daily,,True,423.1915171855543,,3536.21,3422.572,309.022,,,,434.38716893257066,456.81423333182937,3773.6433255084794,False,11.19565174701637,,,423.1915171855543,6.714344609298628,
MPI-33,I,2026-09-01,daily,,True,422.8026829974809,,3525.086,3422.306,309.722,,,,435.8469021198955,455.901609971075,3772.84859157885,False,13.044219122414631,,,422.8026829974809,7.0285545254456405,
MPI-33,I,2026-09-02,daily,,True,422.46110089171987,,3525.659,3421.907,309.338,,,,435.2603632327058,456.2686032609511,3772.961125566524,False,12.799262340985933,,,422.46110089171987,7.014351801082408,
MPI-33,I,2026-09-03,daily,,True,421.3195172715895,,3527.104,3422.103,309.807,,,,436.0908037342823,455.7488877804164,3772.6510707247908,False,14.771286462692785,,,421.3195172715895,6.961719039891956,
MPI-33,I,2026-09-04,daily,,True,420.1051327806121,,3528.667,3422.912,302.905,,,,422.31851346063513,464.26712212211606,3779.4832120298884,False,2.213380680023022,,,420.1051327806121,7.1079592387121915,
MPI-33,I,2026-09-05,daily,,True,452.01807766367125,,3530.368,3422.971,307.879,,,,432.0123507152724,458.29381200521965,3774.923947788517,False,-20.00572694839883,,,452.01807766367125,6.927208375685412,
MPI-33,I,2026-09-06,daily,,True,449.87238322411554,,3527.818,3422.458,320.386,,,,457.5150491187431,442.071039749081,3762.8045612793435,False,7.642665894627555,,,449.87238322411554,6.660960437282859,
MPI-33,I,2026-09-07,daily,,True,454.85504960106397,,3530.568,3421.764,321.333,,,,459.6656951641257,440.66930640675815,3761.524125472706,False,4.810645563061712,,,454.85504960106397,6.541613855694206,
MPI-36,I,2026-08-21,test,-3611106,True,652.51,534.8421,4790.215,3372.805,365.338,0.8088865476832516,186.39332991924158,2798.5581,656.5260763901446,541.2197791713821,4843.408335171693,False,4.016076390144576,6.377679171382169,1.192441502152164,,1.1104581980494022,
MPI-36,I,2026-08-28,test,-3615373,True,641.92,581.0733,4806.722,3372.721,365.958,0.7919263126763949,178.13174344785762,2792.6323,656.9069737002274,540.797908854463,4842.8160999158135,False,14.986973700227395,-40.275391145537014,-6.9312066387385185,,0.7509088296725697,
MPI-36,I,2026-09-04,test,-3619242,True,636.76,746.3755,4806.855,3374.642,372.55,0.735356788096054,159.43703939906925,2820.3085,660.3591919977952,536.9650335306176,4838.912978943922,False,23.599191997795174,-209.4104664693824,-28.056985588270567,,0.666922113188817,
MPI-36,I,2026-09-07,test,-3621220,True,635.71,655.2805,4815.379,3373.513,373.047,0.765384837781147,147.34331328339542,2793.0015,660.8823724413635,536.3827026835952,4837.593209586295,False,25.17237244136345,-118.89779731640476,-18.144565162003868,,0.4613179894312758,
MPI-36,I,2026-08-10,daily,,True,733.4990228762805,,3342.056,2608.668,282.944,,,,765.234812925406,412.5383199310359,4286.818866170197,False,31.735790049125512,,,733.4990228762805,28.26891189645526,
MPI-36,I,2026-08-11,daily,,True,704.9035170236733,,4655.421,3372.657,329.642,,,,633.8498968515148,565.967653998701,4880.5999620684015,False,-71.0536201721585,,,704.9035170236733,4.836919412194973,
MPI-36,I,2026-08-12,daily,,True,689.8567487492885,,4667.641,3372.455,326.332,,,,631.8054991149195,568.1632978776626,4884.666701541172,False,-58.051249634369015,,,689.8567487492885,4.649579981433294,
MPI-36,I,2026-08-13,daily,,True,677.790177641656,,3182.3,2680.03,247.013,,,,729.6891978259742,456.44292990787744,4370.45884354213,False,51.89902018431826,,,677.790177641656,37.33648127273135,
MPI-36,I,2026-08-14,daily,,True,674.3738026091916,,4804.393,3373.24,315.965,,,,624.8590067295949,575.5797896324455,4902.229658843278,False,-49.514795879596704,,,674.3738026091916,2.0363999956556134,
MPI-36,I,2026-08-15,daily,,True,670.1087791466534,,4808.708,3373.005,330.512,,,,634.3186592936107,565.4633839278723,4879.856334445886,False,-35.79011985304271,,,670.1087791466534,1.4795727760114952,
MPI-36,I,2026-08-16,daily,,True,666.2650353837456,,4808.515,3372.637,310.397,,,,620.9216933768646,579.7533747120551,4919.481813253363,False,-45.34334200688102,,,666.2650353837456,2.3077148195100206,
MPI-36,I,2026-08-17,daily,,True,662.7853232458687,,4809.605,3372.648,314.474,,,,623.977883344986,576.5156809522801,4904.755685422981,False,-38.80743990088263,,,662.7853232458687,1.978347191151486,
MPI-36,I,2026-08-18,daily,,True,660.0202528956393,,4790.259,3372.916,330.542,,,,634.3570576627947,565.4220632836556,4879.735348528651,False,-25.6631952328446,,,660.0202528956393,1.86788122580952,
MPI-36,I,2026-08-19,daily,,True,657.3582871278729,,4780.846,3373.024,314.661,,,,624.0163460855554,576.4748502711589,4904.818968514126,False,-33.34194104231756,,,657.3582871278729,2.5931177978568254,
MPI-36,I,2026-08-20,daily,,True,655.0398527169249,,4782.826,3372.945,313.16,,,,622.9806947112323,577.5735349932991,4908.517662240227,False,-32.05915800569255,,,655.0398527169249,2.6279789864867897,
MPI-36,I,2026-08-21,daily,,True,652.5076261843946,,4790.215,3372.805,330.373,,,,634.2756685574898,565.5096439773121,4879.8374199175205,False,-18.231957626904773,,,652.5076261843946,1.870947753232799,
MPI-36,I,2026-08-22,daily,,True,650.4062892006781,,4803.793,3372.424,316.667,,,,625.5267540878317,574.8698100330702,4899.824672504938,False,-24.879535112846384,,,650.4062892006781,1.9990801540561431,
MPI-36,I,2026-08-23,daily,,True,648.4386163564546,,4802.284,3372.23,321.437,,,,628.7167118785587,571.4694493153531,4891.432779359138,False,-19.72190447789592,,,648.4386163564546,1.8563829077817617,
MPI-36,I,2026-08-24,daily,,True,646.855971188854,,4797.534,3372.3,333.495,,,,636.3331270100913,563.2928083159753,4875.645173143213,False,-10.522844178762739,,,646.855971188854,1.62815257053337,
MPI-36,I,2026-08-25,daily,,True,645.6124102115637,,4803.795,3371.914,318.749,,,,627.0313434944701,573.2677637874335,4895.449016908271,False,-18.581066717093563,,,645.6124102115637,1.9079502124522474,
MPI-36,I,2026-08-26,daily,,True,644.1249002259252,,4802.575,3372.005,319.667,,,,627.613859294941,572.646661945549,4894.008114742461,False,-16.511040930984223,,,644.1249002259252,1.9038352288607951,
MPI-36,I,2026-08-27,daily,,True,643.0095898324356,,4805.288,3372.639,320.594,,,,628.0749484025404,572.1546918489959,4893.190369699279,False,-14.934641429895237,,,643.0095898324356,1.8292841074099897,
MPI-36,I,2026-08-28,daily,,True,641.9226115576438,,4806.722,3372.721,329.466,,,,633.7252377987837,566.1017036685994,4880.8803383692075,False,-8.197373758860067,,,641.9226115576438,1.542804813118126,
MPI-36,I,2026-08-29,daily,,True,640.9983076305246,,4810.567,3372.82,325.412,,,,631.1387585924911,568.8780935779486,4886.273286864757,False,-9.859549038033492,,,640.9983076305246,1.5737497651473698,
MPI-36,I,2026-08-30,daily,,True,640.0929487312574,,4805.761,3373.357,324.889,,,,630.6845816756596,569.3646472904136,4887.534960119414,False,-9.40836705559775,,,640.0929487312574,1.7015819163585855,
MPI-36,I,2026-08-31,daily,,True,639.160457866438,,4811.41,3373.452,325.258,,,,630.8989815618213,569.1349996747498,4887.116751468215,False,-8.261476304616735,,,639.160457866438,1.5734836870733293,
MPI-36,I,2026-09-01,daily,,True,638.6142516927447,,4811.535,3373.223,325.941,,,,631.3855315988918,568.6136073200993,4885.951955275037,False,-7.228720093852871,,,638.6142516927447,1.5466364741197447,
MPI-36,I,2026-09-02,daily,,True,637.75359422587,,4809.065,3373.282,325.727,,,,631.2360940968135,568.773781602377,4886.301994827018,False,-6.51750012905643,,,637.75359422587,1.6060709270308893,
MPI-36,I,2026-09-03,daily,,True,637.3591088293387,,4807.787,3373.317,325.84,,,,631.3002278087944,568.7050438599431,4886.182620163402,False,-6.058881020544277,,,637.3591088293387,1.6305967831645285,
MPI-36,I,2026-09-04,daily,,True,636.7595241643072,,4806.855,3374.642,337.146,,,,638.0804743022996,561.4054320650082,4873.652106399238,False,1.3209501379924404,,,636.7595241643072,1.389621829641996,
MPI-36,I,2026-09-05,daily,,True,636.586026477276,,4807.108,3373.474,323.832,,,,629.980988771465,570.1178243613444,4889.154633233338,False,-6.605037705811014,,,636.586026477276,1.70677740615226,
MPI-36,I,2026-09-06,daily,,True,635.9406593369247,,4810.656,3373.543,331.939,,,,635.0923720103793,564.6303885000387,4878.634210170903,False,-0.8482873265453463,,,635.9406593369247,1.4130756838756087,
MPI-36,I,2026-09-07,daily,,True,635.7057506448834,,4815.379,3373.513,342.042,,,,641.3243101950696,557.8902591836129,4867.395136299513,False,5.618559550186205,,,635.7057506448834,1.0802085630126523,
MPJ-27,J,2026-07-05,test,-3577892,False,446.85,349.4232,2120.0996,2656.778,343.661,0.4541302211344433,432.4326490055612,640.1219,510.13027704122084,132.76490801792212,2170.360045024898,True,63.28027704122081,-216.65829198207788,-62.00455264048805,,2.3706643322275234,
MPJ-27,J,2026-07-07,test,-3579065,False,451.77,167.5723,2137.137,2638.279,336.458,0.7190398561568191,922.3421770781925,596.4273,510.13027704122084,132.76490801792212,2165.24641991313,True,58.360277041220854,-34.80739198207789,-20.77156665038189,,1.315283948250845,
MPJ-27,J,2026-07-10,test,-3581156,False,453.14,119.6343,2098.006,2553.423,331.904,0.7804880062649403,1281.0548479825602,545.0012,510.13027704122084,132.76490801792212,2141.629855051433,True,56.99027704122085,13.130608017922128,10.975621554957172,,2.0793007766151783,
MPJ-27,J,2026-08-21,test,-3611787,False,504.14,138.8185,2669.681,2488.165,337.584,0.0,583.9913268044245,138.8185,510.13027704122084,132.76490801792212,2123.284927105722,True,5.99027704122085,-6.053591982077876,-4.360796278650092,,-20.466717667551958,
MPJ-27,J,2026-08-29,test,-3615848,False,491.1,170.0276,2760.403,2588.032,343.045,0.0,398.99051683373756,170.0276,510.13027704122084,132.76490801792212,2151.294025111327,True,19.030277041220813,-37.26269198207788,-21.915672503804018,,-22.06594380924354,
MPJ-27,J,2026-06-27,daily,,False,587.9264670658682,,956.727,2582.0,306.423,,,,510.13027704122084,132.76490801792212,2149.612854793049,True,-77.79619002464739,,,587.9264670658682,124.68403784915121,
MPJ-27,J,2026-06-28,daily,,False,540.4276285046724,,2010.082,2567.418,332.898,,,,510.13027704122084,132.76490801792212,2145.5431607895757,True,-30.297351463451548,,,540.4276285046724,6.7390863054132,
MPJ-27,J,2026-06-29,daily,,False,475.712170860152,,2062.81,2659.088,335.687,,,,510.13027704122084,132.76490801792212,2170.9977261955764,True,34.41810618106882,,,475.712170860152,5.24467722163342,
MPJ-27,J,2026-06-30,daily,,False,465.6579093432015,,2104.85,2670.795,336.741,,,,510.13027704122084,132.76490801792212,2174.22653001325,True,44.472367698019355,,,465.6579093432015,3.296032021913664,
MPJ-27,J,2026-07-01,daily,,False,451.9146794487709,,2113.229,2670.987,335.145,,,,510.13027704122084,132.76490801792212,2174.279442940749,True,58.21559759244991,,,451.9146794487709,2.8889648467226747,
MPJ-27,J,2026-07-02,daily,,False,452.2443718228034,,2106.885,2688.004,341.604,,,,510.13027704122084,132.76490801792212,2178.9639046437565,True,57.88590521841746,,,452.2443718228034,3.4211124310893126,
MPJ-27,J,2026-07-03,daily,,False,452.60825852782784,,2121.7073,2691.212,338.611,,,,510.13027704122084,132.76490801792212,2179.8458530198923,True,57.52201851339299,,,452.60825852782784,2.740177828482393,
MPJ-27,J,2026-07-04,daily,,False,448.7938120256855,,2130.8774,2673.774,338.124,,,,510.13027704122084,132.76490801792212,2175.0473588354766,True,61.33646501553534,,,448.7938120256855,2.072853127799701,
MPJ-27,J,2026-07-05,daily,,False,446.8491764705881,,2120.0996,2656.778,339.217,,,,510.13027704122084,132.76490801792212,2170.360045024898,True,63.28110057063276,,,446.8491764705881,2.3706643322275234,
MPJ-27,J,2026-07-06,daily,,False,445.0699535962876,,2128.5532,2631.929,336.069,,,,510.13027704122084,132.76490801792212,2163.488256945704,True,65.06032344493326,,,445.0699535962876,1.6412583413796922,
MPJ-27,J,2026-07-07,daily,,False,451.76553094832593,,2137.137,2638.279,336.79,,,,510.13027704122084,132.76490801792212,2165.24641991313,True,58.364746092894904,,,451.76553094832593,1.315283948250845,
MPJ-27,J,2026-07-08,daily,,False,455.21346263548196,,2098.835,2565.353,342.29,,,,510.13027704122084,132.76490801792212,2144.9662011191367,True,54.916814405738876,,,455.21346263548196,2.197943197971086,
MPJ-27,J,2026-07-09,daily,,False,453.1978869217579,,2092.59,2541.626,339.588,,,,510.13027704122084,132.76490801792212,2138.325469353271,True,56.93239011946292,,,453.1978869217579,2.18559150876525,
MPJ-27,J,2026-07-10,daily,,False,453.1378394332946,,2098.006,2553.423,330.809,,,,510.13027704122084,132.76490801792212,2141.629855051433,True,56.99243760792626,,,453.1378394332946,2.0793007766151783,
MPJ-27,J,2026-07-11,daily,,False,455.04947674418617,,2095.708,2546.302,333.133,,,,510.13027704122084,132.76490801792212,2139.635859427801,True,55.08080029703467,,,455.04947674418617,2.096086832125499,
MPJ-27,J,2026-07-12,daily,,False,457.6394399066504,,2083.653,2546.162,336.479,,,,510.13027704122084,132.76490801792212,2139.5966381086187,True,52.49083713457043,,,457.6394399066504,2.684882660818233,
MPJ-27,J,2026-07-13,daily,,False,452.47397812320094,,2093.428,2558.641,334.133,,,,510.13027704122084,132.76490801792212,2143.089775421911,True,57.6562989180199,,,452.47397812320094,2.3722705257554155,
MPJ-27,J,2026-07-14,daily,,False,455.87785388127895,,2087.981,2546.783,328.428,,,,510.13027704122084,132.76490801792212,2139.7706070730574,True,54.252423159941884,,,455.87785388127895,2.4803677367302157,
MPJ-27,J,2026-07-15,daily,,False,461.0436467236463,,2087.428,2519.085,330.069,,,,510.13027704122084,132.76490801792212,2131.997084765096,True,49.08663031757453,,,461.0436467236463,2.135119619220216,
MPJ-27,J,2026-07-16,daily,,False,454.9412643678158,,2074.282,2498.174,328.266,,,,510.13027704122084,132.76490801792212,2126.109102484907,True,55.189012673405045,,,454.9412643678158,2.4985562466871336,
MPJ-27,J,2026-07-17,daily,,False,463.5051026757935,,2074.478,2511.357,326.708,,,,510.13027704122084,132.76490801792212,2129.8230236957934,True,46.62517436542731,,,463.5051026757935,2.6679012115719436,
MPJ-27,J,2026-07-18,daily,,False,465.0437461107657,,2093.728,2572.992,328.012,,,,510.13027704122084,132.76490801792212,2147.0997412365778,True,45.086530930455126,,,465.0437461107657,2.5491248737456784,
MPJ-27,J,2026-07-19,daily,,False,463.9633785450062,,2101.048,2586.559,325.861,,,,510.13027704122084,132.76490801792212,2150.883611351212,True,46.16689849621463,,,463.9633785450062,2.371940638729453,
MPJ-27,J,2026-07-20,daily,,False,461.05218476903906,,2098.706,2564.805,326.448,,,,510.13027704122084,132.76490801792212,2144.8130636238934,True,49.07809227218178,,,461.05218476903906,2.1969281845048094,
MPJ-27,J,2026-07-21,daily,,False,459.7094849246231,,2098.974,2584.175,330.107,,,,510.13027704122084,132.76490801792212,2150.2192009866744,True,50.42079211659774,,,459.7094849246231,2.4414404840972015,
MPJ-27,J,2026-07-22,daily,,False,455.93654916512054,,2108.342,2595.187,328.946,,,,510.13027704122084,132.76490801792212,2153.2864446585754,True,54.1937278761003,,,455.93654916512054,2.1317435529233597,
MPJ-27,J,2026-07-23,daily,,False,456.2819562575946,,2111.409,2605.317,330.039,,,,510.13027704122084,132.76490801792212,2156.104078314384,True,53.848320783626264,,,456.2819562575946,2.1168365917917376,
MPJ-27,J,2026-07-24,daily,,False,457.96549636803894,,2111.7,2613.689,333.028,,,,510.13027704122084,132.76490801792212,2158.429889364949,True,52.164780673181895,,,457.96549636803894,2.212903791492593,
MPJ-27,J,2026-07-25,daily,,False,454.733483652762,,2091.934,2559.179,283.746,,,,510.13027704122084,132.76490801792212,2143.2402421544357,True,55.39679338845883,,,454.733483652762,2.452574610596492,
MPJ-27,J,2026-07-26,daily,,False,452.5415194346287,,2130.332,2650.16,289.823,,,,510.13027704122084,132.76490801792212,2168.532067686477,True,57.58875760659214,,,452.5415194346287,1.7931509119929245,
MPJ-27,J,2026-07-27,daily,,False,448.6102608695652,,2109.377,2620.11,325.909,,,,510.13027704122084,132.76490801792212,2160.211960867502,True,61.52001617165564,,,448.6102608695652,2.409951415394307,
MPJ-27,J,2026-07-28,daily,,False,446.1993537015275,,2122.587,2654.299,332.363,,,,510.13027704122084,132.76490801792212,2169.6754976777383,True,63.93092333969332,,,446.1993537015275,2.2184484159065487,
MPJ-27,J,2026-07-29,daily,,False,445.86254437869815,,2135.063,2677.581,335.06,,,,510.13027704122084,132.76490801792212,2176.0958723050303,True,64.26773266252269,,,445.86254437869815,1.9218576831236511,
MPJ-27,J,2026-07-30,daily,,False,445.4974654377875,,2125.743,2663.1,331.393,,,,510.13027704122084,132.76490801792212,2172.1047934236076,True,64.63281160343331,,,445.4974654377875,2.18096888587227,
MPJ-27,J,2026-07-31,daily,,False,442.18513119533566,,2123.42,2647.124,334.302,,,,510.13027704122084,132.76490801792212,2167.6929574463234,True,67.94514584588518,,,442.18513119533566,2.0849835381753667,
MPJ-27,J,2026-08-01,daily,,False,449.84929824561414,,2121.429,2649.583,329.671,,,,510.13027704122084,132.76490801792212,2168.3726180881636,True,60.2809787956067,,,449.84929824561414,2.212830035233959,
MPJ-27,J,2026-08-02,daily,,False,499.4234225621418,,2127.722,2631.245,319.865,,,,510.13027704122084,132.76490801792212,2163.298786512851,True,10.706854479079027,,,499.4234225621418,1.6720599078662968,
MPJ-27,J,2026-08-10,daily,,False,620.4523926380374,,1187.836,2386.758,308.391,,,,510.13027704122084,132.76490801792212,2094.452062420114,True,-110.32211559681656,,,620.4523926380374,76.3250198192439,
MPJ-27,J,2026-08-11,daily,,False,598.4530759951747,,2028.901,2534.383,347.295,,,,510.13027704122084,132.76490801792212,2136.294087393998,True,-88.32279895395385,,,598.4530759951747,5.293165481903639,
MPJ-27,J,2026-08-12,daily,,False,555.2309246785059,,2032.611,2487.253,347.176,,,,510.13027704122084,132.76490801792212,2123.0274030084374,True,-45.10064763728502,,,555.2309246785059,4.448288580964932,
MPJ-27,J,2026-08-13,daily,,False,524.6372972972973,,2022.08,2421.205,337.123,,,,510.13027704122084,132.76490801792212,2104.2915913307106,True,-14.507020256076487,,,524.6372972972973,4.065694301447564,
MPJ-27,J,2026-08-14,daily,,False,507.51178571428596,,2051.801,2477.906,331.242,,,,510.13027704122084,132.76490801792212,2120.3862204772295,True,2.6184913269348726,,,507.51178571428596,3.342683841036709,
MPJ-27,J,2026-08-15,daily,,False,495.0066100667063,,2071.229,2503.189,334.566,,,,510.13027704122084,132.76490801792212,2127.522711800733,True,15.123666974514549,,,495.0066100667063,2.717889320820288,
MPJ-27,J,2026-08-16,daily,,False,502.7661663539716,,2103.361,2562.021,330.815,,,,510.13027704122084,132.76490801792212,2144.034907683297,True,7.364110687249251,,,502.7661663539716,1.9337578134850597,
MPJ-27,J,2026-08-17,daily,,False,506.91287878787864,,2020.313,2501.39,333.294,,,,510.13027704122084,132.76490801792212,2127.015726918607,True,3.2173982533421963,,,506.91287878787864,5.281494843551804,
MPJ-27,J,2026-08-18,daily,,False,502.9831959416614,,2070.613,2525.589,332.81,,,,510.13027704122084,132.76490801792212,2133.825052049184,True,7.147081099559443,,,502.9831959416614,3.052818274065894,
MPJ-27,J,2026-08-19,daily,,False,500.13807968647916,,2034.707,2516.726,325.444,,,,510.13027704122084,132.76490801792212,2131.333685149863,True,9.992197354741677,,,500.13807968647916,4.748923808187766,
MPJ-27,J,2026-08-20,daily,,False,505.18599096191014,,2178.501,2522.282,328.265,,,,510.13027704122084,132.76490801792212,2132.8958106568466,True,4.9442860793107,,,505.18599096191014,-2.093420629283782,
MPJ-27,J,2026-08-21,daily,,False,504.13561904761895,,2669.681,2488.165,335.532,,,,510.13027704122084,132.76490801792212,2123.284927105722,True,5.994657993601891,,,504.13561904761895,-20.466717667551958,
MPJ-27,J,2026-08-22,daily,,False,498.5834424083773,,2630.369,2496.338,334.78,,,,510.13027704122084,132.76490801792212,2125.591337398359,True,11.546834632843513,,,498.5834424083773,-19.190374529263433,
MPJ-27,J,2026-08-23,daily,,False,511.14947368421,,2667.715,2556.518,337.44,,,,510.13027704122084,132.76490801792212,2142.495913699372,True,-1.0191966429891863,,,511.14947368421,-19.687975900747567,
MPJ-27,J,2026-08-24,daily,,False,501.16693386773534,,2440.307,2483.315,334.638,,,,510.13027704122084,132.76490801792212,2121.9150516733775,True,8.963343173485498,,,501.16693386773534,-13.047208745728401,
MPJ-27,J,2026-08-25,daily,,False,515.8824068018309,,2374.86,2509.029,331.538,,,,510.13027704122084,132.76490801792212,2129.167659873652,True,-5.752129760610103,,,515.8824068018309,-10.345550479874522,
MPJ-27,J,2026-08-26,daily,,False,492.06433121019086,,2600.449,2435.615,333.423,,,,510.13027704122084,132.76490801792212,2108.393782559849,True,18.06594583102998,,,492.06433121019086,-18.921932998499525,
MPJ-27,J,2026-08-27,daily,,False,502.9613273771537,,2669.543,2596.432,336.941,,,,510.13027704122084,132.76490801792212,2153.6329414546003,True,7.168949664067156,,,502.9613273771537,-19.3257819239248,
MPJ-27,J,2026-08-28,daily,,False,491.15447860962587,,2694.337,2547.097,340.726,,,,510.13027704122084,132.76490801792212,2139.858566551742,True,18.975798431594967,,,491.15447860962587,-20.579401665354325,
MPJ-27,J,2026-08-29,daily,,False,491.09866844207704,,2760.403,2588.032,348.281,,,,510.13027704122084,132.76490801792212,2151.294025111327,True,19.031608599143794,,,491.09866844207704,-22.06594380924354,
MPJ-27,J,2026-08-30,daily,,False,484.8750813272611,,2708.594,2594.896,345.439,,,,510.13027704122084,132.76490801792212,2153.205448028142,True,25.255195713959722,,,484.8750813272611,-20.504680729997105,
MPJ-27,J,2026-08-31,daily,,False,482.36574697173626,,2730.914,2614.109,344.07,,,,510.13027704122084,132.76490801792212,2158.5465013257467,True,27.76453006948458,,,482.36574697173626,-20.95882545822584,
MPJ-27,J,2026-09-01,daily,,False,484.451209677419,,2711.679,2629.71,345.269,,,,510.13027704122084,132.76490801792212,2162.8735242448865,True,25.679067363801835,,,484.451209677419,-20.23858560526941,
MPJ-27,J,2026-09-02,daily,,False,482.0501930501934,,2733.981,2617.524,347.083,,,,510.13027704122084,132.76490801792212,2159.4944285202114,True,28.080083991027436,,,482.0501930501934,-21.012822381713292,
MPJ-27,J,2026-09-03,daily,,False,551.8613953488378,,2732.83,2614.232,345.232,,,,510.13027704122084,132.76490801792212,2158.5806507515126,True,-41.73111830761701,,,551.8613953488378,-21.012991999081077,
MPJ-27,J,2026-09-04,daily,,False,492.42850793650746,,2312.726,2613.888,333.022,,,,510.13027704122084,132.76490801792212,2158.4851420258738,True,17.701769104713378,,,492.42850793650746,-6.669223158044934,
MPJ-27,J,2026-09-05,daily,,False,499.37250692520786,,2553.43,2607.757,342.608,,,,510.13027704122084,132.76490801792212,2156.782195444284,True,10.757770116012978,,,499.37250692520786,-15.533921217958435,
MPJ-27,J,2026-09-06,daily,,False,483.46385542168684,,2607.951,2570.156,341.76,,,,510.13027704122084,132.76490801792212,2146.3079116646504,True,26.666421619533992,,,483.46385542168684,-17.70137124260961,
MPJ-27,J,2026-09-07,daily,,False,480.83088749126495,,2696.041,2625.194,345.446,,,,510.13027704122084,132.76490801792212,2161.6218980493823,True,29.29938954995589,,,480.83088749126495,-19.82236553341058,
MPJ-29,J,2026-08-24,test,-3613931,True,460.47,176.0025,1991.601,2270.154,326.432,0.5800600553310739,111.38307694492975,419.1135,800.1260772109039,144.9198434620012,1913.6457761177635,False,339.65607721090385,-31.082656537998787,-17.660349448444645,,-3.9141988722759535,
MPJ-29,J,2026-08-30,test,-3615849,True,419.63,117.2075,2043.84,2385.367,345.99,0.6954085253648432,213.06571678433548,384.8023,789.7549744705997,164.9212493530035,1953.0711007576,False,370.1249744705997,47.71374935300351,40.70878514856431,,-4.441096134844202,
MPJ-29,J,2026-09-02,test,-3618301,True,416.86,200.4085,2049.212,2406.685,350.678,0.5189624912269585,136.9008799526966,416.6172,788.3444386804341,167.62383965951278,1960.1081928945894,False,371.4844386804341,-32.78466034048722,-16.358917082103417,,-4.348198580986773,
MPJ-29,J,2026-08-14,daily,,True,666.3555892405067,,1119.426,1381.195,309.351,,,,,,,,,,,666.3555892405067,,ValueError: well cannot lift at max suction pressure
MPJ-29,J,2026-08-15,daily,,True,1047.0529492134826,,2049.77,2486.641,324.063,,,,762.7811954044465,215.8675123119973,1993.2260192482167,False,-284.2717538090361,,,1047.0529492134826,-2.758552459631236,
MPJ-29,J,2026-08-16,daily,,True,750.5542839999996,,1882.8,2213.584,377.2,,,,832.574061760986,80.85946240598378,1884.6563048547014,False,82.01977776098636,,,750.5542839999996,0.09859277962085411,
MPJ-29,J,2026-08-17,daily,,True,566.8769984375001,,1931.41,2187.458,323.983,,,,813.0494488416003,119.67506626113689,1882.9585084572918,False,246.17245040410023,,,566.8769984375001,-2.5086072632278134,
MPJ-29,J,2026-08-18,daily,,True,506.0233563380281,,1992.793,2301.663,329.157,,,,796.0658524895872,152.77760844511104,1924.9275583075648,False,290.0424961515591,,,506.0233563380281,-3.4055439622898698,
MPJ-29,J,2026-08-19,daily,,True,490.9098938775511,,2006.022,2290.417,311.49,,,,789.8186308527196,164.7991834500278,1923.5757008742157,False,298.9087369751685,,,490.9098938775511,-4.109939927168504,
MPJ-29,J,2026-08-20,daily,,True,501.1593285714286,,2013.633,2297.601,310.486,,,,788.1437099145464,168.00809148776437,1926.404417517386,False,286.98438134311783,,,501.1593285714286,-4.331900722853366,
MPJ-29,J,2026-08-21,daily,,True,471.1675000000002,,1999.221,2269.649,318.153,,,,796.4023932902305,152.12763686260996,1914.7760545949104,False,325.23489329023033,,,471.1675000000002,-4.223892476374025,
MPJ-29,J,2026-08-22,daily,,True,464.46391688311695,,2006.675,2277.207,317.555,,,,794.8503310139017,155.12316988881187,1917.6881820446326,False,330.3864141307848,,,464.46391688311695,-4.434540618454275,
MPJ-29,J,2026-08-23,daily,,True,539.8271439393941,,2024.02,2334.862,321.358,,,,786.9119043357401,170.36423456915824,1938.4342925186043,False,247.08476039634604,,,539.8271439393941,-4.228501076145285,
MPJ-29,J,2026-08-24,daily,,True,460.4677163636363,,1991.601,2270.154,321.632,,,,797.919888620398,149.19385022045137,1914.4088602281106,False,337.4521722567616,,,460.4677163636363,-3.8758837624549014,
MPJ-29,J,2026-08-25,daily,,True,559.3690962962963,,2011.312,2290.418,315.361,,,,791.6095396793775,161.36143792276178,1922.9533440836294,False,232.24044338308113,,,559.3690962962963,-4.393085504206729,
MPJ-29,J,2026-08-26,daily,,True,434.14520563380296,,1984.928,2224.386,317.246,,,,803.6557206888929,138.06033600504156,1897.969607610467,False,369.5105150550899,,,434.14520563380296,-4.38093434066793,
MPJ-29,J,2026-08-27,daily,,True,509.218159090909,,2038.194,2373.474,320.947,,,,780.0639296499058,183.403713009345,1952.7466709093326,False,270.84577055899683,,,509.218159090909,-4.192305987097766,
MPJ-29,J,2026-08-28,daily,,True,434.5964221556886,,2005.809,2328.08,323.557,,,,789.059905649805,166.2535335501745,1935.5839100648818,False,354.4634834941165,,,434.5964221556886,-3.501085593649156,
MPJ-29,J,2026-08-29,daily,,True,455.6060225806452,,2041.61,2380.491,330.061,,,,783.2946324456091,177.26448042881097,1953.7906392084149,False,327.6886098649639,,,455.6060225806452,-4.3014758348355,
MPJ-29,J,2026-08-30,daily,,True,419.6330545454545,,2043.84,2385.367,338.312,,,,786.2577110828042,171.61423023662834,1954.2712609081009,False,366.6246565373497,,,419.6330545454545,-4.3823752882759415,
MPJ-29,J,2026-08-31,daily,,True,412.56124685714286,,2049.168,2404.567,327.175,,,,777.7564511816936,187.7749306143158,1963.097924066229,False,365.19520432455073,,,412.56124685714286,-4.200244974241796,
MPJ-29,J,2026-09-01,daily,,True,433.03857272727276,,2052.549,2419.11,328.821,,,,776.100400521922,190.90510104062747,1968.1201696478715,False,343.0618277946492,,,433.03857272727276,-4.1133649112458865,
MPJ-29,J,2026-09-02,daily,,True,416.86114234234253,,2049.212,2406.685,334.271,,,,780.6577138860936,182.27702833491222,1962.7460366696887,False,363.79657154375104,,,416.86114234234253,-4.219473794332229,
MPJ-29,J,2026-09-03,daily,,True,475.605974796748,,2048.133,2404.572,329.328,,,,778.7437944551976,185.90592774044987,1962.7584595772805,False,303.13781965844964,,,475.605974796748,-4.168408029298842,
MPJ-29,J,2026-09-04,daily,,True,464.76494712643677,,2026.138,2323.713,322.069,,,,789.1072781412639,166.1627643063956,1934.209508064961,False,324.34233101482715,,,464.76494712643677,-4.537128859684724,
MPJ-29,J,2026-09-05,daily,,True,525.5940258426966,,2024.124,2311.72,326.314,,,,793.0713954979949,158.5502547793088,1929.1022358968312,False,267.4773696552983,,,525.5940258426966,-4.694463585391451,
MPJ-29,J,2026-09-06,daily,,True,466.6742948529411,,2006.684,2280.902,330.262,,,,800.0683006675283,145.03190526344238,1917.0428902061612,False,333.3940058145872,,,466.6742948529411,-4.4671263534188155,
MPJ-29,J,2026-09-07,daily,,True,471.2093913793104,,2026.928,2329.424,334.639,,,,793.9161516699791,156.92369017605876,1934.3255652498551,False,322.7067602906687,,,471.2093913793104,-4.568609972833027,
MPL-06,L,2026-07-13,test,-3584174,False,1806.56,721.5224,2184.769,2599.913,569.814,0.38260566207048036,742.7278765011315,1168.6573,1920.142311714677,542.9532855270193,2228.313645354786,False,113.58231171467696,-178.5691144729807,-24.74893564953502,,1.9931006598311374,
MPL-06,L,2026-09-01,test,-3617707,False,1802.99,574.899,2185.986,2578.582,591.028,0.35562839790604084,875.1095409802417,892.1855,1921.2470750179725,541.7155022993057,2220.198032872647,False,118.25707501797251,-33.18349770069426,-5.7720569527333065,,1.5650618472692557,
MPL-06,L,2026-09-02,test,-3621665,False,1661.53,591.8146,2192.094,2611.064,594.901,0.3604234199427767,3674.375556128558,925.3225,1920.142311714677,542.9532855270193,2231.248332933131,False,258.61231171467693,-48.86131447298078,-8.256186054379322,,1.7861612199628008,
MPL-06,L,2026-06-25,daily,,False,2158.03886328725,,2120.268,2629.344,402.318,,,,1919.037548411381,544.190451620816,2238.6470090446014,False,-239.00131487586896,,,2158.03886328725,5.583209718988424,
MPL-06,L,2026-06-26,daily,,False,2082.8709320695107,,2127.316,2622.744,401.399,,,,1919.037548411381,544.190451620816,2236.9164596255328,False,-163.8333836581296,,,2082.8709320695107,5.152053556008274,
MPL-06,L,2026-06-27,daily,,False,2048.8996870109545,,2158.814,2631.401,402.326,,,,1919.037548411381,544.190451620816,2239.186083461826,False,-129.86213859957343,,,2048.8996870109545,3.7229739783893434,
MPL-06,L,2026-06-28,daily,,False,1954.931901840492,,2149.796,2633.228,410.082,,,,1919.037548411381,544.190451620816,2239.664770678365,False,-35.89435342911088,,,1954.931901840492,4.180339468413075,
MPL-06,L,2026-06-29,daily,,False,1898.56149068323,,2167.627,2626.023,406.763,,,,1919.037548411381,544.190451620816,2237.7763994670886,False,20.47605772815109,,,1898.56149068323,3.2362301939904192,
MPL-06,L,2026-06-30,daily,,False,1858.516252821671,,2196.521,2633.527,408.642,,,,1919.037548411381,544.190451620816,2239.7431008579133,False,60.52129558971001,,,1858.516252821671,1.9677526806214596,
MPL-06,L,2026-07-01,daily,,False,1822.7799363057322,,2196.634,2635.606,407.963,,,,1919.037548411381,544.190451620816,2240.2876668745553,False,96.25761210564883,,,1822.7799363057322,1.987298151378658,
MPL-06,L,2026-07-02,daily,,False,1787.427094474153,,2216.694,2632.253,392.876,,,,1919.037548411381,544.190451620816,2239.4093266735035,False,131.61045393722816,,,1787.427094474153,1.0247389433770904,
MPL-06,L,2026-07-03,daily,,False,1789.794590857432,,2233.8594,2632.764,397.175,,,,1919.037548411381,544.190451620816,2239.5432092551755,False,129.24295755394905,,,1789.794590857432,0.25443898820023403,
MPL-06,L,2026-07-04,daily,,False,1808.047399302577,,2200.5496,2618.999,406.278,,,,1919.037548411381,544.190451620816,2235.9338935446185,False,110.99014910880396,,,1808.047399302577,1.6079752778405343,
MPL-06,L,2026-07-05,daily,,False,1816.3198228463614,,2212.114,2610.521,419.717,,,,1920.142311714677,542.9532855270193,2231.1055193895368,False,103.82248886831553,,,1816.3198228463614,0.8585235385489609,
MPL-06,L,2026-07-06,daily,,False,1933.3883381924206,,2223.884,2616.589,404.605,,,,1919.037548411381,544.190451620816,2235.3013539469553,False,-14.350789781039566,,,1933.3883381924206,0.5133970093294193,
MPL-06,L,2026-07-07,daily,,False,1824.4171717171714,,2225.253,2622.582,436.198,,,,1919.037548411381,544.190451620816,2236.8739652517634,False,94.62037669420965,,,1824.4171717171714,0.5222311913190669,
MPL-06,L,2026-07-08,daily,,False,1809.4233671988382,,2214.012,2602.72,408.274,,,,1920.142311714677,542.9532855270193,2229.052756246913,False,110.71894451583876,,,1809.4233671988382,0.6793439352141162,
MPL-06,L,2026-07-09,daily,,False,1794.1862914862916,,2190.552,2597.595,405.051,,,,1920.142311714677,542.9532855270193,2227.7031035940945,False,125.95602022838534,,,1794.1862914862916,1.6959699470313616,
MPL-06,L,2026-07-10,daily,,False,1763.4947826086955,,2208.292,2595.669,403.842,,,,1920.142311714677,542.9532855270193,2227.1956809122294,False,156.64752910598145,,,1763.4947826086955,0.8560317617520408,
MPL-06,L,2026-07-11,daily,,False,1947.7576070901025,,2229.474,2597.422,402.332,,,,1920.142311714677,542.9532855270193,2227.6575299696706,False,-27.615295375425603,,,1947.7576070901025,-0.08147527310610192,
MPL-06,L,2026-07-12,daily,,False,1959.0621037463977,,2134.557,2597.498,454.426,,,,1920.142311714677,542.9532855270193,2227.6775508703004,False,-38.91979203172082,,,1959.0621037463977,4.362523505828175,
MPL-06,L,2026-07-13,daily,,False,1806.5649999999996,,2184.769,2599.913,477.843,,,,1920.142311714677,542.9532855270193,2228.313645354786,False,113.57731171467731,,,1806.5649999999996,1.9931006598311374,
MPL-06,L,2026-07-14,daily,,False,1772.1258017492714,,2198.139,2595.382,422.712,,,,1920.142311714677,542.9532855270193,2227.1200579422975,False,148.01650996540548,,,1772.1258017492714,1.318436092635511,
MPL-06,L,2026-07-15,daily,,False,1766.7802631578923,,2213.051,2578.406,420.17,,,,1921.2470750179725,541.7155022993057,2220.1515069390452,False,154.46681186008027,,,1766.7802631578923,0.3208469637186573,
MPL-06,L,2026-07-16,daily,,False,1760.0240231548498,,2216.959,2567.766,426.398,,,,1921.2470750179725,541.7155022993057,2217.336945039921,False,161.2230518631227,,,1760.0240231548498,0.01704790390444355,
MPL-06,L,2026-07-17,daily,,False,1733.6309384164192,,2215.651,2566.583,423.669,,,,1921.2470750179725,541.7155022993057,2217.0237840927375,False,187.6161366015533,,,1733.6309384164192,0.061958498551328844,
MPL-06,L,2026-07-18,daily,,False,1664.37671033479,,2198.715,2577.95,421.148,,,,1921.2470750179725,541.7155022993057,2220.0309578281845,False,256.8703646831825,,,1664.37671033479,0.9694734346281431,
MPL-06,L,2026-07-19,daily,,False,1654.106733524355,,2268.046,2575.911,406.519,,,,1921.2470750179725,541.7155022993057,2219.491841487482,False,267.1403414936176,,,1654.106733524355,-2.1407924932967837,
MPL-06,L,2026-07-20,daily,,False,1637.522720897615,,2230.281,2559.231,403.801,,,,1921.2470750179725,541.7155022993057,2215.076563414841,False,283.7243541203575,,,1637.522720897615,-0.6817273960168624,
MPL-06,L,2026-07-21,daily,,False,1837.6341917024322,,2248.495,2605.552,397.762,,,,1920.142311714677,542.9532855270193,2229.7981955067985,False,82.50812001224472,,,1837.6341917024322,-0.8315252866117784,
MPL-06,L,2026-07-22,daily,,False,1647.7295035460993,,2202.844,2589.417,445.329,,,,1920.142311714677,542.9532855270193,2225.5477162495777,False,272.4128081685776,,,1647.7295035460993,1.0306547467536342,
MPL-06,L,2026-07-23,daily,,False,1698.6888888888886,,2244.559,2573.693,398.477,,,,1921.2470750179725,541.7155022993057,2218.9052447623553,False,222.55818612908388,,,1698.6888888888886,-1.1429307600132055,
MPL-06,L,2026-07-26,daily,,False,1745.2000000000007,,1488.525,1528.061,389.002,,,,1956.599500723435,501.7805923041198,1859.505448637754,False,211.39950072343436,,,1745.2000000000007,24.92268847602519,
MPL-06,L,2026-07-27,daily,,False,1714.2570796460175,,2200.549,2471.172,418.115,,,,1924.5613649278596,537.9984498126598,2184.633759609362,False,210.3042852818421,,,1714.2570796460175,-0.7232395366173483,
MPL-06,L,2026-07-28,daily,,False,1687.6204081632652,,2206.672,2576.714,410.675,,,,1921.2470750179725,541.7155022993057,2219.7041725650374,False,233.6266668547073,,,1687.6204081632652,0.5905804109100687,
MPL-06,L,2026-07-29,daily,,False,1608.3813333333346,,2253.567,2566.885,468.844,,,,1921.2470750179725,541.7155022993057,2217.1037331216935,False,312.8657416846379,,,1608.3813333333346,-1.6180245308130004,
MPL-06,L,2026-07-30,daily,,False,1642.3213675213676,,2244.204,2568.883,393.231,,,,1921.2470750179725,541.7155022993057,2217.632593045277,False,278.9257074966049,,,1642.3213675213676,-1.184001407836499,
MPL-06,L,2026-07-31,daily,,False,1638.7858806404656,,2238.393,2579.992,407.587,,,,1921.2470750179725,541.7155022993057,2220.5707329987245,False,282.4611943775069,,,1638.7858806404656,-0.7962081279415889,
MPL-06,L,2026-08-01,daily,,False,1582.296078431373,,2228.903,2593.974,404.501,,,,1920.142311714677,542.9532855270193,2226.7490193289555,False,337.84623328330395,,,1582.296078431373,-0.09663860073966246,
MPL-06,L,2026-08-02,daily,,False,1683.81784660767,,2232.804,2615.303,390.117,,,,1919.037548411381,544.190451620816,2234.9637494553667,False,235.21970180371113,,,1683.81784660767,0.09672812550347576,
MPL-06,L,2026-08-12,daily,,False,1978.853682719547,,2027.674,2464.198,406.028,,,,1924.5613649278596,537.9984498126598,2182.758467442131,False,-54.29231779168731,,,1978.853682719547,7.648392564195783,
MPL-06,L,2026-08-13,daily,,False,1932.7220505617966,,2082.474,2508.874,410.884,,,,1923.456601624564,539.2380844421255,2196.973056213181,False,-9.265448937232577,,,1932.7220505617966,5.4982226050928285,
MPL-06,L,2026-08-14,daily,,False,1668.5200831024918,,2131.319,2498.737,408.856,,,,1923.456601624564,539.2380844421255,2194.262465495177,False,254.93651852207222,,,1668.5200831024918,2.953263471830203,
MPL-06,L,2026-08-15,daily,,False,1618.1944519621113,,2169.119,2515.644,398.595,,,,1923.456601624564,539.2380844421255,2198.7814199738186,False,305.26214966245266,,,1618.1944519621113,1.367486983140087,
MPL-06,L,2026-08-16,daily,,False,1617.8123119015045,,2252.973,2489.176,405.587,,,,1924.5613649278596,537.9984498126598,2189.4673917322293,False,306.7490530263551,,,1617.8123119015045,-2.8187469742323,
MPL-06,L,2026-08-17,daily,,False,1574.8755766621448,,2228.433,2463.27,413.013,,,,1924.5613649278596,537.9984498126598,2182.5088060870426,False,349.6857882657148,,,1574.8755766621448,-2.0608290181018396,
MPL-06,L,2026-08-18,daily,,False,1635.3849593495936,,2241.106,2474.092,411.401,,,,1924.5613649278596,537.9984498126598,2185.418451505407,False,289.176405578266,,,1635.3849593495936,-2.4848243900374656,
MPL-06,L,2026-08-19,daily,,False,1659.1692415730338,,2211.889,2457.054,435.895,,,,1925.6661282311554,536.7581980492765,2178.6657365512074,False,266.49688665812164,,,1659.1692415730338,-1.5020312252917223,
MPL-06,L,2026-08-20,daily,,False,1601.6165951359094,,2182.157,2474.525,424.274,,,,1924.5613649278596,537.9984498126598,2185.5347870853457,False,322.9447697919502,,,1601.6165951359094,0.15479120362766885,
MPL-06,L,2026-08-21,daily,,False,1587.7395774647882,,2242.156,2522.353,438.236,,,,1923.456601624564,539.2380844421255,2200.571988649473,False,335.71702415977575,,,1587.7395774647882,-1.8546439833145856,
MPL-06,L,2026-08-22,daily,,False,1605.011740331492,,2261.136,2581.263,445.37,,,,1921.2470750179725,541.7155022993057,2220.9066368568533,False,316.2353346864804,,,1605.011740331492,-1.7791660096140416,
MPL-06,L,2026-08-23,daily,,False,1553.26295264624,,2285.591,2587.753,434.055,,,,1920.142311714677,542.9532855270193,2225.1088917944007,False,366.879359068437,,,1553.26295264624,-2.6462349652934036,
MPL-06,L,2026-08-27,daily,,False,1732.1023876404486,,1461.839,2287.212,414.385,,,,1931.7423263992816,529.9257820818972,2121.254532457878,False,199.63993875883307,,,1732.1023876404486,45.108629093756434,
MPL-06,L,2026-08-28,daily,,False,1755.2938375350138,,2174.219,2356.422,411.893,,,,1928.4280364893946,533.6548686799301,2146.153624584055,False,173.13419895438074,,,1755.2938375350138,-1.290825598338774,
MPL-06,L,2026-08-29,daily,,False,1712.0824512534825,,2188.031,2476.561,429.282,,,,1924.5613649278596,537.9984498126598,2186.081721157818,False,212.47891367437705,,,1712.0824512534825,-0.08908826438849271,
MPL-06,L,2026-08-30,daily,,False,1695.0169889502765,,2203.356,2564.695,435.994,,,,1921.2470750179725,541.7155022993057,2216.523903338241,False,226.230086067696,,,1695.0169889502765,0.597629404337785,
MPL-06,L,2026-08-31,daily,,False,1893.1057931034486,,2245.952,2573.154,437.22,,,,1921.2470750179725,541.7155022993057,2218.762670887867,False,28.141281914523915,,,1893.1057931034486,-1.210592617835704,
MPL-06,L,2026-09-01,daily,,False,1802.989290681502,,2185.986,2578.582,474.801,,,,1921.2470750179725,541.7155022993057,2220.198032872647,False,118.25778433647042,,,1802.989290681502,1.5650618472692557,
MPL-06,L,2026-09-02,daily,,False,1661.5295793758478,,2192.094,2611.064,477.719,,,,1920.142311714677,542.9532855270193,2231.248332933131,False,258.6127323388291,,,1661.5295793758478,1.7861612199628008,
MPL-06,L,2026-09-03,daily,,False,1658.2354278074874,,2275.549,2625.301,432.717,,,,1919.037548411381,544.190451620816,2237.587079179082,False,260.8021206038936,,,1658.2354278074874,-1.668253279578591,
MPL-06,L,2026-09-04,daily,,False,1647.8727148703936,,2223.223,2626.276,436.74,,,,1919.037548411381,544.190451620816,2237.84273634939,False,271.1648335409875,,,1647.8727148703936,0.6575919891702364,
MPL-06,L,2026-09-05,daily,,False,1765.0324549237157,,2262.24,2632.141,434.48,,,,1919.037548411381,544.190451620816,2239.3799814500367,False,154.00509348766536,,,1765.0324549237157,-1.0105036843996662,
MPL-06,L,2026-09-06,daily,,False,1626.9677586206901,,2219.634,2636.575,471.536,,,,1919.037548411381,544.190451620816,2240.5414370138506,False,292.06978979069095,,,1626.9677586206901,0.9419317335132904,
MPL-06,L,2026-09-07,daily,,False,1625.7268041237116,,2221.497,2635.082,416.601,,,,1919.037548411381,544.190451620816,2240.1504249280792,False,293.3107442876694,,,1625.7268041237116,0.8396781507280737,
MPM-16,M,2026-06-21,test,-3568046,False,486.09,977.7846,3154.412,3182.673,391.328,0.03197406940631494,295.306144113949,1010.081,614.7303820123092,876.0244461126698,2940.0781108775677,True,128.6403820123092,-101.76015388733015,-10.407215851766349,,-6.79473350730444,
MPM-16,M,2026-07-14,test,-3584655,False,468.74,734.6463,3215.774,3320.639,386.86,0.19671922142002474,346.48551282433465,914.5573,614.7303820123092,876.0244461126698,2985.0050931470123,True,145.99038201230917,141.3781461126698,19.244382788379898,,-7.1761543831434516,
MPM-16,M,2026-08-23,test,-3611559,True,519.34,780.6874,3245.166,3383.877,389.412,0.0797028831687118,226.23024273223828,848.2993,614.7303820123092,876.0244461126698,3005.367398613678,True,95.39038201230915,95.33704611266978,12.211936059512407,,-7.389409398049973,
MPM-16,M,2026-06-10,daily,,False,498.4232961146185,,3152.923,3185.311,389.778,,,,614.7303820123092,876.0244461126698,2940.9437504596312,True,116.30708589769068,,,498.4232961146185,-6.723261225864652,
MPM-16,M,2026-06-11,daily,,False,494.67365999034746,,3127.633,3184.978,392.236,,,,614.7303820123092,876.0244461126698,2940.8344934677334,True,120.05672202196172,,,494.67365999034746,-5.972520002579151,
MPM-16,M,2026-06-12,daily,,False,494.2241780523259,,3150.008,3184.462,388.258,,,,614.7303820123092,876.0244461126698,2940.665186117466,True,120.50620395998328,,,494.2241780523259,-6.645786737129999,
MPM-16,M,2026-06-13,daily,,False,493.0847381661068,,3151.189,3188.056,383.062,,,,614.7303820123092,876.0244461126698,2941.8442238002203,True,121.6456438462024,,,493.0847381661068,-6.643358306968561,
MPM-16,M,2026-06-14,daily,,False,492.00480805434256,,3150.617,3187.848,382.358,,,,614.7303820123092,876.0244461126698,2941.7760011154796,True,122.72557395796662,,,492.00480805434256,-6.6285746215589025,
MPM-16,M,2026-06-15,daily,,False,490.7779039138939,,3146.843,3188.168,389.477,,,,614.7303820123092,876.0244461126698,2941.8809584195915,True,123.95247809841527,,,490.7779039138939,-6.513259211864342,
MPM-16,M,2026-06-16,daily,,False,492.29082409931857,,3152.743,3185.593,405.816,,,,614.7303820123092,876.0244461126698,2941.0362711419266,True,122.43955791299061,,,492.29082409931857,-6.715001154806255,
MPM-16,M,2026-06-17,daily,,False,488.91418716835534,,3163.563,3181.902,413.204,,,,614.7303820123092,876.0244461126698,2939.8250637175092,True,125.81619484395384,,,488.91418716835534,-7.0723401519897315,
MPM-16,M,2026-06-18,daily,,False,489.581999271491,,3137.484,3181.97,393.879,,,,614.7303820123092,876.0244461126698,2939.8473826536056,True,125.14838274081819,,,489.581999271491,-6.299207178312127,
MPM-16,M,2026-06-19,daily,,False,488.59705203132637,,3157.265,3182.713,397.159,,,,614.7303820123092,876.0244461126698,2940.091238525132,True,126.13332998098281,,,488.59705203132637,-6.878540809050482,
MPM-16,M,2026-06-20,daily,,False,486.85021504901954,,3155.644,3182.198,395.694,,,,614.7303820123092,876.0244461126698,2939.922215464734,True,127.88016696328964,,,486.85021504901954,-6.836062132967646,
MPM-16,M,2026-06-21,daily,,False,486.08968127018267,,3154.412,3182.673,390.737,,,,614.7303820123092,876.0244461126698,2940.0781108775677,True,128.6407007421265,,,486.08968127018267,-6.79473350730444,
MPM-16,M,2026-06-22,daily,,False,497.76878083550906,,3155.048,3182.894,392.703,,,,614.7303820123092,876.0244461126698,2940.150640378559,True,116.96160117680012,,,497.76878083550906,-6.81122314530368,
MPM-16,M,2026-06-23,daily,,False,485.5503067713453,,3141.396,3153.543,392.16,,,,614.7303820123092,876.0244461126698,2930.5018786965747,True,129.1800752409639,,,485.5503067713453,-6.71338861141434,
MPM-16,M,2026-06-24,daily,,False,481.9115178781927,,3188.475,3284.928,382.54,,,,614.7303820123092,876.0244461126698,2973.4430679756115,True,132.8188641341165,,,481.9115178781927,-6.7440369463266485,
MPM-16,M,2026-06-25,daily,,False,481.3188794246712,,3203.25,3326.832,379.967,,,,614.7303820123092,876.0244461126698,2987.0055036919857,True,133.41150258763798,,,481.3188794246712,-6.75078424437725,
MPM-16,M,2026-06-26,daily,,False,480.80353137829945,,3204.525,3314.8,378.539,,,,614.7303820123092,876.0244461126698,2983.1177670916095,True,133.92685063400972,,,480.80353137829945,-6.909205979307087,
MPM-16,M,2026-06-27,daily,,False,478.8749049514569,,3200.984,3315.221,381.553,,,,614.7303820123092,876.0244461126698,2983.2538869305554,True,135.85547706085225,,,478.8749049514569,-6.801974426284064,
MPM-16,M,2026-06-28,daily,,False,477.83128152120935,,3199.67,3316.199,388.613,,,,614.7303820123092,876.0244461126698,2983.5700742003382,True,136.89910049109983,,,477.83128152120935,-6.753819168841224,
MPM-16,M,2026-06-29,daily,,False,476.58555272108833,,3200.931,3314.878,387.546,,,,614.7303820123092,876.0244461126698,2983.1429869255335,True,138.14482929122084,,,476.58555272108833,-6.803895900113643,
MPM-16,M,2026-06-30,daily,,False,475.7508795730225,,3205.633,3317.027,383.398,,,,614.7303820123092,876.0244461126698,2983.837739596776,True,138.9795024392867,,,475.7508795730225,-6.918922421974816,
MPM-16,M,2026-07-01,daily,,False,477.86552356406486,,3211.795,3316.109,383.322,,,,614.7303820123092,876.0244461126698,2983.540978649778,True,136.86485844824432,,,477.86552356406486,-7.1067431560925325,
MPM-16,M,2026-07-02,daily,,False,475.2769781341109,,3213.883,3322.31,365.54,,,,614.7303820123092,876.0244461126698,2985.5449810323194,True,139.4534038781983,,,475.2769781341109,-7.104739623927825,
MPM-16,M,2026-07-03,daily,,False,473.5625574695862,,3211.5942,3318.251,372.109,,,,614.7303820123092,876.0244461126698,2984.2333737227978,True,141.167824542723,,,473.5625574695862,-7.079375914840124,
MPM-16,M,2026-07-04,daily,,False,472.90172168083393,,3205.4346,3314.024,381.563,,,,614.7303820123092,876.0244461126698,2982.8668501527013,True,141.82866033147525,,,472.90172168083393,-6.943450034740961,
MPM-16,M,2026-07-05,daily,,False,472.4157024998727,,3203.8474,3315.684,379.357,,,,614.7303820123092,876.0244461126698,2983.4035790578278,True,142.3146795124365,,,472.4157024998727,-6.880596776930526,
MPM-16,M,2026-07-06,daily,,False,473.3153618908388,,3207.6824,3313.915,382.039,,,,614.7303820123092,876.0244461126698,2982.8316036405486,True,141.41502012147038,,,473.3153618908388,-7.009758708014591,
MPM-16,M,2026-07-07,daily,,False,470.74593530852064,,3214.353,3311.504,374.876,,,,614.7303820123092,876.0244461126698,2982.0518672855997,True,143.98444670378854,,,470.74593530852064,-7.2269950660179605,
MPM-16,M,2026-07-08,daily,,False,471.76183286270697,,3215.866,3315.917,369.691,,,,614.7303820123092,876.0244461126698,2983.4789071681475,True,142.9685491496022,,,471.76183286270697,-7.226267911407147,
MPM-16,M,2026-07-09,daily,,False,469.2778007288628,,3212.975,3317.865,366.717,,,,614.7303820123092,876.0244461126698,2984.108612566102,True,145.45258128344636,,,469.2778007288628,-7.12319228857673,
MPM-16,M,2026-07-10,daily,,False,469.1627935420746,,3215.663,3321.847,365.181,,,,614.7303820123092,876.0244461126698,2985.395399157698,True,145.56758847023457,,,469.1627935420746,-7.160812586465115,
MPM-16,M,2026-07-11,daily,,False,470.75630685203555,,3214.664,3322.829,371.549,,,,614.7303820123092,876.0244461126698,2985.712645735643,True,143.97407516027363,,,470.75630685203555,-7.122092830366011,
MPM-16,M,2026-07-12,daily,,False,471.6036588089328,,3211.61,3327.531,375.116,,,,614.7303820123092,876.0244461126698,2987.2312023761924,True,143.1267232033764,,,471.6036588089328,-6.986489568279075,
MPM-16,M,2026-07-13,daily,,False,470.33379911329973,,3214.886,3323.015,382.761,,,,614.7303820123092,876.0244461126698,2985.7727313107393,True,144.39658289900945,,,470.33379911329973,-7.126637420090809,
MPM-16,M,2026-07-14,daily,,False,468.7411394554458,,3215.774,3320.639,381.409,,,,614.7303820123092,876.0244461126698,2985.0050931470123,True,145.98924255686336,,,468.7411394554458,-7.1761543831434516,
MPM-16,M,2026-07-15,daily,,False,469.9240923076925,,3215.496,3322.357,376.302,,,,614.7303820123092,876.0244461126698,2985.56016493924,True,144.8062897046167,,,469.9240923076925,-7.150866773299047,
MPM-16,M,2026-07-16,daily,,False,472.90589954614217,,3214.061,3322.035,381.145,,,,614.7303820123092,876.0244461126698,2985.4561374343625,True,141.824482466167,,,472.90589954614217,-7.112648532981725,
MPM-16,M,2026-07-17,daily,,False,471.1980368712277,,3218.903,3321.181,382.041,,,,614.7303820123092,876.0244461126698,2985.180220371381,True,143.53234514108146,,,471.1980368712277,-7.26094509926577,
MPM-16,M,2026-07-18,daily,,False,469.97549685279205,,3215.699,3321.613,381.401,,,,614.7303820123092,876.0244461126698,2985.3197976151623,True,144.75488515951713,,,469.97549685279205,-7.164202942652209,
MPM-16,M,2026-07-19,daily,,False,471.037806453252,,3215.305,3322.917,377.291,,,,614.7303820123092,876.0244461126698,2985.7410734743157,True,143.69257555905716,,,471.037806453252,-7.139724739198428,
MPM-16,M,2026-07-20,daily,,False,469.51391077875206,,3215.143,3321.396,375.132,,,,614.7303820123092,876.0244461126698,2985.249686735431,True,145.21647123355712,,,469.51391077875206,-7.150329340392291,
MPM-16,M,2026-07-21,daily,,False,468.7091852631582,,3196.034,3319.101,368.723,,,,614.7303820123092,876.0244461126698,2984.508087959321,True,146.021196749151,,,468.7091852631582,-6.618387415173899,
MPM-16,M,2026-07-22,daily,,False,469.49798494678186,,3219.005,3320.507,366.32,,,,614.7303820123092,876.0244461126698,2984.96244063865,True,145.23239706552732,,,469.49798494678186,-7.270649140381891,
MPM-16,M,2026-07-23,daily,,False,475.3974878623187,,3216.185,3320.597,368.063,,,,614.7303820123092,876.0244461126698,2984.9915219622353,True,139.33289414999047,,,475.3974878623187,-7.1884384150092355,
MPM-16,M,2026-07-24,daily,,False,722.8362999999999,,3094.629,3195.463,369.974,,,,614.7303820123092,876.0244461126698,2944.2726155928844,True,-108.10591798769076,,,722.8362999999999,-4.858623906358906,
MPM-16,M,2026-07-26,daily,,False,514.4653517560074,,1681.89,1715.624,314.107,,,,760.6404188293441,442.8183387196371,2243.7528982142285,False,246.17506707333666,,,514.4653517560074,33.40663766442682,
MPM-16,M,2026-07-27,daily,,False,489.0487495652175,,3232.484,3392.147,389.55,,,,614.7303820123092,876.0244461126698,3008.0198284634844,True,125.68163244709166,,,489.0487495652175,-6.944014928968423,
MPM-16,M,2026-07-28,daily,,False,478.8844871321408,,3236.02,3391.119,377.35,,,,614.7303820123092,876.0244461126698,3007.6902496994076,True,135.84589488016837,,,478.8844871321408,-7.05588192596438,
MPM-16,M,2026-07-29,daily,,False,473.0178357142857,,3241.533,3393.584,361.497,,,,614.7303820123092,876.0244461126698,3008.4804712512027,True,141.71254629802348,,,473.0178357142857,-7.189577547067916,
MPM-16,M,2026-07-30,daily,,False,472.38436064627786,,3243.426,3391.464,362.359,,,,614.7303820123092,876.0244461126698,3007.8008614943615,True,142.34602136603132,,,472.38436064627786,-7.264699071464509,
MPM-16,M,2026-07-31,daily,,False,472.3038338532635,,3245.459,3391.98,363.095,,,,614.7303820123092,876.0244461126698,3007.9662904679903,True,142.4265481590457,,,472.3038338532635,-7.317692490708083,
MPM-16,M,2026-08-01,daily,,False,471.778601637427,,3243.602,3392.83,361.532,,,,614.7303820123092,876.0244461126698,3008.2387790602143,True,142.95178037488216,,,471.778601637427,-7.256229985669805,
MPM-16,M,2026-08-02,daily,,False,481.7733367281479,,3244.396,3395.508,358.737,,,,614.7303820123092,876.0244461126698,3009.097112683442,True,132.95704528416127,,,481.7733367281479,-7.252471255560611,
MPM-16,M,2026-08-03,daily,,False,730.017,,3003.366,3133.989,358.048,,,,614.7303820123092,876.0244461126698,2924.055623240691,True,-115.28661798769087,,,730.017,-2.6407163415750445,
MPM-16,M,2026-08-10,daily,,False,635.8804705152667,,2971.409,2717.979,319.472,,,,614.7303820123092,876.0244461126698,2783.285009276016,True,-21.150088502957487,,,635.8804705152667,-6.331137541953469,
MPM-16,M,2026-08-11,daily,,True,561.162473816156,,3072.094,2896.098,330.326,,,,614.7303820123092,876.0244461126698,2844.4314222166745,True,53.56790819615321,,,561.162473816156,-7.410664445271708,
MPM-16,M,2026-08-12,daily,,True,529.2972906914895,,3227.134,3360.837,357.545,,,,614.7303820123092,876.0244461126698,2997.9613777088,True,85.4330913208197,,,529.2972906914895,-7.101428769031603,
MPM-16,M,2026-08-13,daily,,True,521.2570330682571,,3245.947,3385.565,364.955,,,,614.7303820123092,876.0244461126698,3005.9089846548522,True,93.47334894405208,,,521.2570330682571,-7.395007230406037,
MPM-16,M,2026-08-14,daily,,True,517.8379433048432,,3246.659,3386.253,363.015,,,,614.7303820123092,876.0244461126698,3006.129697134893,True,96.892438707466,,,517.8379433048432,-7.408517582693697,
MPM-16,M,2026-08-15,daily,,True,518.0312531619177,,3246.192,3383.598,368.62,,,,614.7303820123092,876.0244461126698,3005.27787325676,True,96.6991288503915,,,518.0312531619177,-7.4214380031507705,
MPM-16,M,2026-08-16,daily,,True,522.0920877437322,,3242.147,3384.182,374.877,,,,614.7303820123092,876.0244461126698,3005.4652637013673,True,92.63829426857694,,,522.0920877437322,-7.300154382223645,
MPM-16,M,2026-08-17,daily,,True,518.2155891835309,,3242.981,3384.903,380.762,,,,614.7303820123092,876.0244461126698,3005.696597337229,True,96.51479282877824,,,518.2155891835309,-7.316860711264461,
MPM-16,M,2026-08-18,daily,,True,522.006286309524,,3250.153,3382.345,377.316,,,,614.7303820123092,876.0244461126698,3004.884652108617,True,92.72409570278523,,,522.006286309524,-7.54636313710102,
MPM-16,M,2026-08-19,daily,,True,522.4576517241375,,3248.533,3382.69,384.012,,,,614.7303820123092,876.0244461126698,3004.9955716404165,True,92.27273028817172,,,522.4576517241375,-7.496843293867828,
MPM-16,M,2026-08-20,daily,,True,524.1676310060061,,3246.513,3383.116,383.63,,,,614.7303820123092,876.0244461126698,3005.1232029238613,True,90.56275100630307,,,524.1676310060061,-7.435355936542953,
MPM-16,M,2026-08-21,daily,,True,518.7301463585427,,3247.8,3383.395,380.452,,,,614.7303820123092,876.0244461126698,3005.212733013667,True,96.00023565376648,,,518.7301463585427,-7.469279727394951,
MPM-16,M,2026-08-22,daily,,True,522.0422837837841,,3245.842,3383.189,375.984,,,,614.7303820123092,876.0244461126698,3005.1466286241953,True,92.68809822852506,,,522.0422837837841,-7.4154987019024565,
MPM-16,M,2026-08-23,daily,,True,519.3402390614219,,3245.166,3383.877,378.351,,,,614.7303820123092,876.0244461126698,3005.367398613678,True,95.39014295088725,,,519.3402390614219,-7.389409398049973,
MPM-16,M,2026-08-24,daily,,True,518.042217349726,,3246.643,3384.334,375.128,,,,614.7303820123092,876.0244461126698,3005.514034588516,True,96.68816466258318,,,518.042217349726,-7.42702432671174,
MPM-16,M,2026-08-25,daily,,True,516.2979155033555,,3243.994,3382.934,367.878,,,,614.7303820123092,876.0244461126698,3005.064798306232,True,98.43246650895367,,,516.2979155033555,-7.365278779608342,
MPM-16,M,2026-08-26,daily,,True,524.7235263920674,,3241.776,3385.605,367.001,,,,614.7303820123092,876.0244461126698,3005.9218172315677,True,90.00685562024182,,,524.7235263920674,-7.2754620543934,
MPM-16,M,2026-08-27,daily,,True,527.7557367598685,,3234.843,3379.949,381.101,,,,614.7303820123092,876.0244461126698,3004.114207902249,True,86.97464525244072,,,527.7557367598685,-7.1326117557405695,
MPM-16,M,2026-08-28,daily,,True,529.9439282317977,,3239.247,3378.852,385.426,,,,614.7303820123092,876.0244461126698,3003.7613950229493,True,84.78645378051147,,,529.9439282317977,-7.269763774638072,
MPM-16,M,2026-08-29,daily,,True,530.7006886452623,,3241.916,3378.769,387.543,,,,614.7303820123092,876.0244461126698,3003.7346991526083,True,84.02969336704689,,,530.7006886452623,-7.346930051469314,
MPM-16,M,2026-08-30,daily,,True,534.1087166248956,,3232.931,3379.15,388.752,,,,614.7303820123092,876.0244461126698,3003.8572408377468,True,80.6216653874136,,,534.1087166248956,-7.085637125019161,
MPM-16,M,2026-08-31,daily,,True,533.2374421171171,,3233.297,3378.979,392.552,,,,614.7303820123092,876.0244461126698,3003.802242449057,True,81.49293989519208,,,533.2374421171171,-7.097855766140359,
MPM-16,M,2026-09-01,daily,,True,534.4473128333328,,3234.306,3380.074,387.743,,,,614.7303820123092,876.0244461126698,3004.1544072147512,True,80.28306917897635,,,534.4473128333328,-7.115949844734814,
MPM-16,M,2026-09-02,daily,,True,535.912478469302,,3239.134,3379.207,387.008,,,,614.7303820123092,876.0244461126698,3003.875573404051,True,78.81790354300722,,,535.912478469302,-7.263003833615677,
MPM-16,M,2026-09-03,daily,,True,537.2918921404686,,3240.946,3380.298,385.182,,,,614.7303820123092,876.0244461126698,3004.2264430001114,True,77.4384898718406,,,537.2918921404686,-7.304026571250755,
MPM-16,M,2026-09-04,daily,,True,538.682319080068,,3247.651,3378.697,393.792,,,,614.7303820123092,876.0244461126698,3003.711541091718,True,76.04806293224112,,,538.682319080068,-7.511258411334277,
MPM-16,M,2026-09-05,daily,,True,537.7456575059574,,3244.309,3377.458,392.122,,,,614.7303820123092,876.0244461126698,3003.313000715527,True,76.98472450635177,,,537.7456575059574,-7.428268986846609,
MPM-16,M,2026-09-06,daily,,True,535.7384036163522,,3243.907,3378.654,384.794,,,,614.7303820123092,876.0244461126698,3003.6977104956322,True,78.99197839595695,,,535.7384036163522,-7.404937610861473,
MPM-16,M,2026-09-07,daily,,True,535.9600104972372,,3241.777,3377.932,380.436,,,,614.7303820123092,876.0244461126698,3003.4654753641344,True,78.77037151507193,,,535.9600104972372,-7.351262120616742,
MPM-28,M,2026-07-15,test,-3586183,False,317.48,611.814,4905.625,2956.654,399.633,0.40818920487521765,236.83913738489147,1033.8,389.95427996945926,543.5586568654514,4643.5376503638145,False,72.47427996945925,-68.25534313454853,-11.156224462753151,,-5.3425883477882135,
MPM-28,M,2026-08-25,test,-3613910,True,353.39,522.3613,4791.099,2907.944,404.624,0.49006390488089124,291.3782089140218,1024.3662,420.6069696408031,512.6892929782655,4595.8278721383995,False,67.21696964080309,-9.672007021734544,-1.8515933362089676,,-4.0757063851446285,
MPM-28,M,2026-08-26,test,-3613913,True,355.37,430.8842,4793.935,2910.844,395.586,0.5740038502210238,367.77120163607765,1011.4744,406.45719431381,527.1726028679865,4607.102671750215,False,51.087194313810016,96.28840286798646,22.346700776678862,,-3.897264527987654,
MPM-28,M,2026-09-02,test,-3620438,True,362.23,552.1069,4757.465,2906.747,400.346,0.5474066916080363,276.42853222808844,1219.8742,414.4166722608065,519.074778223136,4599.391815331151,False,52.18667226080646,-33.03212177686396,-5.98292138295391,,-3.3226347365424513,
MPM-28,M,2026-07-03,daily,,False,809.4057764396682,,2452.5396,2094.523,317.739,,,,677.9153484584671,179.4667394386138,3942.276440918864,False,-131.49042798120115,,,809.4057764396682,60.74262127791388,
MPM-28,M,2026-07-04,daily,,False,487.08602902481664,,4462.9429,2221.979,388.635,,,,700.2412458681265,144.3108582860405,4008.473241048456,False,213.15521684330986,,,487.08602902481664,-10.18318336431201,
MPM-28,M,2026-07-05,daily,,False,354.721337940121,,4773.1431,2807.706,389.087,,,,446.2625206948055,485.407761297476,4523.085056287546,False,91.54118275468454,,,354.721337940121,-5.238854953090644,
MPM-28,M,2026-07-06,daily,,False,340.7300322773543,,4863.3042,2947.624,392.727,,,,385.21581842991276,548.1629122511996,4641.9823944742975,False,44.48578615255843,,,340.7300322773543,-4.550852597822319,
MPM-28,M,2026-07-07,daily,,False,330.39939356784146,,4905.746,2946.181,382.662,,,,372.39864431069395,560.3920537432407,4650.397451882446,False,41.999250742852496,,,330.39939356784146,-5.205091093537129,
MPM-28,M,2026-07-08,daily,,False,318.6144798984771,,4864.769,2950.91,377.758,,,,363.26592618455334,568.9053128700938,4659.665475424501,False,44.651446286076236,,,318.6144798984771,-4.216099974644205,
MPM-28,M,2026-07-09,daily,,False,313.5830703363911,,4860.288,2952.225,377.443,,,,362.16011329769333,569.924798092618,4661.198655966691,False,48.577042961302254,,,313.5830703363911,-4.096245819863109,
MPM-28,M,2026-07-10,daily,,False,317.613485751029,,4870.128,2956.253,374.389,,,,355.7932498085847,575.7470408109933,4668.1582660168715,False,38.1797640575557,,,317.613485751029,-4.147113463611807,
MPM-28,M,2026-07-11,daily,,False,312.08121658986215,,4874.308,2957.059,383.84,,,,368.59817207767264,563.955010669436,4659.05616713578,False,56.51695548781049,,,312.08121658986215,-4.4160490651025786,
MPM-28,M,2026-07-12,daily,,False,328.97381592783324,,4865.895,2962.672,382.718,,,,364.2324051175416,568.0122813551077,4665.301713253307,False,35.258589189708346,,,328.97381592783324,-4.122433524494329,
MPM-28,M,2026-07-13,daily,,False,325.9779606138116,,4846.37,2959.427,395.616,,,,383.3244608905326,549.9881619359638,4649.723263066654,False,57.346500276720974,,,325.9779606138116,-4.057608827500703,
MPM-28,M,2026-07-14,daily,,False,318.6216828865981,,4894.97,2954.914,390.436,,,,378.6135123796602,554.503347216614,4650.640410208982,False,59.99182949306214,,,318.6216828865981,-4.9914420270403825,
MPM-28,M,2026-07-15,daily,,False,317.4774314891422,,4905.625,2956.654,389.055,,,,375.9008202299083,557.0831753790548,4653.532334639323,False,58.423388740766086,,,317.4774314891422,-5.138849083667763,
MPM-28,M,2026-07-16,daily,,False,325.58885982282453,,4840.219,2956.758,389.865,,,,376.94176332502036,556.0949564753283,4652.8392023787965,False,51.35290350219583,,,325.58885982282453,-3.8713082532258025,
MPM-28,M,2026-07-17,daily,,False,315.42066811003673,,4830.492,2956.673,394.838,,,,383.6286516661712,549.6950862224496,4648.015187792266,False,68.20798355613448,,,315.42066811003673,-3.777603031072896,
MPM-28,M,2026-07-18,daily,,False,309.70905986639303,,4817.154,2957.42,391.198,,,,378.40891215357595,554.6984395607072,4652.14401373427,False,68.69985228718292,,,309.70905986639303,-3.425466287059342,
MPM-28,M,2026-07-19,daily,,False,307.42920982456167,,4806.413,2958.794,386.619,,,,371.53842340328066,561.2010433441405,4657.848176366425,False,64.109213578719,,,307.42920982456167,-3.09097082655142,
MPM-28,M,2026-07-20,daily,,False,312.00888928757126,,4822.581,2958.176,385.652,,,,370.52513448654133,562.1520864169985,4658.25191076331,False,58.51624519897007,,,312.00888928757126,-3.4074925695740554,
MPM-28,M,2026-07-21,daily,,False,298.0545219033231,,4800.523,2956.942,383.087,,,,367.6205930663023,564.8668236900909,4659.70977863903,False,69.5660711629792,,,298.0545219033231,-2.9332891720541654,
MPM-28,M,2026-07-22,daily,,False,299.1076278004074,,4824.231,2957.168,375.409,,,,356.7729685031732,574.856405066317,4667.909844708547,False,57.66534070276583,,,299.1076278004074,-3.240333128563966,
MPM-28,M,2026-07-23,daily,,False,334.68119282346777,,4827.072,2958.135,377.027,,,,358.5680244702896,573.2195873654337,4667.077922670358,False,23.886831646821804,,,334.68119282346777,-3.314516073711804,
MPM-28,M,2026-07-24,daily,,False,1081.1403443946192,,4727.974,2902.655,377.715,,,,387.05113462763006,546.38490544259,4616.209914364924,False,-694.0892097669891,,,1081.1403443946192,-2.3638895991195397,
MPM-28,M,2026-07-26,daily,,False,389.42133725174415,,2605.756,1690.044,270.868,,,,,,,,,,,389.42133725174415,,ValueError: well cannot lift at max suction pressure
MPM-28,M,2026-07-27,daily,,False,349.5759201089923,,4573.546,2974.994,404.923,,,,388.06909910525013,545.39582325606,4654.798277598766,False,38.493178996257825,,,349.5759201089923,1.776570687137835,
MPM-28,M,2026-07-28,daily,,False,321.748952185091,,4560.278,2952.631,387.022,,,,375.13427433788183,557.8095098762115,4651.907727573221,False,53.38532215279082,,,321.748952185091,2.009301353409154,
MPM-28,M,2026-07-29,daily,,False,317.1204731351068,,4598.687,2926.488,368.532,,,,362.7134682029469,569.4149477372615,4646.859523045409,False,45.59299506784009,,,317.1204731351068,1.0475277627159496,
MPM-28,M,2026-07-30,daily,,False,315.14202716883136,,4647.461,2928.12,369.638,,,,363.43870361684526,568.7458027669395,4647.203395754535,False,48.2966764480139,,,315.14202716883136,-0.005542902790678372,
MPM-28,M,2026-07-31,daily,,False,313.6735647058809,,4669.254,2928.917,370.338,,,,364.0158732117785,568.212520340623,4647.205899850814,False,50.34230850589762,,,313.6735647058809,-0.47219748913179815,
MPM-28,M,2026-08-01,daily,,False,312.5044262125901,,4665.198,2927.074,368.965,,,,363.02447550390457,569.1281228857875,4646.945147560594,False,50.52004929131448,,,312.5044262125901,-0.3912556860267591,
MPM-28,M,2026-08-02,daily,,False,434.4190248366012,,4655.271,2928.351,365.314,,,,357.20749390691896,574.460775254667,4652.008417253244,False,-77.21153092968223,,,434.4190248366012,-0.07008362664076007,
MPM-28,M,2026-08-03,daily,,False,1107.4674568888888,,4309.496,2703.877,354.895,,,,450.9912825530215,480.23562184209175,4461.615207303838,False,-656.4761743358673,,,1107.4674568888888,3.529860737864432,
MPM-28,M,2026-08-10,daily,,False,370.0574830047949,,4549.546,2851.898,332.298,,,,348.9014101916071,581.9579757296076,4616.871968795156,False,-21.15607281318779,,,370.0574830047949,1.4798392805602134,
MPM-28,M,2026-08-11,daily,,True,343.99026936416243,,4660.19,2934.885,340.169,,,,314.83221066657757,611.2656629890269,4691.04761323802,False,-29.158058697584863,,,343.99026936416243,0.6621535439117254,
MPM-28,M,2026-08-12,daily,,True,332.377593018375,,4703.173,2981.697,366.304,,,,330.2155535280104,598.3197496124598,4702.2185234257395,False,-2.1620394903646343,,,332.377593018375,-0.020294311399138287,
MPM-28,M,2026-08-13,daily,,True,405.22878705950313,,4769.3,2998.87,380.438,,,,342.2395318529485,587.8713753552959,4701.564998141439,False,-62.98925520655462,,,405.22878705950313,-1.4202294227362744,
MPM-28,M,2026-08-14,daily,,True,350.99812129533717,,4773.408,2788.771,370.516,,,,432.2556473877838,500.4655157589482,4522.018508929077,False,81.25752609244665,,,350.99812129533717,-5.266457237070943,
MPM-28,M,2026-08-15,daily,,True,358.47378581187627,,4844.867,2908.597,377.48,,,,383.85317597694495,549.4786472689304,4621.728356663785,False,25.379390165068685,,,358.47378581187627,-4.6056711842908165,
MPM-28,M,2026-08-16,daily,,True,360.55731330203446,,4812.365,2907.716,388.356,,,,398.6167358452627,535.0254596518664,4610.832591090584,False,38.059422543228266,,,360.55731330203446,-4.187803894954256,
MPM-28,M,2026-08-17,daily,,True,350.78757578666773,,4769.075,2910.019,388.263,,,,397.4008122421178,536.2322940757401,4612.939468834064,False,46.61323645545008,,,350.78757578666773,-3.2739164547828548,
MPM-28,M,2026-08-18,daily,,True,371.60106518678924,,4818.445,2909.452,385.213,,,,393.68707160750597,539.8999664103708,4615.231493861405,False,22.08600642071673,,,371.60106518678924,-4.217408440660719,
MPM-28,M,2026-08-19,daily,,True,355.31886049382763,,4818.691,2909.14,397.798,,,,410.0752739689061,523.5073436422304,4603.678719105923,False,54.75641347507849,,,355.31886049382763,-4.462047491612909,
MPM-28,M,2026-08-20,daily,,True,367.1900153846133,,4816.826,2908.745,389.983,,,,400.23832566387983,533.411390100789,4610.264960857337,False,33.04831027926656,,,367.1900153846133,-4.288322624538699,
MPM-28,M,2026-08-21,daily,,True,348.8049213036586,,4812.054,2907.902,394.159,,,,406.01298389453956,527.6208012431366,4605.800304135279,False,57.20806259088096,,,348.8049213036586,-4.286188306796257,
MPM-28,M,2026-08-22,daily,,True,357.57667298913026,,4804.475,2909.135,385.74,,,,394.52920493314434,539.0706978947228,4614.467218813181,False,36.95253194401408,,,357.57667298913026,-3.954808406471455,
MPM-28,M,2026-08-23,daily,,True,364.41953265418397,,4807.912,2909.144,388.858,,,,398.59034884366423,535.0516807959015,4611.631166346213,False,34.17081618948026,,,364.41953265418397,-4.082454788144774,
MPM-28,M,2026-08-24,daily,,True,346.4135654526552,,4795.896,2910.966,394.537,,,,405.05661059806255,528.5844210125038,4608.13683375778,False,58.64304514540737,,,346.4135654526552,-3.9149966188220087,
MPM-28,M,2026-08-25,daily,,True,353.3920387440132,,4791.099,2907.944,377.571,,,,384.29264909309734,549.0547082320647,4621.058741784571,False,30.90061034908416,,,353.3920387440132,-3.5490867171692586,
MPM-28,M,2026-08-26,daily,,True,355.37409794816455,,4793.935,2910.844,388.006,,,,396.6733347909544,536.9529197521261,4613.898440153607,False,41.29923684278987,,,355.37409794816455,-3.7555069029178156,
MPM-28,M,2026-08-27,daily,,True,353.88026403887756,,4776.248,2903.251,392.041,,,,405.4848078602055,528.1532054503907,4603.620618393955,False,51.60454382132792,,,353.88026403887756,-3.614288487659034,
MPM-28,M,2026-08-28,daily,,True,357.5216184109592,,4776.88,2906.633,396.731,,,,409.8903994932296,523.695263588155,4602.433591041499,False,52.3687810822704,,,357.5216184109592,-3.651890124066348,
MPM-28,M,2026-08-29,daily,,True,355.8662805629318,,4777.286,2905.641,398.506,,,,412.60573816432463,520.9283235402739,4600.026093280366,False,56.739457601392814,,,355.8662805629318,-3.710472990723901,
MPM-28,M,2026-08-30,daily,,True,364.5578927242888,,4770.206,2906.419,398.333,,,,412.02408900582554,521.5222672303278,4600.851046815614,False,47.466196281536725,,,364.5578927242888,-3.550264981939699,
MPM-28,M,2026-08-31,daily,,True,361.3722186084165,,4781.62,2904.244,404.529,,,,422.1327774752831,511.10360112231336,4592.76250929237,False,60.760558866866575,,,361.3722186084165,-3.949654943463299,
MPM-28,M,2026-09-01,daily,,True,359.90305894507935,,4781.055,2906.782,398.871,,,,412.5363194794485,520.9992451119767,4600.6985944982725,False,52.63326053436913,,,359.90305894507935,-3.7723139663050853,
MPM-28,M,2026-09-02,daily,,True,362.2284374325777,,4757.465,2906.747,400.216,,,,414.2526296194482,519.2429509449532,4599.504038548934,False,52.02419218687049,,,362.2284374325777,-3.3202758496608253,
MPM-28,M,2026-09-03,daily,,True,368.8131737458194,,4770.197,2907.647,395.772,,,,408.19428790768575,525.416125136891,4604.1559905868335,False,39.38111416186632,,,368.8131737458194,-3.4807998372638815,
MPM-28,M,2026-09-04,daily,,True,362.69161655948636,,4777.868,2907.934,405.621,,,,421.81074026623736,511.4386651228698,4595.00502206535,False,59.119123706751,,,362.69161655948636,-3.8272923809249293,
MPM-28,M,2026-09-05,daily,,True,352.7635946659486,,4762.85,2906.789,403.026,,,,419.1951142260955,514.1524124895365,4596.154675341601,False,66.43151956014691,,,352.7635946659486,-3.499907086269749,
MPM-28,M,2026-09-06,daily,,True,350.94097919202954,,4750.401,2908.009,395.207,,,,407.3032906097868,526.3178189024542,4604.968237085323,False,56.36231141775727,,,350.94097919202954,-3.0614839234556546,
MPM-28,M,2026-09-07,daily,,True,339.7894433333333,,4774.477,2907.404,391.249,,,,402.5083450510475,531.143064037599,4607.9544153401075,False,62.71890171771423,,,339.7894433333333,-3.487765982743085,
MPM-30,M,2026-08-25,test,-3612764,True,440.1,947.3178,3974.066,3433.154,398.901,0.3344746273658357,263.7287085706613,1423.4135,517.066743245466,791.4251581332375,3889.753030450707,True,76.96674324546598,-155.89264186676257,-16.456213729623002,,-2.1215794994167925,
MPM-30,M,2026-08-10,daily,,False,541.9984870292882,,3704.28,3157.816,331.999,,,,517.066743245466,791.4251581332375,3777.979181243313,True,-24.931743783822185,,,541.9984870292882,1.9895683167393763,
MPM-30,M,2026-08-11,daily,,True,507.5557615170495,,3745.452,3139.936,340.122,,,,517.066743245466,791.4251581332375,3770.6031912556473,True,9.510981728416482,,,507.5557615170495,0.6715128442614349,
MPM-30,M,2026-08-12,daily,,True,479.7015293471228,,3893.875,3411.166,366.556,,,,517.066743245466,791.4251581332375,3880.94835218801,True,37.3652138983432,,,479.7015293471228,-0.3319738772300074,
MPM-30,M,2026-08-13,daily,,True,465.34651716049206,,3937.729,3437.443,373.658,,,,517.066743245466,791.4251581332375,3891.4680947894835,True,51.720226084973945,,,465.34651716049206,-1.1748118067677171,
MPM-30,M,2026-08-14,daily,,True,456.16644069767364,,3965.051,3437.777,371.568,,,,517.066743245466,791.4251581332375,3891.601620496072,True,60.900302547792364,,,456.16644069767364,-1.8524195402260357,
MPM-30,M,2026-08-15,daily,,True,451.07905849056635,,3989.69,3435.035,378.089,,,,517.066743245466,791.4251581332375,3890.505291125648,True,65.98768475489965,,,451.07905849056635,-2.486025452462526,
MPM-30,M,2026-08-16,daily,,True,447.4198706411716,,4014.344,3434.478,383.896,,,,517.066743245466,791.4251581332375,3890.2825479518833,True,69.6468726042944,,,447.4198706411716,-3.090453933397752,
MPM-30,M,2026-08-17,daily,,True,445.2006507962661,,4009.352,3434.504,389.332,,,,517.066743245466,791.4251581332375,3890.2929455907433,True,71.86609244919993,,,445.2006507962661,-2.9695335906963605,
MPM-30,M,2026-08-18,daily,,True,443.6006603157323,,4013.702,3433.474,385.759,,,,517.066743245466,791.4251581332375,3889.8810172953686,True,73.46608292973372,,,443.6006603157323,-3.084957047250436,
MPM-30,M,2026-08-19,daily,,True,476.63326105990774,,4020.686,3433.744,397.346,,,,517.066743245466,791.4251581332375,3889.989002831614,True,40.43348218555826,,,476.63326105990774,-3.2506143769592044,
MPM-30,M,2026-08-20,daily,,True,444.9625575741245,,3944.099,3383.071,386.389,,,,517.066743245466,791.4251581332375,3869.6683032126502,True,72.1041856713415,,,444.9625575741245,-1.8871406825069492,
MPM-30,M,2026-08-21,daily,,True,443.0539277807062,,3975.216,3434.653,384.93,,,,517.066743245466,791.4251581332375,3890.352531509158,True,74.0128154647598,,,443.0539277807062,-2.134814019938591,
MPM-30,M,2026-08-22,daily,,True,442.2110669973886,,3964.629,3434.545,391.664,,,,517.066743245466,791.4251581332375,3890.3093418094186,True,74.85567624807737,,,442.2110669973886,-1.8745677890814383,
MPM-30,M,2026-08-23,daily,,True,441.4415791963367,,3968.041,3435.036,382.855,,,,517.066743245466,791.4251581332375,3890.5056910118487,True,75.6251640491293,,,441.4415791963367,-1.9539946534864794,
MPM-30,M,2026-08-24,daily,,True,441.4287362051282,,3976.14,3435.296,384.127,,,,517.066743245466,791.4251581332375,3890.6096599915386,True,75.63800704033781,,,441.4287362051282,-2.151089750573709,
MPM-30,M,2026-08-25,daily,,True,440.1002893746819,,3974.066,3433.154,389.537,,,,517.066743245466,791.4251581332375,3889.753030450707,True,76.96645387078411,,,440.1002893746819,-2.1215794994167925,
MPM-30,M,2026-08-26,daily,,True,439.1748104575162,,3979.511,3435.304,376.182,,,,517.066743245466,791.4251581332375,3890.6128589918176,True,77.89193278794983,,,439.1748104575162,-2.233896099500221,
MPM-30,M,2026-08-27,daily,,True,438.3530011764701,,3965.898,3427.993,393.069,,,,517.066743245466,791.4251581332375,3887.68824492226,True,78.71374206899588,,,438.3530011764701,-1.9720566458779398,
MPM-30,M,2026-08-28,daily,,True,437.2963787954204,,3976.02,3427.316,397.692,,,,517.066743245466,791.4251581332375,3887.417310786488,True,79.77036445004558,,,437.2963787954204,-2.228426648093118,
MPM-30,M,2026-08-29,daily,,True,436.2483806580257,,3973.162,3426.827,399.418,,,,517.066743245466,791.4251581332375,3887.221601836652,True,80.81836258744028,,,436.2483806580257,-2.1630227552601133,
MPM-30,M,2026-08-30,daily,,True,436.0162456325306,,3969.501,3426.887,399.199,,,,517.066743245466,791.4251581332375,3887.245615749365,True,81.05049761293537,,,436.0162456325306,-2.0721844949940893,
MPM-30,M,2026-08-31,daily,,True,434.77072613578275,,3978.982,3426.203,405.749,,,,517.066743245466,791.4251581332375,3886.9718481123564,True,82.29601710968325,,,434.77072613578275,-2.312404325720585,
MPM-30,M,2026-09-01,daily,,True,431.0833214139338,,3985.348,3427.953,399.849,,,,517.066743245466,791.4251581332375,3887.6722375359655,True,85.98342183153221,,,431.0833214139338,-2.4508716042873635,
MPM-30,M,2026-09-02,daily,,True,427.10710434332935,,3982.633,3428.456,398.28,,,,517.066743245466,791.4251581332375,3887.8735254926073,True,89.95963890213665,,,427.10710434332935,-2.3793172634132387,
MPM-30,M,2026-09-03,daily,,True,423.8166625918156,,3977.158,3430.35,396.423,,,,517.066743245466,791.4251581332375,3888.6313606813233,True,93.2500806536504,,,423.8166625918156,-2.225876852734454,
MPM-30,M,2026-09-04,daily,,True,420.7192623211448,,3984.891,3429.379,403.426,,,,517.066743245466,791.4251581332375,3888.2428590562563,True,96.34748092432119,,,420.7192623211448,-2.4253647325295447,
MPM-30,M,2026-09-05,daily,,True,419.8719095520776,,3971.527,3427.67,403.079,,,,517.066743245466,791.4251581332375,3887.5589833443178,True,97.19483369338838,,,419.8719095520776,-2.114250177719612,
MPM-30,M,2026-09-06,daily,,True,417.4546569593159,,3968.573,3428.618,395.708,,,,517.066743245466,791.4251581332375,3887.9383515420604,True,99.61208628615009,,,417.4546569593159,-2.031829790152262,
MPM-30,M,2026-09-07,daily,,True,415.977747989131,,3984.08,3427.741,392.027,,,,517.066743245466,791.4251581332375,3887.587397258512,True,101.08899525633501,,,415.977747989131,-2.4219544472372068,
MPM-32,M,2026-08-30,test,-3615842,True,657.57,847.1764,4196.552,2706.886,425.499,0.6717774266617912,237.98290415077662,2581.1034,770.8323591429155,644.643426812065,4200.127045695637,False,113.26235914291544,-202.532973187935,-23.90682426799602,,0.08519007260334721,
MPM-32,M,2026-09-06,test,-3620523,True,461.68,1075.25,4612.116,3433.037,416.604,0.5287558628862536,244.1707509881423,2281.726,545.2456880854526,923.1448338270103,4792.400028826769,False,83.56568808545256,-152.1051661729897,-14.146028009578204,,3.9089222566554893,
MPM-32,M,2026-08-27,daily,,True,960.3229764270623,,3431.406,2016.343,389.38,,,,941.9505435966948,381.12472485422086,3617.8211391530026,False,-18.372432830367416,,,960.3229764270623,5.432616809348789,
MPM-32,M,2026-08-28,daily,,True,852.2591412878784,,3767.704,2243.132,394.622,,,,877.8294624861546,485.1519319227905,3823.9078631571992,False,25.570321198276247,,,852.2591412878784,1.4917271409112587,
MPM-32,M,2026-08-29,daily,,True,753.033155455906,,4023.701,2501.661,400.632,,,,807.7573264930758,591.5945139427433,4045.610980212091,False,54.724171037169754,,,753.033155455906,0.5445230699818726,
MPM-32,M,2026-08-30,daily,,True,657.5690315122728,,4196.552,2706.886,421.292,,,,767.3410487251008,649.5506454722555,4202.832572565841,False,109.77201721282802,,,657.5690315122728,0.14966030602840963,
MPM-32,M,2026-08-31,daily,,True,564.3780724709784,,4420.641,2938.099,404.198,,,,684.7495632002489,760.1636499352923,4402.847738379706,False,120.37149072927048,,,564.3780724709784,-0.4025041078950631,
MPM-32,M,2026-09-01,daily,,True,523.0184174278845,,4652.274,3395.57,398.712,,,,539.1303382565878,929.6037556603873,4779.114312042983,False,16.11192082870332,,,523.0184174278845,2.7264153410350156,
MPM-32,M,2026-09-02,daily,,True,498.7091967131479,,4677.452,3433.253,405.434,,,,533.3693223150308,935.6357612166732,4805.236863632389,False,34.660125601882896,,,498.7091967131479,2.7319331899587462,
MPM-32,M,2026-09-03,daily,,True,482.775637258883,,4640.84,3435.262,395.049,,,,519.430527767626,950.0188129241328,4823.71817600549,False,36.654890508742994,,,482.775637258883,3.9406266108180876,
MPM-32,M,2026-09-04,daily,,True,471.820080381256,,4649.965,3434.182,402.016,,,,529.3704124819699,939.7927260642263,4810.3590214289725,False,57.55033210071389,,,471.820080381256,3.44935975709435,
MPM-32,M,2026-09-05,daily,,True,465.2228556962024,,4626.151,3432.157,417.322,,,,546.2998245823111,922.0256554640968,4790.866793937307,False,81.07696888610872,,,465.2228556962024,3.560536479187726,
MPM-32,M,2026-09-06,daily,,True,461.68064786656487,,4612.116,3433.037,409.401,,,,537.5645066862862,931.2482989314417,4800.473986646031,False,75.88385881972135,,,461.68064786656487,4.083981986707008,
MPM-32,M,2026-09-07,daily,,True,459.11571842818404,,4670.407,3430.83,390.71,,,,516.2571000431509,953.251576163633,4826.092077291713,False,57.14138161496686,,,459.11571842818404,3.333437049313126,
MPM-43,M,2026-08-19,test,-3608612,True,354.38,363.9706,3058.211,3440.029,401.098,0.5751155423031742,321.311941129311,856.6343,268.10107060186175,392.1219622513897,3057.3952554643524,False,-86.27892939813825,28.151362251389685,7.734515439266154,,-0.026673912808738987,
MPM-43,M,2026-08-14,daily,,True,684.9420281995656,,2220.515,2310.941,363.031,,,,,,,,,,,684.9420281995656,,ValueError: well cannot lift at max suction pressure
MPM-43,M,2026-08-15,daily,,True,516.5118504436001,,2982.401,3404.724,380.27,,,,259.26635155698347,396.5051667477139,3058.373881783325,True,-257.24549888661664,,,516.5118504436001,2.547373132698283,
MPM-43,M,2026-08-16,daily,,True,428.18918083462125,,3038.338,3441.833,385.616,,,,259.26635155698347,396.5051667477139,3069.989043213179,True,-168.9228292776378,,,428.18918083462125,1.0417222577994378,
MPM-43,M,2026-08-17,daily,,True,385.83477555435434,,3037.077,3441.66,390.63,,,,259.26635155698347,396.5051667477139,3069.934998785318,True,-126.56842399737087,,,385.83477555435434,1.0818954799406644,
MPM-43,M,2026-08-18,daily,,True,375.949031890661,,3058.586,3440.004,386.764,,,,259.26635155698347,396.5051667477139,3069.4176222898213,True,-116.68268033367752,,,375.949031890661,0.35413822890124624,
MPM-43,M,2026-08-19,daily,,True,354.38464125560535,,3058.211,3440.029,394.421,,,,259.26635155698347,396.5051667477139,3069.4254335916476,True,-95.11828969862188,,,354.38464125560535,0.3666991450768986,
MPM-43,M,2026-08-20,daily,,True,336.16113636363735,,3050.568,3440.233,388.867,,,,259.26635155698347,396.5051667477139,3069.4891730510312,True,-76.89478480665389,,,336.16113636363735,0.6202508205367385,
MPM-43,M,2026-08-21,daily,,True,330.96273291925513,,3048.854,3441.026,385.96,,,,259.26635155698347,396.5051667477139,3069.736931656451,True,-71.69638136227167,,,330.96273291925513,0.6849436429704703,
MPM-43,M,2026-08-22,daily,,True,326.85028441410685,,3047.148,3441.34,386.037,,,,259.26635155698347,396.5051667477139,3069.8350296363324,True,-67.58393285712339,,,326.85028441410685,0.7445332368605673,
MPM-43,M,2026-08-23,daily,,True,321.6948275862067,,3039.783,3441.631,383.944,,,,259.26635155698347,396.5051667477139,3069.9259392190556,True,-62.42847602922325,,,321.6948275862067,0.9916148362911326,
MPM-43,M,2026-08-24,daily,,True,308.25548642533914,,3039.138,3441.822,385.179,,,,259.26635155698347,396.5051667477139,3069.985606891384,True,-48.98913486835568,,,308.25548642533914,1.0150117201451314,
MPM-43,M,2026-08-25,daily,,True,307.06897123893805,,3039.777,3439.658,377.676,,,,259.26635155698347,396.5051667477139,3069.30951177441,True,-47.80261968195458,,,307.06897123893805,0.9715354703456969,
MPM-43,M,2026-08-26,daily,,True,321.27354586129735,,3031.127,3441.966,377.154,,,,259.26635155698347,396.5051667477139,3070.0305911547553,True,-62.007194304313884,,,321.27354586129735,1.2834695199097634,
MPM-43,M,2026-08-27,daily,,True,322.47267637178055,,3037.14,3434.516,393.775,,,,259.26635155698347,396.5051667477139,3067.7023905330693,True,-63.206324814797085,,,322.47267637178055,1.006288499478769,
MPM-43,M,2026-08-28,daily,,True,325.00301039956224,,3048.972,3433.756,398.319,,,,266.22071571070694,393.06397759792935,3056.9422310869086,False,-58.7822946888553,,,325.00301039956224,0.2614071590984812,
MPM-43,M,2026-08-29,daily,,True,321.0925085130535,,3035.082,3433.141,400.022,,,,270.35281758381853,390.9874076951892,3053.5690967842415,False,-50.73969092923494,,,321.0925085130535,0.6091135852092755,
MPM-43,M,2026-08-30,daily,,True,330.0319148936171,,3034.164,3433.198,399.927,,,,270.1117764323288,391.1091950940497,3053.758838796688,False,-59.92013846128833,,,330.0319148936171,0.6458068448734977,
MPM-43,M,2026-08-31,daily,,True,328.5979410127994,,3029.243,3432.666,406.227,,,,286.6042952935474,382.5895869749441,3043.686701184403,False,-41.993645719252015,,,328.5979410127994,0.47680893161765603,
MPM-43,M,2026-09-01,daily,,True,320.1259138025098,,3028.916,3434.687,400.671,,,,270.7237422293986,390.79983783846023,3053.7929706632667,False,-49.40217157311116,,,320.1259138025098,0.8213159646311308,
MPM-43,M,2026-09-02,daily,,True,327.62328222600826,,3038.89,3435.077,399.091,,,,267.03543149914645,392.656428042234,3056.682991897971,False,-60.5878507268618,,,327.62328222600826,0.585509574152776,
MPM-43,M,2026-09-03,daily,,True,330.81878230901737,,3031.817,3436.848,397.328,,,,261.2545385009449,395.52823992280975,3063.1028465851787,False,-69.56424380807249,,,330.81878230901737,1.031917381068137,
MPM-43,M,2026-09-04,daily,,True,333.36285072951733,,3047.146,3435.874,404.183,,,,280.4895025756262,385.7925261164786,3048.0537862031765,False,-52.87334815389113,,,333.36285072951733,0.02979135896923335,
MPM-43,M,2026-09-05,daily,,True,329.52864265927985,,3021.057,3433.774,403.786,,,,281.0055693199953,385.5242217388762,3047.0990484193553,False,-48.523073339284565,,,329.52864265927985,0.8620177778623672,
MPM-43,M,2026-09-06,daily,,True,322.3755000000001,,2997.378,3434.385,396.026,,,,259.26635155698347,396.5051667477139,3067.661435456438,True,-63.109148443016636,,,322.3755000000001,2.3448305637940203,
MPM-43,M,2026-09-07,daily,,True,313.6540229885057,,3039.182,3434.103,392.16,,,,259.26635155698347,396.5051667477139,3067.5732707128527,True,-54.38767143152222,,,313.6540229885057,0.9341747454694405,
MPM-45,M,2026-06-25,test,-3570545,False,309.42,432.0448,3546.73,3431.168,382.864,0.3069046475085244,357.1599519309109,623.3555,286.4743711767051,354.8657326892524,3075.1444452635283,True,-22.945628823294896,-77.1790673107476,-17.86367231147038,,-13.296347755156768,
MPM-45,M,2026-07-05,test,-3578270,False,293.33,351.2075,3420.9607,3431.105,386.108,0.5195702543733631,376.81683904814105,731.0278,286.4743711767051,354.8657326892524,3075.1247738169486,True,-6.855628823294865,3.6582326892524293,1.041615765395787,,-10.109321810772375,
MPM-45,M,2026-08-17,test,-3607186,True,365.42,377.352,3235.827,3447.513,403.146,0.6281513598738667,240.45586084080645,1014.8,286.4743711767051,354.8657326892524,3080.2437293249436,True,-78.9456288232949,-22.486267310747564,-5.958963331517408,,-4.808145511952788,
MPM-45,M,2026-06-10,daily,,False,500.83998476770756,,2692.064,3035.782,393.702,,,,286.4743711767051,354.8657326892524,2949.0318604595827,True,-214.36561359100244,,,500.83998476770756,9.545384525018097,
MPM-45,M,2026-06-11,daily,,False,415.72477272727286,,2795.901,3396.531,396.379,,,,286.4743711767051,354.8657326892524,3064.309623294727,True,-129.25040155056774,,,415.72477272727286,9.600076086196442,
MPM-45,M,2026-06-12,daily,,False,385.45661559888583,,2837.52,3433.279,392.476,,,,286.4743711767051,354.8657326892524,3075.8035200698105,True,-98.98224442218071,,,385.45661559888583,8.397597904853903,
MPM-45,M,2026-06-13,daily,,False,367.1761484098941,,2834.6,3437.603,377.977,,,,286.4743711767051,354.8657326892524,3077.1530620069684,True,-80.70177723318898,,,367.1761484098941,8.556870881498924,
MPM-45,M,2026-06-14,daily,,False,357.8809465273516,,2835.8,3435.738,379.101,,,,286.4743711767051,354.8657326892524,3076.5710608570384,True,-71.4065753506465,,,357.8809465273516,8.490410496404488,
MPM-45,M,2026-06-15,daily,,False,348.1789090909092,,2831.766,3435.468,394.033,,,,286.4743711767051,354.8657326892524,3076.4867939380656,True,-61.70453791420408,,,348.1789090909092,8.641985034712096,
MPM-45,M,2026-06-16,daily,,False,339.48426092160423,,2836.153,3433.47,408.186,,,,286.4743711767051,354.8657326892524,3075.863144971925,True,-53.00988974489911,,,339.48426092160423,8.451946879167838,
MPM-45,M,2026-06-17,daily,,False,335.10339083878637,,2842.23,3431.351,417.375,,,,286.4743711767051,354.8657326892524,3075.201585398516,True,-48.62901966208125,,,335.10339083878637,8.196788627187669,
MPM-45,M,2026-06-18,daily,,False,330.7813549160675,,2981.759,3431.91,396.242,,,,286.4743711767051,354.8657326892524,3075.376121456197,True,-44.30698373936241,,,330.7813549160675,3.1396609000323927,
MPM-45,M,2026-06-19,daily,,False,325.85900000000004,,3252.885,3431.955,399.597,,,,286.4743711767051,354.8657326892524,3075.3901713220775,True,-39.38462882329492,,,325.85900000000004,-5.456535619240233,
MPM-45,M,2026-06-20,daily,,False,323.2695677570093,,3270.978,3431.318,399.736,,,,286.4743711767051,354.8657326892524,3075.191281520415,True,-36.79519658030421,,,323.2695677570093,-5.985571241371391,
MPM-45,M,2026-06-21,daily,,False,320.80727040816356,,3262.343,3431.823,397.601,,,,286.4743711767051,354.8657326892524,3075.3489581950466,True,-34.33289923145844,,,320.80727040816356,-5.731893973287095,
MPM-45,M,2026-06-22,daily,,False,314.28018072289154,,3251.047,3432.024,400.219,,,,286.4743711767051,354.8657326892524,3075.4117143215994,True,-27.805809546186424,,,314.28018072289154,-5.402422225160097,
MPM-45,M,2026-06-23,daily,,False,321.7221330275226,,3259.602,3431.885,399.548,,,,286.4743711767051,354.8657326892524,3075.3683159466386,True,-35.24776185081748,,,321.7221330275226,-5.652030034751521,
MPM-45,M,2026-06-24,daily,,False,315.4613623354327,,3468.292,3428.263,389.622,,,,286.4743711767051,354.8657326892524,3074.237238415222,True,-28.986991158727562,,,315.4613623354327,-11.361637416479875,
MPM-45,M,2026-06-25,daily,,False,309.421741671537,,3546.73,3431.168,387.245,,,,286.4743711767051,354.8657326892524,3075.1444452635283,True,-22.947370494831887,,,309.421741671537,-13.296347755156768,
MPM-45,M,2026-06-26,daily,,False,306.73612233121725,,3525.595,3430.744,385.021,,,,286.4743711767051,354.8657326892524,3075.0120508109726,True,-20.261751154512126,,,306.73612233121725,-12.780337763952677,
MPM-45,M,2026-06-27,daily,,False,304.7587209302324,,3524.577,3431.013,390.96,,,,286.4743711767051,354.8657326892524,3075.096047027636,True,-18.284349753527295,,,304.7587209302324,-12.75276304000067,
MPM-45,M,2026-06-28,daily,,False,303.69342723004695,,3490.13,3431.78,398.027,,,,286.4743711767051,354.8657326892524,3075.335532584086,True,-17.21905605334183,,,303.69342723004695,-11.884785592969715,
MPM-45,M,2026-06-29,daily,,False,301.0932322053674,,3507.756,3430.74,396.717,,,,286.4743711767051,354.8657326892524,3075.0108017787998,True,-14.618861028662309,,,301.0932322053674,-12.336810149314836,
MPM-45,M,2026-06-30,daily,,False,300.88403100775184,,3504.14,3435.414,390.337,,,,286.4743711767051,354.8657326892524,3076.469940269517,True,-14.409659831046724,,,300.88403100775184,-12.204708137531117,
MPM-45,M,2026-07-01,daily,,False,301.66302232398414,,3466.379,3435.328,390.536,,,,286.4743711767051,354.8657326892524,3076.4430990458654,True,-15.188651147279018,,,301.66302232398414,-11.249084446742108,
MPM-45,M,2026-07-02,daily,,False,299.52883165829115,,3475.305,3441.499,372.426,,,,286.4743711767051,354.8657326892524,3078.368502096989,True,-13.054460481586034,,,299.52883165829115,-11.421630559131103,
MPM-45,M,2026-07-03,daily,,False,296.0738192562183,,3460.7153,3436.91,379.657,,,,286.4743711767051,354.8657326892524,3076.9368142037647,True,-9.599448079513195,,,296.0738192562183,-11.089571158778512,
MPM-45,M,2026-07-04,daily,,False,294.90532716752216,,3450.9238,3430.902,388.578,,,,286.4743711767051,354.8657326892524,3075.0613871645946,True,-8.43095599081704,,,294.90532716752216,-10.891646255284027,
MPM-45,M,2026-07-05,daily,,False,293.32833335087224,,3420.9607,3431.105,386.365,,,,286.4743711767051,354.8657326892524,3075.1247738169486,True,-6.853962174167123,,,293.32833335087224,-10.109321810772375,
MPM-45,M,2026-07-06,daily,,False,292.133943329398,,3393.157,3430.044,390.002,,,,286.4743711767051,354.8657326892524,3074.7934622392827,True,-5.659572152692874,,,292.133943329398,-9.382517159115167,
MPM-45,M,2026-07-07,daily,,False,294.0624221844934,,3402.017,3429.218,380.998,,,,286.4743711767051,354.8657326892524,3074.5355071753256,True,-7.5880510077882946,,,294.0624221844934,-9.62609807136985,
MPM-45,M,2026-07-08,daily,,False,290.4466666666669,,3424.05,3434.588,376.278,,,,286.4743711767051,354.8657326892524,3076.2121297301146,True,-3.972295489961766,,,290.4466666666669,-10.158667959576684,
MPM-45,M,2026-07-09,daily,,False,289.3112773302646,,3407.85,3435.937,373.944,,,,286.4743711767051,354.8657326892524,3076.633167178404,True,-2.8369061535594824,,,289.3112773302646,-9.719231563055764,
MPM-45,M,2026-07-10,daily,,False,292.59381384790055,,3406.093,3440.142,371.497,,,,286.4743711767051,354.8657326892524,3077.945213079544,True,-6.119442671195429,,,292.59381384790055,-9.634140551078785,
MPM-45,M,2026-07-11,daily,,False,288.92489626556045,,3401.836,3440.663,378.401,,,,286.4743711767051,354.8657326892524,3078.1077356899505,True,-2.450525088855329,,,288.92489626556045,-9.516280746927519,
MPM-45,M,2026-07-12,daily,,False,289.10214932126684,,3385.042,3445.559,381.544,,,,286.4743711767051,354.8657326892524,3079.634580722086,True,-2.6277781445617165,,,289.10214932126684,-9.022263808777375,
MPM-45,M,2026-07-13,daily,,False,290.72690631808285,,3391.939,3442.141,390.559,,,,286.4743711767051,354.8657326892524,3078.5687403097695,True,-4.252535141377734,,,290.72690631808285,-9.23867615809808,
MPM-45,M,2026-07-14,daily,,False,286.70979827089394,,3381.979,3439.788,386.813,,,,286.4743711767051,354.8657326892524,3077.834780014529,True,-0.23542709418882168,,,286.70979827089394,-8.993084226290904,
MPM-45,M,2026-07-15,daily,,False,286.19155405405417,,3383.247,3440.765,383.647,,,,286.4743711767051,354.8657326892524,3078.139552903469,True,0.28281712265095393,,,286.19155405405417,-9.018184220558856,
MPM-45,M,2026-07-16,daily,,False,287.6983012457532,,3389.368,3440.338,389.319,,,,286.4743711767051,354.8657326892524,3078.006355058402,True,-1.2239300690480945,,,287.6983012457532,-9.186421921184074,
MPM-45,M,2026-07-17,daily,,False,289.5090200445432,,3403.855,3440.058,390.447,,,,286.4743711767051,354.8657326892524,3077.919008992063,True,-3.0346488678380865,,,289.5090200445432,-9.575495754312001,
MPM-45,M,2026-07-18,daily,,False,289.9305509181969,,3419.038,3440.322,390.483,,,,286.4743711767051,354.8657326892524,3078.0013639232607,True,-3.4561797414917805,,,289.9305509181969,-9.97463719551346,
MPM-45,M,2026-07-19,daily,,False,291.7476931628682,,3410.688,3440.907,385.818,,,,286.4743711767051,354.8657326892524,3078.1838468926135,True,-5.273321986163069,,,291.7476931628682,-9.748887998767009,
MPM-45,M,2026-07-20,daily,,False,292.42334630350183,,3392.993,3440.494,383.68,,,,286.4743711767051,354.8657326892524,3078.055018189981,True,-5.948975126796711,,,292.42334630350183,-9.282010950509445,
MPM-45,M,2026-07-21,daily,,False,287.24395857307235,,3400.733,3438.984,376.69,,,,286.4743711767051,354.8657326892524,3077.583950800696,True,-0.7695873963672284,,,287.24395857307235,-9.502335208300805,
MPM-45,M,2026-07-22,daily,,False,288.3117384013416,,3416.416,3439.673,374.176,,,,286.4743711767051,354.8657326892524,3077.798903989635,True,-1.8373672246364663,,,288.3117384013416,-9.91147143703709,
MPM-45,M,2026-07-23,daily,,False,294.51567867036016,,3404.344,3439.743,375.872,,,,286.4743711767051,354.8657326892524,3077.8207416212076,True,-8.04130749365504,,,294.51567867036016,-9.591370859666137,
MPM-45,M,2026-07-24,daily,,False,638.1052631578957,,3399.55,3440.785,378.703,,,,286.4743711767051,354.8657326892524,3078.145791533137,True,-351.6308919811906,,,638.1052631578957,-9.454316261471751,
MPM-45,M,2026-07-27,daily,,False,451.63037694013286,,3105.31,3366.427,394.558,,,,286.4743711767051,354.8657326892524,3054.860685459327,True,-165.15600576342774,,,451.63037694013286,-1.6246144359394976,
MPM-45,M,2026-07-28,daily,,False,376.91045241809707,,3138.735,3453.556,385.561,,,,286.4743711767051,354.8657326892524,3082.1268175390396,True,-90.43608124139195,,,376.91045241809707,-1.8035349419737723,
MPM-45,M,2026-07-29,daily,,False,337.5517912772588,,3145.973,3459.293,368.873,,,,286.4743711767051,354.8657326892524,3083.9134576838255,True,-51.077420100553695,,,337.5517912772588,-1.9726660818822794,
MPM-45,M,2026-07-30,daily,,False,321.7696901408454,,3183.906,3459.118,369.077,,,,286.4743711767051,354.8657326892524,3083.85897420083,True,-35.29531896414028,,,321.7696901408454,-3.142273226633263,
MPM-45,M,2026-07-31,daily,,False,311.05881336405577,,3184.74,3459.131,370.92,,,,286.4743711767051,354.8657326892524,3083.8630215793114,True,-24.584442187350646,,,311.05881336405577,-3.1675106420206434,
MPM-45,M,2026-08-01,daily,,False,302.96513865308447,,3170.107,3459.249,368.93,,,,286.4743711767051,354.8657326892524,3083.8997590726676,True,-16.490767476379347,,,302.96513865308447,-2.7193795328464443,
MPM-45,M,2026-08-02,daily,,False,360.3663209273948,,3173.655,3460.184,364.637,,,,286.4743711767051,354.8657326892524,3084.190841099729,True,-73.89194975068966,,,360.3663209273948,-2.8189629591203635,
MPM-45,M,2026-08-03,daily,,False,662.2453333333334,,2941.819,3194.161,364.672,,,,286.4743711767051,354.8657326892524,3000.2032666211694,True,-375.7709621566283,,,662.2453333333334,1.9846315025217276,
MPM-45,M,2026-08-10,daily,,False,585.988803582853,,3214.326,3376.114,330.155,,,,286.4743711767051,354.8657326892524,3057.904481528802,True,-299.51443240614793,,,585.988803582853,-4.866386249285171,
MPM-45,M,2026-08-11,daily,,True,524.4147321428567,,3171.51,3309.779,338.833,,,,286.4743711767051,354.8657326892524,3036.9982868315137,True,-237.94036096615156,,,524.4147321428567,-4.241251428136328,
MPM-45,M,2026-08-12,daily,,True,474.3079783113861,,3216.229,3406.975,365.454,,,,286.4743711767051,354.8657326892524,3067.580760145158,True,-187.83360713468096,,,474.3079783113861,-4.621817658345906,
MPM-45,M,2026-08-13,daily,,True,433.2749046529373,,3228.742,3446.64,372.695,,,,286.4743711767051,354.8657326892524,3079.9715917512985,True,-146.8005334762322,,,433.2749046529373,-4.607689566050855,
MPM-45,M,2026-08-14,daily,,True,406.4138379204897,,3217.402,3449.816,370.514,,,,286.4743711767051,354.8657326892524,3080.9615177560713,True,-119.93946674378458,,,406.4138379204897,-4.240703593891237,
MPM-45,M,2026-08-15,daily,,True,387.65170583775597,,3189.112,3447.461,376.843,,,,286.4743711767051,354.8657326892524,3080.2275202191067,True,-101.17733466105085,,,387.65170583775597,-3.4142570026042818,
MPM-45,M,2026-08-16,daily,,True,381.96589506172836,,3226.092,3447.575,383.269,,,,286.4743711767051,354.8657326892524,3080.2630554519014,True,-95.49152388502324,,,381.96589506172836,-4.520297144287843,
MPM-45,M,2026-08-17,daily,,True,365.424217585693,,3235.827,3447.513,392.564,,,,286.4743711767051,354.8657326892524,3080.2437293249436,True,-78.94984640898787,,,365.424217585693,-4.808145511952788,
MPM-45,M,2026-08-18,daily,,True,363.33663594470016,,3222.044,3445.828,384.554,,,,286.4743711767051,354.8657326892524,3079.71844732484,True,-76.86226476799504,,,363.33663594470016,-4.417244229909956,
MPM-45,M,2026-08-19,daily,,True,356.75188027628553,,3219.491,3445.984,391.091,,,,286.4743711767051,354.8657326892524,3079.7670826433086,True,-70.27750909958041,,,356.75188027628553,-4.339938125520193,
MPM-45,M,2026-08-20,daily,,True,350.6794117647061,,3204.986,3446.196,386.835,,,,286.4743711767051,354.8657326892524,3079.833175528347,True,-64.205040588001,,,350.6794117647061,-3.9049413779546294,
MPM-45,M,2026-08-21,daily,,True,347.24520337682304,,3194.932,3446.693,383.854,,,,286.4743711767051,354.8657326892524,3079.9881139812624,True,-60.77083220011792,,,347.24520337682304,-3.5976942864116457,
MPM-45,M,2026-08-22,daily,,True,345.06534810126607,,3193.655,3447.018,383.682,,,,286.4743711767051,354.8657326892524,3080.089427549769,True,-58.59097692456095,,,345.06534810126607,-3.5559749706913,
MPM-45,M,2026-08-23,daily,,True,345.00503759398526,,3203.167,3447.254,381.699,,,,286.4743711767051,354.8657326892524,3080.1629946399116,True,-58.530666417280145,,,345.00503759398526,-3.840074693579454,
MPM-45,M,2026-08-24,daily,,True,340.9097020626432,,3199.883,3447.368,383.079,,,,286.4743711767051,354.8657326892524,3080.1985306380666,True,-54.43533088593807,,,340.9097020626432,-3.740276421417077,
MPM-45,M,2026-08-25,daily,,True,337.490985485103,,3206.158,3445.275,375.444,,,,286.4743711767051,354.8657326892524,3079.546034994673,True,-51.01661430839789,,,337.490985485103,-3.9490245023896864,
MPM-45,M,2026-08-26,daily,,True,348.23438438438467,,3228.444,3447.525,374.817,,,,286.4743711767051,354.8657326892524,3080.247469875375,True,-61.76001320767955,,,348.23438438438467,-4.590339188928938,
MPM-45,M,2026-08-27,daily,,True,350.6410120845925,,3174.555,3440.234,391.258,,,,286.4743711767051,354.8657326892524,3077.973912531242,True,-64.16664090788737,,,350.6410120845925,-3.0423504229335374,
MPM-45,M,2026-08-28,daily,,True,352.55976833976837,,3159.108,3439.502,395.902,,,,286.4743711767051,354.8657326892524,3077.74555710548,True,-66.08539716306325,,,352.55976833976837,-2.5754878558922334,
MPM-45,M,2026-08-29,daily,,True,352.0700804681785,,3172.754,3438.914,397.72,,,,286.4743711767051,354.8657326892524,3077.562111441701,True,-65.59570929147338,,,352.0700804681785,-3.0002921297490825,
MPM-45,M,2026-08-30,daily,,True,356.3293577981651,,3185.47,3438.89,397.888,,,,286.4743711767051,354.8657326892524,3077.554623624793,True,-69.85498662146,,,356.3293577981651,-3.387737959397108,
MPM-45,M,2026-08-31,daily,,True,355.6347758887171,,3230.35,3438.587,403.672,,,,286.4743711767051,354.8657326892524,3077.4600883253684,True,-69.160404712012,,,355.6347758887171,-4.732920942765695,
MPM-45,M,2026-09-01,daily,,True,354.76778471138886,,3226.77,3440.407,397.974,,,,286.4743711767051,354.8657326892524,3078.027879233388,True,-68.29341353468374,,,354.76778471138886,-4.609628847628189,
MPM-45,M,2026-09-02,daily,,True,355.93125487139514,,3207.438,3440.955,396.446,,,,286.4743711767051,354.8657326892524,3078.19881936047,True,-69.45688369469002,,,355.93125487139514,-4.029358654462845,
MPM-45,M,2026-09-03,daily,,True,355.12779966235286,,3215.903,3442.671,394.401,,,,286.4743711767051,354.8657326892524,3078.7340359100367,True,-68.65342848564774,,,355.12779966235286,-4.26533275692591,
MPM-45,M,2026-09-04,daily,,True,358.12560553633193,,3180.175,3441.633,401.728,,,,286.4743711767051,354.8657326892524,3078.4102974715,True,-71.65123435962681,,,358.12560553633193,-3.199971779178823,
MPM-45,M,2026-09-05,daily,,True,356.7257207461843,,3180.953,3439.597,401.636,,,,286.4743711767051,354.8657326892524,3077.7751943807066,True,-70.2513495694792,,,356.7257207461843,-3.2436130184662737,
MPM-45,M,2026-09-06,daily,,True,352.4029642058162,,3193.755,3440.445,394.933,,,,286.4743711767051,354.8657326892524,3078.03973306078,True,-65.92859302911108,,,352.4029642058162,-3.623172940291919,
MPM-45,M,2026-09-07,daily,,True,349.47336986301406,,3199.55,3439.963,389.217,,,,286.4743711767051,354.8657326892524,3077.889373140554,True,-62.99899868630894,,,349.47336986301406,-3.8024293059788383,
MPM-60,M,2026-08-14,test,-3605168,True,398.76,827.0927,4727.545,3439.858,399.396,0.5015761264970098,217.2485623437373,1659.4163,429.75047095741274,1105.6117121082777,4956.776182836754,True,30.990470957412754,278.5190121082777,33.674461412641854,,4.848841900748768,
MPM-60,M,2026-09-07,test,-3621165,True,398.47,901.1328,4688.505,3430.051,407.327,0.37488377048948335,200.2392988025738,1441.5444,429.75047095741274,1105.6117121082777,4951.790960394588,True,31.280470957412717,204.47891210827777,22.691318317153453,,5.615563178339111,
MPM-62,M,2026-07-05,test,-3579024,False,705.59,650.721,5863.9106,3020.443,398.882,0.47011813533203717,240.52412631527184,1228.0492,746.2701184481831,577.3578266392035,4456.744358227145,False,40.680118448183066,-73.36317336079651,-11.274136436475313,,-23.997061649828954,
MPM-62,M,2026-08-14,test,-3605170,True,490.4,1386.65,4381.828,3439.492,408.223,0.5167569447566395,192.61781992572026,2869.467,660.5720262177082,725.9717210277048,4750.211736587229,False,170.1720262177082,-660.6782789722953,-47.645640859070085,,8.407078885506891,
MPM-62,M,2026-07-02,daily,,False,1078.3774451097802,,1995.694,1132.574,368.385,,,,,,,,,,,1078.3774451097802,,ValueError: well cannot lift at max suction pressure
MPM-62,M,2026-07-03,daily,,False,726.6832442575438,,4339.8901,1994.807,377.679,,,,978.7358785655566,97.04521214575523,3647.603679853422,False,252.05263430801278,,,726.6832442575438,-15.951703941686857,
MPM-62,M,2026-07-04,daily,,False,689.7241006243903,,5482.5449,3078.546,395.048,,,,730.8005774978208,605.3181077171237,4500.939562361276,False,41.076476873430465,,,689.7241006243903,-17.904191493967037,
MPM-62,M,2026-07-05,daily,,False,705.5864164489117,,5863.9106,3020.443,395.73,,,,744.0942135975955,581.3208304434895,4458.3733264528955,False,38.507797148683835,,,705.5864164489117,-23.969282095588305,
MPM-62,M,2026-07-06,daily,,False,1115.390099009901,,5938.0957,2947.934,394.528,,,,759.9135042804011,552.2837302105811,4405.418667923515,False,-355.4765947294999,,,1115.390099009901,-25.81091833997361,
MPM-62,M,2026-07-07,daily,,False,1288.2158052434454,,5436.853,2175.634,380.4,,,,931.7497551650674,203.22049195442918,3804.2751998348026,False,-356.466050078378,,,1288.2158052434454,-30.02799229931722,
MPM-62,M,2026-08-03,daily,,False,1530.1928571428566,,1763.778,1157.782,251.049,,,,,,,,,,,1530.1928571428566,,ValueError: well cannot lift at max suction pressure
MPM-62,M,2026-08-10,daily,,False,898.4982122905049,,3418.184,2148.46,331.856,,,,902.9161455542256,266.0949655988881,3807.7632255623494,False,4.4179332637207835,,,898.4982122905049,11.397257302776831,
MPM-62,M,2026-08-11,daily,,True,767.384034090908,,3799.169,2545.082,343.792,,,,815.2466293660051,446.6086023221766,4126.118459280282,False,47.86259527509708,,,767.384034090908,8.605815094834735,
MPM-62,M,2026-08-12,daily,,True,587.304648390942,,4094.63,2924.109,389.46,,,,761.6715972177789,549.0244151950595,4390.486140536332,False,174.36694882683685,,,587.304648390942,7.225467027212029,
MPM-62,M,2026-08-13,daily,,True,520.0109513274328,,4346.755,3318.615,381.764,,,,668.5954998945463,712.7081022498223,4679.680064848284,False,148.58454856711342,,,520.0109513274328,7.659163326395979,
MPM-62,M,2026-08-14,daily,,True,490.39537792278355,,4381.828,3439.492,389.186,,,,647.1732715857371,747.821705226306,4760.656220767077,False,156.77789366295355,,,490.39537792278355,8.645437948889745,
MPM-62,M,2026-08-15,daily,,True,468.8442631865147,,4390.883,3437.302,384.717,,,,644.4618296018238,752.1977995171217,4761.640491070314,False,175.61756641530906,,,468.8442631865147,8.44380255794368,
MPM-62,M,2026-08-16,daily,,True,451.7396790260106,,4389.759,3437.434,390.785,,,,648.0734847858372,746.3654258452699,4758.863852617065,False,196.3338057598266,,,451.7396790260106,8.408317008224486,
MPM-62,M,2026-08-17,daily,,True,439.2252960172236,,4401.419,3437.046,395.805,,,,651.9494091604457,740.0760061780034,4755.621212618043,False,212.7241131432221,,,439.2252960172236,8.047454982541824,
MPM-62,M,2026-08-18,daily,,True,432.32002118644044,,4384.921,3435.716,391.691,,,,649.172767546387,744.5848169871748,4757.094799295366,False,216.8527463599466,,,432.32002118644044,8.487582770484714,
MPM-62,M,2026-08-19,daily,,True,426.0475103734443,,4378.652,3435.861,398.19,,,,654.0154213154697,736.710700774113,4753.383212762558,False,227.96791094202536,,,426.0475103734443,8.558141016060606,
MPM-62,M,2026-08-20,daily,,True,421.27122665320434,,4380.922,3436.01,393.4,,,,650.3909167120285,742.6087235196783,4756.294544597918,False,229.11969005882412,,,421.27122665320434,8.568345763698094,
MPM-62,M,2026-08-21,daily,,True,419.0310413552558,,4390.776,3436.696,390.792,,,,648.2567853528943,746.0686923532074,4758.330814286941,False,229.22574399763852,,,419.0310413552558,8.37106730762265,
MPM-62,M,2026-08-22,daily,,True,415.78863858961796,,4401.027,3436.873,390.942,,,,648.327667029853,745.9539277669708,4758.368413377727,False,232.53902844023509,,,415.78863858961796,8.119500593332575,
MPM-62,M,2026-08-23,daily,,True,412.6548512920528,,4382.37,3437.169,388.501,,,,647.1982865025252,747.7812613164036,4759.412526784725,False,234.5434352104724,,,412.6548512920528,8.603621483004066,
MPM-62,M,2026-08-24,daily,,True,408.719268292683,,4384.741,3437.448,389.791,,,,648.0574501288997,746.3913799841511,4758.883834238426,False,239.33818183621673,,,408.719268292683,8.532837726069253,
MPM-62,M,2026-08-25,daily,,True,406.7889709502711,,4375.119,3435.208,382.535,,,,643.3609909912337,753.9701034448703,4761.408178462202,False,236.57202004096263,,,406.7889709502711,8.829226781310462,
MPM-62,M,2026-08-26,daily,,True,405.5321446018565,,4386.687,3437.611,381.889,,,,642.3639390022583,755.5731325453079,4763.4634721829325,False,236.83179440040186,,,405.5321446018565,8.589089492433178,
MPM-62,M,2026-08-27,daily,,True,404.39947115384643,,4380.088,3431.307,396.651,,,,653.9524404095704,736.8134213495107,4751.0286578082605,False,249.55296925572395,,,404.39947115384643,8.468794640844223,
MPM-62,M,2026-08-28,daily,,True,402.8097762645915,,4394.224,3430.695,401.056,,,,657.370040234702,731.227421980177,4748.045453026239,False,254.56026397011044,,,402.8097762645915,8.051966695968126,
MPM-62,M,2026-08-29,daily,,True,404.4853717026381,,4377.2,3430.238,402.881,,,,658.8251562156604,728.8416647674862,4746.675028203172,False,254.33978451302232,,,404.4853717026381,8.440898935464958,
MPM-62,M,2026-08-30,daily,,True,403.13746397694524,,4353.682,3430.368,403.764,,,,659.4445782051462,727.824741230866,4746.263792568154,False,256.30711422820093,,,403.13746397694524,9.017236274219243,
MPM-62,M,2026-08-31,daily,,True,401.08414985590707,,4357.633,3429.928,408.725,,,,663.1804730382971,721.6744323369962,4743.144584343453,False,262.09632318239005,,,401.08414985590707,8.846811659987264,
MPM-62,M,2026-09-01,daily,,True,398.3866828087163,,4362.398,3431.448,403.569,,,,659.0465776278802,728.4782425981099,4747.14283509843,False,260.6598948191639,,,398.3866828087163,8.819572058726166,
MPM-62,M,2026-09-02,daily,,True,394.22952243125906,,4359.538,3432.171,402.409,,,,658.020785921814,730.1610283546694,4748.320105642305,False,263.7912634905549,,,394.22952243125906,8.917965748717084,
MPM-62,M,2026-09-03,daily,,True,391.1626020163222,,4375.543,3433.822,408.706,,,,662.255473742168,723.1999484308284,4745.916674959798,False,271.0928717258458,,,391.1626020163222,8.464633417150713,
MPM-62,M,2026-09-04,daily,,True,387.6188496858385,,4392.693,3432.713,406.838,,,,661.1496139794599,725.0213974524331,4746.184241703952,False,273.5307642936214,,,387.6188496858385,8.047255788281849,
MPM-62,M,2026-09-05,daily,,True,384.5604842615015,,4375.327,3430.862,406.891,,,,661.6226787676007,724.2425302063776,4744.840397690759,False,277.0621945060993,,,384.5604842615015,8.445389286120996,
MPM-62,M,2026-09-06,daily,,True,379.7997582205033,,4373.817,3431.808,399.457,,,,655.9216280967878,733.5977993006657,4749.759146266382,False,276.1218698762845,,,379.7997582205033,8.595287508974025,
MPM-62,M,2026-09-07,daily,,True,374.5439357038482,,4375.267,3431.089,401.937,,,,657.9279470661891,730.3132198146179,4747.820520316676,False,283.38401136234086,,,374.5439357038482,8.514989378172277,
MPM-64,M,2026-07-12,test,-3583879,False,373.12,974.0342,4971.828,3434.45,398.921,0.4135612039683534,207.63439312500526,1660.9307,429.4320062101426,1207.5664214711107,4925.090016356365,True,56.31200621014261,233.5322214711107,23.97577225431209,,-0.9400563262372708,
MPM-64,M,2026-08-17,test,-3607183,True,376.21,1195.766,5158.617,3427.457,410.041,0.16004074178139926,170.6855689156574,1423.6,429.4320062101426,1207.5664214711107,4921.532658830528,True,53.22200621014264,11.800421471110667,0.9868503930627437,,-4.595889579890744,
MPM-64,M,2026-06-10,daily,,False,373.0029771398193,,4873.715,3425.793,395.583,,,,429.4320062101426,1207.5664214711107,4920.685789156517,True,56.42902907032334,,,373.0029771398193,0.9637574038801278,
MPM-64,M,2026-06-11,daily,,False,373.6918831168831,,4839.192,3425.484,397.192,,,,429.4320062101426,1207.5664214711107,4920.52851144409,True,55.74012309325951,,,373.6918831168831,1.68078702899348,
MPM-64,M,2026-06-12,daily,,False,385.49546436285175,,4886.605,3425.263,393.163,,,,429.4320062101426,1207.5664214711107,4920.416021632914,True,43.93654184729087,,,385.49546436285175,0.6919123119817128,
MPM-64,M,2026-06-13,daily,,False,378.0322649572649,,4893.784,3428.549,387.193,,,,429.4320062101426,1207.5664214711107,4922.088335841121,True,51.39974125287773,,,378.0322649572649,0.5783732146968701,
MPM-64,M,2026-06-14,daily,,False,380.7283950617285,,4886.677,3427.334,387.182,,,,429.4320062101426,1207.5664214711107,4921.470064805435,True,48.7036111484141,,,380.7283950617285,0.7119984563218607,
MPM-64,M,2026-06-15,daily,,False,385.1053620784965,,4866.468,3427.09,394.763,,,,429.4320062101426,1207.5664214711107,4921.345892127836,True,44.326644131646106,,,385.1053620784965,1.1276739542484648,
MPM-64,M,2026-06-16,daily,,False,389.4972282608699,,4912.87,3425.153,410.725,,,,429.4320062101426,1207.5664214711107,4920.360030246035,True,39.9347779492727,,,389.4972282608699,0.15245732628861308,
MPM-64,M,2026-06-17,daily,,False,387.39925571504557,,4946.903,3423.187,418.098,,,,429.4320062101426,1207.5664214711107,4919.359201227969,True,42.03275049509705,,,387.39925571504557,-0.5567887377624259,
MPM-64,M,2026-06-18,daily,,False,384.22655579399174,,4895.215,3423.569,398.683,,,,429.4320062101426,1207.5664214711107,4919.55368180747,True,45.20545041615088,,,384.22655579399174,0.49719331648292453,
MPM-64,M,2026-06-19,daily,,False,413.8639650145772,,4938.185,3423.766,401.567,,,,429.4320062101426,1207.5664214711107,4919.653973684415,True,15.5680411955654,,,413.8639650145772,-0.37525986401046874,
MPM-64,M,2026-06-20,daily,,False,422.5000000000003,,4963.247,3423.246,399.358,,,,429.4320062101426,1207.5664214711107,4919.389239319267,True,6.932006210142333,,,422.5000000000003,-0.8836505755351887,
MPM-64,M,2026-06-21,daily,,False,425.5322033898304,,4967.53,3423.684,397.05,,,,429.4320062101426,1207.5664214711107,4919.612228081761,True,3.8998028203122317,,,425.5322033898304,-0.9646196785573324,
MPM-64,M,2026-06-22,daily,,False,419.9516384180791,,4943.877,3423.633,401.736,,,,429.4320062101426,1207.5664214711107,4919.586264170037,True,9.480367792063532,,,419.9516384180791,-0.4913296959039082,
MPM-64,M,2026-06-23,daily,,False,453.2895522388064,,4937.062,3423.51,401.553,,,,429.4320062101426,1207.5664214711107,4919.523644745923,True,-23.857546028663762,,,453.2895522388064,-0.35523870784035516,
MPM-64,M,2026-06-24,daily,,False,386.3942367601252,,4942.63,3399.271,392.33,,,,429.4320062101426,1207.5664214711107,4907.167551860662,True,43.037769450017436,,,386.3942367601252,-0.7174813437246685,
MPM-64,M,2026-06-25,daily,,False,381.71951219512226,,4961.259,3423.192,390.035,,,,429.4320062101426,1207.5664214711107,4919.361746836222,True,47.712494015020354,,,381.71951219512226,-0.8444883277365367,
MPM-64,M,2026-06-26,daily,,False,378.0308792372889,,4971.678,3422.544,388.393,,,,429.4320062101426,1207.5664214711107,4919.031824747982,True,51.40112697285372,,,378.0308792372889,-1.0589216608963392,
MPM-64,M,2026-06-27,daily,,False,378.1946825827455,,4937.073,3422.61,392.339,,,,429.4320062101426,1207.5664214711107,4919.065428961632,True,51.23732362739713,,,378.1946825827455,-0.3647418427551674,
MPM-64,M,2026-06-28,daily,,False,379.3242309767942,,4927.155,3423.4,399.013,,,,429.4320062101426,1207.5664214711107,4919.467642942495,True,50.107775233348434,,,379.3242309767942,-0.15602019943566914,
MPM-64,M,2026-06-29,daily,,False,378.59989077007134,,4940.929,3422.43,397.694,,,,429.4320062101426,1207.5664214711107,4918.973780551675,True,50.83211544007128,,,378.59989077007134,-0.4443540769018317,
MPM-64,M,2026-06-30,daily,,False,376.70573248407646,,4962.308,3425.586,393.124,,,,429.4320062101426,1207.5664214711107,4920.580428928925,True,52.726273726066154,,,376.70573248407646,-0.8408903895339548,
MPM-64,M,2026-07-01,daily,,False,373.5753246753248,,4962.797,3425.338,392.479,,,,429.4320062101426,1207.5664214711107,4920.454197203862,True,55.856681534817824,,,373.5753246753248,-0.8532044086457136,
MPM-64,M,2026-07-02,daily,,False,369.4453255963897,,4947.463,3430.609,375.566,,,,429.4320062101426,1207.5664214711107,4923.136415877588,True,59.986680613752924,,,369.4453255963897,-0.4916981516064345,
MPM-64,M,2026-07-03,daily,,False,372.5506834402442,,4944.4165,3427.629,381.895,,,,429.4320062101426,1207.5664214711107,4921.6201873176215,True,56.88132276989842,,,372.5506834402442,-0.46105162626123297,
MPM-64,M,2026-07-04,daily,,False,373.9405346393326,,4940.2129,3422.291,391.6,,,,429.4320062101426,1207.5664214711107,4918.903006414538,True,55.491471570810006,,,373.9405346393326,-0.4313557738667928,
MPM-64,M,2026-07-05,daily,,False,374.14656114536587,,4937.3408,3422.649,389.317,,,,429.4320062101426,1207.5664214711107,4919.0852858863045,True,55.28544506477675,,,374.14656114536587,-0.36974385308171653,
MPM-64,M,2026-07-06,daily,,False,372.6612938563035,,4954.1641,3421.867,391.581,,,,429.4320062101426,1207.5664214711107,4918.687113386136,True,56.770712353839144,,,372.6612938563035,-0.716104390120309,
MPM-64,M,2026-07-07,daily,,False,373.98883468834634,,4970.917,3421.277,384.483,,,,429.4320062101426,1207.5664214711107,4918.386680028928,True,55.44317152179627,,,373.98883468834634,-1.0567531095585059,
MPM-64,M,2026-07-08,daily,,False,370.9062125340604,,4985.819,3425.689,382.365,,,,429.4320062101426,1207.5664214711107,4920.632854838624,True,58.52579367608223,,,370.9062125340604,-1.3074310391407495,
MPM-64,M,2026-07-09,daily,,False,368.8759694156198,,4975.597,3426.783,378.747,,,,429.4320062101426,1207.5664214711107,4921.189653907013,True,60.55603679452281,,,368.8759694156198,-1.0934837787904939,
MPM-64,M,2026-07-10,daily,,False,368.35364640883955,,4985.465,3430.536,379.34,,,,429.4320062101426,1207.5664214711107,4923.099279088282,True,61.078359801303066,,,368.35364640883955,-1.2509509325954182,
MPM-64,M,2026-07-11,daily,,False,372.40785515320374,,4981.675,3431.05,380.388,,,,429.4320062101426,1207.5664214711107,4923.360756672599,True,57.02415105693888,,,372.40785515320374,-1.1705750240110335,
MPM-64,M,2026-07-12,daily,,False,373.1177025527199,,4971.828,3434.45,394.077,,,,429.4320062101426,1207.5664214711107,4925.090016356365,True,56.31430365742273,,,373.1177025527199,-0.9400563262372708,
MPM-64,M,2026-07-13,daily,,False,372.6937227074229,,4960.302,3431.217,392.13,,,,429.4320062101426,1207.5664214711107,4923.445708386498,True,56.738283502719696,,,372.6937227074229,-0.7430251547889899,
MPM-64,M,2026-07-14,daily,,False,372.705365853659,,4998.298,3429.264,388.064,,,,429.4320062101426,1207.5664214711107,4922.452137126681,True,56.72664035648364,,,372.705365853659,-1.5174337919291458,
MPM-64,M,2026-07-15,daily,,False,375.6002723311546,,5014.578,3430.256,385.54,,,,429.4320062101426,1207.5664214711107,4922.9568339442,True,53.83173387898802,,,375.6002723311546,-1.8270962393206358,
MPM-64,M,2026-07-16,daily,,False,376.74139433551244,,4991.857,3429.766,390.938,,,,429.4320062101426,1207.5664214711107,4922.707544769809,True,52.69061187463018,,,376.74139433551244,-1.385245114797784,
MPM-64,M,2026-07-17,daily,,False,377.44876741693474,,5005.614,3429.523,391.844,,,,429.4320062101426,1207.5664214711107,4922.583912886744,True,51.983238793207875,,,377.44876741693474,-1.6587393097681091,
MPM-64,M,2026-07-18,daily,,False,377.37754886423687,,4991.19,3429.711,391.626,,,,429.4320062101426,1207.5664214711107,4922.679562523652,True,52.054457345905746,,,377.37754886423687,-1.3726273188627958,
MPM-64,M,2026-07-19,daily,,False,377.59236479321385,,4998.522,3430.041,387.632,,,,429.4320062101426,1207.5664214711107,4922.847453553647,True,51.83964141692877,,,377.59236479321385,-1.5139384491326235,
MPM-64,M,2026-07-20,daily,,False,376.0382092660076,,5000.266,3429.714,385.365,,,,429.4320062101426,1207.5664214711107,4922.681088832193,True,53.39379694413503,,,376.0382092660076,-1.551615677402085,
MPM-64,M,2026-07-21,daily,,False,378.6622348680812,,4957.275,3428.452,379.356,,,,429.4320062101426,1207.5664214711107,4922.038978856932,True,50.769771342061404,,,378.6622348680812,-0.7107941589495792,
MPM-64,M,2026-07-22,daily,,False,376.78757120662885,,4979.22,3428.972,382.808,,,,429.4320062101426,1207.5664214711107,4922.303567065906,True,52.64443500351376,,,376.78757120662885,-1.1430792962370595,
MPM-64,M,2026-07-23,daily,,False,377.65843495935,,4996.032,3429.206,378.824,,,,429.4320062101426,1207.5664214711107,4922.422627001185,True,51.7735712507926,,,377.65843495935,-1.4733567158660144,
MPM-64,M,2026-07-24,daily,,False,881.3349336057196,,4989.881,3430.322,381.404,,,,429.4320062101426,1207.5664214711107,4922.990410680361,True,-451.90292739557697,,,881.3349336057196,-1.3405247403623366,
MPM-64,M,2026-07-26,daily,,False,433.3495287958116,,2895.415,1944.767,323.779,,,,600.8513742091436,266.2859032394177,3862.7306843409206,False,167.50184541333203,,,433.3495287958116,33.408533296295026,
MPM-64,M,2026-07-27,daily,,False,391.8243940175347,,5096.46,3434.114,401.403,,,,429.4320062101426,1207.5664214711107,4924.919152541261,True,37.60761219260792,,,391.8243940175347,-3.3658823469376653,
MPM-64,M,2026-07-28,daily,,False,379.72711518858284,,5104.418,3433.641,389.115,,,,429.4320062101426,1207.5664214711107,4924.678610735374,True,49.704891021559774,,,379.72711518858284,-3.5212513799737,
MPM-64,M,2026-07-29,daily,,False,380.68365287588387,,5131.561,3437.677,378.904,,,,429.4320062101426,1207.5664214711107,4926.730711427905,True,48.74835333425875,,,380.68365287588387,-3.9915785581053242,
MPM-64,M,2026-07-30,daily,,False,378.7105081401092,,5164.406,3437.348,379.299,,,,429.4320062101426,1207.5664214711107,4926.563464483626,True,50.72149807003342,,,378.7105081401092,-4.605419006878497,
MPM-64,M,2026-07-31,daily,,False,378.6553677932407,,5176.503,3437.541,374.773,,,,429.4320062101426,1207.5664214711107,4926.661576619,True,50.7766384169019,,,378.6553677932407,-4.826451822417566,
MPM-64,M,2026-08-01,daily,,False,379.69274939172755,,5156.879,3437.596,373.071,,,,429.4320062101426,1207.5664214711107,4926.689535668906,True,49.73925681841507,,,379.69274939172755,-4.463735998674667,
MPM-64,M,2026-08-02,daily,,False,427.7868225898461,,5185.708,3438.756,376.704,,,,429.4320062101426,1207.5664214711107,4927.279179541909,True,1.6451836202965069,,,427.7868225898461,-4.983481917186438,
MPM-64,M,2026-08-03,daily,,False,894.5493440968714,,4795.898,3174.227,368.856,,,,429.4320062101426,1207.5664214711107,4790.88893618366,True,-465.1173378867288,,,894.5493440968714,-0.10444475291885302,
MPM-64,M,2026-08-10,daily,,False,471.63585831062625,,5037.74,3418.808,338.267,,,,429.4320062101426,1207.5664214711107,4917.129238581787,True,-42.20385210048363,,,471.63585831062625,-2.3941442277333302,
MPM-64,M,2026-08-11,daily,,True,420.748882978724,,5036.449,3352.774,344.281,,,,429.4320062101426,1207.5664214711107,4883.375461866968,True,8.68312323141862,,,420.748882978724,-3.039314765880319,
MPM-64,M,2026-08-12,daily,,True,400.2106673673154,,5061.734,3402.095,379.024,,,,429.4320062101426,1207.5664214711107,4908.608758069905,True,29.22133884282721,,,400.2106673673154,-3.025153868814434,
MPM-64,M,2026-08-13,daily,,True,384.8299575821844,,5100.247,3428.448,376.622,,,,429.4320062101426,1207.5664214711107,4922.03694350648,True,44.6020486279582,,,384.8299575821844,-3.494145606938648,
MPM-64,M,2026-08-14,daily,,True,380.21730048205706,,5125.27,3428.921,381.802,,,,429.4320062101426,1207.5664214711107,4922.277617713639,True,49.21470572808556,,,380.21730048205706,-3.9606183144763274,
MPM-64,M,2026-08-15,daily,,True,374.7952229299363,,5135.793,3427.038,380.055,,,,429.4320062101426,1207.5664214711107,4921.319428682817,True,54.636783280206316,,,374.7952229299363,-4.176055602653439,
MPM-64,M,2026-08-16,daily,,True,380.1895822029305,,5162.101,3427.652,385.412,,,,429.4320062101426,1207.5664214711107,4921.631891587319,True,49.242424007212094,,,380.1895822029305,-4.658357293138604,
MPM-64,M,2026-08-17,daily,,True,376.2121436114045,,5158.617,3427.457,402.489,,,,429.4320062101426,1207.5664214711107,4921.532658830528,True,53.21986259873813,,,376.2121436114045,-4.595889579890744,
MPM-64,M,2026-08-18,daily,,True,371.75623313545617,,5145.819,3425.647,387.961,,,,429.4320062101426,1207.5664214711107,4920.611477352382,True,57.67577307468645,,,371.75623313545617,-4.37651465486093,
MPM-64,M,2026-08-19,daily,,True,374.5324750394116,,5137.665,3425.615,394.403,,,,429.4320062101426,1207.5664214711107,4920.595189679885,True,54.899531170730995,,,374.5324750394116,-4.225067424990048,
MPM-64,M,2026-08-20,daily,,True,375.0224403183025,,5137.962,3425.816,397.893,,,,429.4320062101426,1207.5664214711107,4920.697495705651,True,54.409565891840145,,,375.0224403183025,-4.228612517849484,
MPM-64,M,2026-08-21,daily,,True,372.41706286317986,,5130.922,3426.354,395.925,,,,429.4320062101426,1207.5664214711107,4920.971319011531,True,57.01494334696275,,,372.41706286317986,-4.091870447230905,
MPM-64,M,2026-08-22,daily,,True,369.64836636314936,,5152.061,3426.709,395.762,,,,429.4320062101426,1207.5664214711107,4921.151993118931,True,59.78363984699325,,,369.64836636314936,-4.481876415692055,
MPM-64,M,2026-08-23,daily,,True,364.8662072485962,,5135.249,3426.908,393.484,,,,429.4320062101426,1207.5664214711107,4921.253269431746,True,64.56579896154642,,,364.8662072485962,-4.16719287746814,
MPM-64,M,2026-08-24,daily,,True,362.43734567901123,,5123.737,3426.941,386.565,,,,429.4320062101426,1207.5664214711107,4921.2700637895605,True,66.99466053113139,,,362.43734567901123,-3.951548180760245,
MPM-64,M,2026-08-25,daily,,True,358.3044559585496,,5206.431,3424.871,379.24,,,,429.4320062101426,1207.5664214711107,4920.216485705534,True,71.127550251593,,,358.3044559585496,-5.497326561985849,
MPM-64,M,2026-08-26,daily,,True,362.05110294117605,,5224.596,3427.478,378.43,,,,429.4320062101426,1207.5664214711107,4921.543345533701,True,67.38090326896656,,,362.05110294117605,-5.800499301119144,
MPM-64,M,2026-08-27,daily,,True,362.58552562070787,,5211.402,3421.862,392.834,,,,429.4320062101426,1207.5664214711107,4918.684567419805,True,66.84648058943475,,,362.58552562070787,-5.616865338352239,
MPM-64,M,2026-08-28,daily,,True,363.9831567796614,,5210.987,3421.209,397.18,,,,429.4320062101426,1207.5664214711107,4918.352052601886,True,65.44884943048123,,,363.9831567796614,-5.615729753271593,
MPM-64,M,2026-08-29,daily,,True,363.5622093023258,,5214.701,3420.707,399.085,,,,429.4320062101426,1207.5664214711107,4918.096412977608,True,65.8697969078168,,,363.5622093023258,-5.687854145854033,
MPM-64,M,2026-08-30,daily,,True,365.0218582169709,,5203.474,3420.734,400.18,,,,429.4320062101426,1207.5664214711107,4918.1101628659235,True,64.41014799317173,,,365.0218582169709,-5.484102296544124,
MPM-64,M,2026-08-31,daily,,True,364.3112179487177,,5209.604,3420.506,404.374,,,,429.4320062101426,1207.5664214711107,4917.994051458711,True,65.12078826142493,,,364.3112179487177,-5.597545390039049,
MPM-64,M,2026-09-01,daily,,True,362.7707667731633,,5209.221,3421.913,399.369,,,,429.4320062101426,1207.5664214711107,4918.710536212973,True,66.66123943697932,,,362.7707667731633,-5.576850430938263,
MPM-64,M,2026-09-02,daily,,True,363.2261841405004,,5206.166,3422.488,398.416,,,,429.4320062101426,1207.5664214711107,4919.003311897222,True,66.20582206964224,,,363.2261841405004,-5.515818898259828,
MPM-64,M,2026-09-03,daily,,True,366.4699061292106,,5189.126,3423.719,399.872,,,,429.4320062101426,1207.5664214711107,4919.630046371236,True,62.96210008093203,,,366.4699061292106,-5.193474847763657,
MPM-64,M,2026-09-04,daily,,True,363.0927856766715,,5208.624,3422.9,405.914,,,,429.4320062101426,1207.5664214711107,4919.21308104988,True,66.33922053347112,,,363.0927856766715,-5.556379553412183,
MPM-64,M,2026-09-05,daily,,True,362.1663650878126,,5203.275,3421.186,403.499,,,,429.4320062101426,1207.5664214711107,4918.340340327328,True,67.26564112233001,,,362.1663650878126,-5.476063818896215,
MPM-64,M,2026-09-06,daily,,True,360.4557097118455,,5214.599,3421.923,396.568,,,,429.4320062101426,1207.5664214711107,4918.715628116713,True,68.97629649829713,,,360.4557097118455,-5.674134710709056,
MPM-64,M,2026-09-07,daily,,True,360.15554359526396,,5211.694,3421.419,391.942,,,,429.4320062101426,1207.5664214711107,4918.458989438037,True,69.27646261487865,,,360.15554359526396,-5.626481726708499,
MPS-204,S,2026-08-01,test,-3596186,False,999.0,365.1783,2862.677,3336.694,273.717,0.721681273043923,687.4499388380964,1312.0867,846.6724026054583,652.6061362453586,2924.946301973967,True,-152.32759739454173,287.4278362453586,78.70890363566471,,2.175212291640549,
MPS-204,S,2026-07-30,daily,,False,886.9877,,769.6302,1143.498,221.486,,,,979.0331423208452,551.255685635248,1857.5099137443192,False,92.04544232084515,,,886.9877,141.35096488473548,
MPS-204,S,2026-07-31,daily,,False,999.0,,1719.635,1505.878,224.428,,,,887.6636763121484,622.517429478555,2130.3857360422567,False,-111.33632368785163,,,999.0,23.885925562241784,
MPS-204,S,2026-08-01,daily,,False,999.0,,2862.677,3336.694,259.156,,,,846.6724026054583,652.6061362453586,2924.946301973967,True,-152.32759739454173,,,999.0,2.175212291640549,
MPS-204,S,2026-08-02,daily,,False,999.0,,2883.185,3408.549,232.241,,,,846.6724026054583,652.6061362453586,2949.306600473487,True,-152.32759739454173,,,999.0,2.293352680229921,
MPS-204,S,2026-08-11,daily,,False,905.7780333333334,,2717.502,2807.944,242.521,,,,846.6724026054583,652.6061362453586,2738.8639407932383,True,-59.10563072787511,,,905.7780333333334,0.7860873991348827,
MPS-204,S,2026-08-12,daily,,False,905.2315,,2874.934,3090.591,241.404,,,,846.6724026054583,652.6061362453586,2839.888938737359,True,-58.55909739454171,,,905.2315,-1.2189866363068291,
MPS-204,S,2026-08-13,daily,,False,905.2735499999999,,2868.737,3124.959,242.242,,,,846.6724026054583,652.6061362453586,2851.923254530075,True,-58.60114739454161,,,905.2735499999999,-0.5861027159312582,
MPS-204,S,2026-08-14,daily,,False,905.1582666666667,,2879.775,3232.316,241.705,,,,846.6724026054583,652.6061362453586,2889.1848459152193,True,-58.48586406120842,,,905.1582666666667,0.32675628878016116,
MPS-204,S,2026-08-15,daily,,False,905.1203,,2876.431,3239.99,243.426,,,,846.6724026054583,652.6061362453586,2891.8295113364006,True,-58.44789739454177,,,905.1203,0.5353339376609645,
MPS-204,S,2026-08-16,daily,,False,905.1166833333333,,2877.048,3234.412,239.753,,,,846.6724026054583,652.6061362453586,2889.9074297046063,True,-58.444280727875025,,,905.1166833333333,0.4469661161234262,
MPS-204,S,2026-08-17,daily,,False,905.1112499999999,,2878.869,3247.095,247.007,,,,846.6724026054583,652.6061362453586,2894.2758763739603,True,-58.438847394541654,,,905.1112499999999,0.5351711513778445,
MPS-204,S,2026-08-18,daily,,False,905.1157833333333,,2877.933,3221.669,242.8,,,,846.6724026054583,652.6061362453586,2885.511491476754,True,-58.443380727875024,,,905.1157833333333,0.26333106006131146,
MPS-204,S,2026-08-19,daily,,False,905.0877333333333,,1999.7,2216.375,228.865,,,,846.6724026054583,652.6061362453586,2514.0130783299587,True,-58.415330727875016,,,905.0877333333333,25.719511843274432,
MPS-67,S,2026-06-24,test,-3571765,False,920.28,715.8113,4474.112,3389.18,343.223,0.6401072561990144,1235.166865904464,1988.9573,992.4567254880193,482.96222636897903,4807.000991696944,True,72.17672548801931,-232.84907363102093,-32.52939337937539,,7.440336578452755,
MPS-67,S,2026-06-28,test,-3572686,False,901.32,1196.808,4511.817,3428.684,341.792,0.46596724073614637,897.1773250178809,2241.076,992.4567254880193,482.96222636897903,4828.176196940761,True,91.13672548801924,-713.845773631021,-59.64580564560238,,7.011791412212887,
MPS-67,S,2026-07-09,test,-3581135,False,872.81,956.5952,4528.529,3424.454,340.1,0.5397444630730887,1098.1374357722054,2078.4002,992.4567254880193,482.96222636897903,4825.913349547707,True,119.64672548801934,-473.63297363102095,-49.5123719658034,,6.566908361362089,
MPS-67,S,2026-07-11,test,-3587797,False,869.38,622.8387,4531.376,3425.421,337.644,0.5490786986154145,1868.556016188461,1381.2581,992.4567254880193,482.96222636897903,4826.430743983382,True,123.07672548801929,-139.87647363102099,-22.457896985370528,,6.511371909622632,
MPS-67,S,2026-07-16,test,-3587798,False,863.57,542.1173,4412.035,3278.693,340.479,0.743767875945071,1875.5608795365874,2115.7273,992.4567254880193,482.96222636897903,4747.2637201369635,True,128.88672548801924,-59.15507363102097,-10.91185867542338,,7.598052149109513,
MPS-67,S,2026-06-20,daily,,False,969.5508631647651,,1934.912,1554.669,244.596,,,,1052.668937566577,453.51621810756615,3514.7258049739003,False,83.11807440181178,,,969.5508631647651,81.64783747136303,
MPS-67,S,2026-06-22,daily,,False,933.5131868518931,,4463.569,3384.897,285.658,,,,992.4567254880193,482.96222636897903,4804.699449272599,True,58.94353863612616,,,933.5131868518931,7.642549029097534,
MPS-67,S,2026-06-23,daily,,False,926.4969600720947,,4465.943,3384.598,278.346,,,,992.4567254880193,482.96222636897903,4804.538734436261,True,65.95976541592461,,,926.4969600720947,7.581729870628906,
MPS-67,S,2026-06-24,daily,,False,920.2751490796226,,4474.112,3389.18,293.548,,,,992.4567254880193,482.96222636897903,4807.000991696944,True,72.18157640839672,,,920.2751490796226,7.440336578452755,
MPS-67,S,2026-06-25,daily,,False,914.8479322987993,,4473.249,3389.232,303.498,,,,992.4567254880193,482.96222636897903,4807.028927846619,True,77.60879318922002,,,914.8479322987993,7.4616889837033185,
MPS-67,S,2026-06-26,daily,,False,909.8953183744037,,4498.02,3418.802,264.449,,,,992.4567254880193,482.96222636897903,4822.888104080052,True,82.56140711361559,,,909.8953183744037,7.222469088177719,
MPS-67,S,2026-06-27,daily,,False,905.4800730897019,,4508.05,3427.2,324.161,,,,992.4567254880193,482.96222636897903,4827.382451660027,True,86.97665239831736,,,905.4800730897019,7.083604921418951,
MPS-67,S,2026-06-28,daily,,False,901.3160295844064,,4511.817,3428.684,309.435,,,,992.4567254880193,482.96222636897903,4828.176196940761,True,91.14069590361294,,,901.3160295844064,7.011791412212887,
MPS-67,S,2026-06-29,daily,,False,897.8129389536143,,4512.662,3426.667,263.779,,,,992.4567254880193,482.96222636897903,4827.097333986447,True,94.64378653440497,,,897.8129389536143,6.967845896423142,
MPS-67,S,2026-06-30,daily,,False,894.57528774995,,4514.776,3428.295,263.184,,,,992.4567254880193,482.96222636897903,4827.968145900557,True,97.88143773806928,,,894.57528774995,6.937047284307285,
MPS-67,S,2026-07-01,daily,,False,891.2819625541593,,4514.125,3421.795,378.527,,,,992.4567254880193,482.96222636897903,4824.490355802845,True,101.17476293385994,,,891.2819625541593,6.8754267062353325,
MPS-67,S,2026-07-02,daily,,False,888.2697450384944,,4525.77,3447.657,266.18,,,,992.4567254880193,482.96222636897903,4838.312516592251,True,104.18698044952487,,,888.2697450384944,6.905841803543944,
MPS-67,S,2026-07-03,daily,,False,885.6382263930226,,4536.3755,3452.231,296.074,,,,992.4567254880193,482.96222636897903,4840.752924341556,True,106.8184990949967,,,885.6382263930226,6.7097052336508645,
MPS-67,S,2026-07-04,daily,,False,883.6568626799339,,4533.9683,3444.257,269.541,,,,992.4567254880193,482.96222636897903,4836.497666927435,True,108.79986280808544,,,883.6568626799339,6.672507324928456,
MPS-67,S,2026-07-05,daily,,False,881.1030151819353,,4520.4341,3421.326,282.269,,,,992.4567254880193,482.96222636897903,4824.23932060651,True,111.35371030608394,,,881.1030151819353,6.720708982495949,
MPS-67,S,2026-07-06,daily,,False,878.7321235109091,,4524.7437,3424.85,261.684,,,,992.4567254880193,482.96222636897903,4826.125236657031,True,113.72460197711018,,,878.7321235109091,6.660742721339785,
MPS-67,S,2026-07-07,daily,,False,876.7147617460982,,4527.052,3426.261,261.806,,,,992.4567254880193,482.96222636897903,4826.880140851884,True,115.74196374192104,,,876.7147617460982,6.623032844594756,
MPS-67,S,2026-07-08,daily,,False,874.896811111111,,4528.728,3427.109,296.163,,,,992.4567254880193,482.96222636897903,4827.333774253097,True,117.5599143769083,,,874.896811111111,6.593590391233395,
MPS-67,S,2026-07-09,daily,,False,872.8066856335054,,4528.529,3424.454,281.231,,,,992.4567254880193,482.96222636897903,4825.913349547707,True,119.65003985451392,,,872.8066856335054,6.566908361362089,
MPS-67,S,2026-07-10,daily,,False,871.4617387089862,,4531.988,3427.615,261.528,,,,992.4567254880193,482.96222636897903,4827.604435662223,True,120.99498677903307,,,871.4617387089862,6.522886549174944,
MPS-67,S,2026-07-11,daily,,False,869.3791348352818,,4531.376,3425.421,280.299,,,,992.4567254880193,482.96222636897903,4826.430743983382,True,123.07759065273751,,,869.3791348352818,6.511371909622632,
MPS-67,S,2026-07-12,daily,,False,868.357856458602,,4529.475,3420.725,259.523,,,,992.4567254880193,482.96222636897903,4823.917612034193,True,124.0988690294173,,,868.357856458602,6.50059028991643,
MPS-67,S,2026-07-13,daily,,False,867.2637491383015,,4516.616,3405.079,279.355,,,,992.4567254880193,482.96222636897903,4815.5347423398625,True,125.19297634971781,,,867.2637491383015,6.618201377754107,
MPS-67,S,2026-07-14,daily,,False,866.0187383333322,,4475.051,3349.231,259.544,,,,992.4567254880193,482.96222636897903,4785.48972799926,True,126.43798715468711,,,866.0187383333322,6.9370992196348125,
MPS-67,S,2026-07-15,daily,,False,864.8856476444272,,4433.563,3309.538,261.28,,,,992.4567254880193,482.96222636897903,4764.017871918836,True,127.5710778435921,,,864.8856476444272,7.453483167349506,
MPS-67,S,2026-07-16,daily,,False,863.5691800642393,,4412.035,3278.693,280.887,,,,992.4567254880193,482.96222636897903,4747.2637201369635,True,128.88754542378,,,863.5691800642393,7.598052149109513,
MPS-67,S,2026-07-17,daily,,False,1166.9042307692305,,4416.807,3287.539,258.946,,,,992.4567254880193,482.96222636897903,4752.074802333054,True,-174.4475052812112,,,1166.9042307692305,7.590727924789431,
MPS-67,S,2026-07-19,daily,,False,928.7064451365596,,670.0925,3182.52,228.916,,,,992.4567254880193,482.96222636897903,4694.632578309265,True,63.75028035145965,,,928.7064451365596,600.5947057024613,
MPS-67,S,2026-07-20,daily,,False,884.2312249037216,,814.8207,3230.173,254.215,,,,992.4567254880193,482.96222636897903,4720.785910449104,True,108.22550058429772,,,884.2312249037216,479.3649953234011,
MPS-67,S,2026-07-30,daily,,False,853.299514292648,,1311.544,3385.633,273.598,,,,992.4567254880193,482.96222636897903,4805.095031586966,True,139.15721119537125,,,853.299514292648,266.3693350422834,
MPS-67,S,2026-07-31,daily,,False,849.6650670913858,,4234.406,3364.895,273.532,,,,992.4567254880193,482.96222636897903,4793.936064743829,True,142.79165839663347,,,849.6650670913858,13.21389740954999,
MPS-67,S,2026-08-01,daily,,False,848.0187821762779,,4261.212,3351.972,264.056,,,,992.4567254880193,482.96222636897903,4786.968829839003,True,144.43794331174138,,,848.0187821762779,12.338199316039722,
MPS-67,S,2026-08-02,daily,,False,1155.9716,,4307.308,3387.038,272.543,,,,992.4567254880193,482.96222636897903,4805.850092802326,True,-163.5148745119808,,,1155.9716,11.57433117859985,
MPS-67,S,2026-08-10,daily,,False,908.7502536609175,,2688.074,2918.0,267.185,,,,992.4567254880193,482.96222636897903,4546.660625661095,True,83.70647182710184,,,908.7502536609175,69.14194421958231,
MPS-67,S,2026-08-11,daily,,False,876.7094572354215,,3897.188,2668.962,257.281,,,,992.4567254880193,482.96222636897903,4402.708493750242,True,115.74726825259779,,,876.7094572354215,12.971416666330748,
MPS-67,S,2026-08-12,daily,,False,860.6510261642673,,4167.75,3070.691,258.665,,,,992.4567254880193,482.96222636897903,4632.664848753138,True,131.80569932375204,,,860.6510261642673,11.15505605550089,
MPS-67,S,2026-08-13,daily,,False,851.3035127458929,,4368.302,3103.622,259.954,,,,992.4567254880193,482.96222636897903,4651.000536344455,True,141.15321274212636,,,851.3035127458929,6.471588648048043,
MPS-67,S,2026-08-14,daily,,False,845.762544386828,,4103.188,3212.219,259.93,,,,992.4567254880193,482.96222636897903,4710.949669744083,True,146.69418110119125,,,845.762544386828,14.811938174514117,
MPS-67,S,2026-08-15,daily,,False,839.7085478505132,,4141.755,3219.848,258.514,,,,992.4567254880193,482.96222636897903,4715.131841180941,True,152.74817763750605,,,839.7085478505132,13.843813580980546,
MPS-67,S,2026-08-16,daily,,False,836.9816181601523,,4156.156,3214.458,258.906,,,,992.4567254880193,482.96222636897903,4712.177469411815,True,155.47510732786702,,,836.9816181601523,13.378262736331713,
MPS-67,S,2026-08-17,daily,,False,835.2832853129619,,4197.118,3227.139,266.471,,,,992.4567254880193,482.96222636897903,4719.125181551313,True,157.1734401750574,,,835.2832853129619,12.437276758749993,
MPS-67,S,2026-08-18,daily,,False,830.4526127416517,,4238.944,3201.859,258.361,,,,992.4567254880193,482.96222636897903,4705.264295460482,True,162.00411274636758,,,830.4526127416517,11.000860012788127,
MPS-67,S,2026-08-19,daily,,False,828.3847487581119,,4259.068,3238.196,261.392,,,,992.4567254880193,482.96222636897903,4725.174606025113,True,164.07197672990742,,,828.3847487581119,10.94386391635711,
MPS-67,S,2026-08-20,daily,,False,827.3459268970189,,4302.463,3323.999,253.008,,,,992.4567254880193,482.96222636897903,4771.851969678106,True,165.1107985910004,,,827.3459268970189,10.909773533859713,
MPS-67,S,2026-08-21,daily,,False,929.3639387254902,,4314.188,3323.011,272.775,,,,992.4567254880193,482.96222636897903,4771.317149670141,True,63.092786762529045,,,929.3639387254902,10.595948754902217,
MPS-67,S,2026-08-22,daily,,False,852.1026950251884,,3229.152,2420.803,238.947,,,,992.4567254880193,482.96222636897903,4254.324425298723,True,140.3540304628309,,,852.1026950251884,31.74741930075522,
MPS-67,S,2026-08-23,daily,,False,841.2627026530008,,4354.163,3318.341,249.518,,,,992.4567254880193,482.96222636897903,4768.788374387311,True,151.19402283501847,,,841.2627026530008,9.522504655597675,
MPS-67,S,2026-08-24,daily,,False,832.7264392754772,,4090.265,3167.5,248.73,,,,992.4567254880193,482.96222636897903,4686.35824097483,True,159.73028621254207,,,832.7264392754772,14.573462623444433,
MPS-67,S,2026-08-25,daily,,False,828.6319211931358,,546.4031,3189.192,248.891,,,,992.4567254880193,482.96222636897903,4698.303324542025,True,163.8248042948835,,,828.6319211931358,759.860298109953,
MPS-67,S,2026-08-26,daily,,False,826.6650191348189,,2424.616,3186.941,245.919,,,,992.4567254880193,482.96222636897903,4697.065215637659,True,165.79170635320042,,,826.6650191348189,93.72408726320617,
MPS-67,S,2026-08-27,daily,,False,824.0277750913839,,4199.314,3173.24,262.036,,,,992.4567254880193,482.96222636897903,4689.522099874483,True,168.4289503966354,,,824.0277750913839,11.673528101839548,
MPS-67,S,2026-08-28,daily,,False,825.088530604178,,4215.269,3127.187,252.374,,,,992.4567254880193,482.96222636897903,4664.076108427534,True,167.36819488384128,,,825.088530604178,10.647175979220624,
MPS-67,S,2026-08-29,daily,,False,824.1350981245804,,4141.848,3008.421,254.066,,,,992.4567254880193,482.96222636897903,4597.789256191565,True,168.3216273634389,,,824.1350981245804,11.008160033674951,
MPS-67,S,2026-08-30,daily,,False,822.6420896261187,,4187.537,3016.586,261.576,,,,992.4567254880193,482.96222636897903,4602.37761092965,True,169.81463586190057,,,822.6420896261187,9.906553922500239,
MPS-67,S,2026-08-31,daily,,False,821.2876222834261,,4146.007,3023.978,262.477,,,,992.4567254880193,482.96222636897903,4606.527549154113,True,171.16910320459317,,,821.2876222834261,11.107568056544848,
MPS-67,S,2026-09-01,daily,,False,821.1214133056142,,4233.041,3129.207,310.381,,,,992.4567254880193,482.96222636897903,4665.195208201406,True,171.33531218240512,,,821.1214133056142,10.209072111548313,
MPS-67,S,2026-09-02,daily,,False,820.4268156151422,,4264.712,3101.933,331.694,,,,992.4567254880193,482.96222636897903,4650.061913512674,True,172.02990987287706,,,820.4268156151422,9.035778113801673,
MPS-67,S,2026-09-03,daily,,False,822.223170465117,,4269.552,3090.939,287.05,,,,992.4567254880193,482.96222636897903,4643.947513479357,True,170.23355502290224,,,822.223170465117,8.768964834702974,
MPS-67,S,2026-09-04,daily,,False,821.2055507066113,,4233.298,3081.143,277.817,,,,992.4567254880193,482.96222636897903,4638.492451939895,True,171.25117478140794,,,821.2055507066113,9.571602375733889,
MPS-67,S,2026-09-05,daily,,False,819.2584211342977,,4192.773,3098.796,278.751,,,,992.4567254880193,482.96222636897903,4648.318084123099,True,173.1983043537216,,,819.2584211342977,10.865007099671242,
MPS-67,S,2026-09-06,daily,,False,819.0627026785714,,4212.601,3107.236,285.167,,,,992.4567254880193,482.96222636897903,4653.0082836380825,True,173.39402280944785,,,819.0627026785714,10.454521651542192,
MPS-67,S,2026-09-07,daily,,False,817.460603621621,,4223.431,3106.689,292.716,,,,992.4567254880193,482.96222636897903,4652.7044562238925,True,174.9961218663983,,,817.460603621621,10.164093037719635,
